,measure_id,measure_name,location_id,location_name.x,sex_id,sex_name,age_id,age_name,cause_id,cause_name,metric_id,metric_name,year,val,upper,lower,val_pop,upper_pop,lower_pop,age_standard_pop_proportion,age_standard_pop_ratio,location_name,age_median
1,2,DALYs (Disability-Adjusted Life Years),1,Global,3,Both,10,25-29 years,302,Diarrheal diseases,1,Number,2021,1301087.96248901,1963176.5672989,916412.037709189,588343218.626762,607422118.669863,570487097.318648,7.59144,7.59,Global,27
2,2,DALYs (Disability-Adjusted Life Years),1,Global,3,Both,11,30-34 years,302,Diarrheal diseases,1,Number,2021,1240756.25663508,1832804.36336384,888397.50937495,604480174.775885,623603836.164416,586195014.793618,7.32171,7.32,Global,32
3,2,DALYs (Disability-Adjusted Life Years),1,Global,3,Both,12,35-39 years,302,Diarrheal diseases,1,Number,2021,1205562.86920114,1765001.61341157,834206.519181558,560866105.914554,578297964.608428,544251815.345755,6.82805,6.83,Global,37
4,2,DALYs (Disability-Adjusted Life Years),1,Global,3,Both,13,40-44 years,302,Diarrheal diseases,1,Number,2021,1144876.24651428,1681924.65471218,793127.302826786,500250795.605694,515432478.206861,485928430.82182,6.14735,6.15,Global,42
5,2,DALYs (Disability-Adjusted Life Years),1,Global,3,Both,14,45-49 years,302,Diarrheal diseases,1,Number,2021,1158652.6200199,1754689.10785262,788689.239069292,473504625.903218,487919674.240222,460213135.719539,5.51133,5.51,Global,47
6,2,DALYs (Disability-Adjusted Life Years),1,Global,3,Both,15,50-54 years,302,Diarrheal diseases,1,Number,2021,1285737.25602763,1969228.83518181,846161.929800439,444922982.841121,458714304.258768,432300957.286386,4.91312,4.91,Global,52
7,2,DALYs (Disability-Adjusted Life Years),1,Global,3,Both,16,55-59 years,302,Diarrheal diseases,1,Number,2021,1454914.20493891,2191440.56455769,946140.020811841,395728004,407669300.348216,384764582.368839,4.34586,4.35,Global,57
8,2,DALYs (Disability-Adjusted Life Years),1,Global,3,Both,17,60-64 years,302,Diarrheal diseases,1,Number,2021,1696653.50788444,2583901.7996125,1059552.68058603,320047853.312832,329387624.27068,311524379.587396,3.68223,3.68,Global,62
9,2,DALYs (Disability-Adjusted Life Years),1,Global,3,Both,18,65-69 years,302,Diarrheal diseases,1,Number,2021,1932868.51151976,3055566.2194284,1186917.9398878,275842158.522357,284217678.194795,268116931.088218,2.98509,2.99,Global,67
10,2,DALYs (Disability-Adjusted Life Years),1,Global,3,Both,19,70-74 years,302,Diarrheal diseases,1,Number,2021,2285283.61940676,3640323.30834275,1353097.77318979,205839220.385999,211972020.164289,200406728.542811,2.26526,2.27,Global,72
11,2,DALYs (Disability-Adjusted Life Years),1,Global,3,Both,20,75-79 years,302,Diarrheal diseases,1,Number,2021,1873349.34154107,2919953.31794935,1160007.33326932,131884404.580217,135613447.4,128518633.372437,1.59758,1.6,Global,77
12,2,DALYs (Disability-Adjusted Life Years),1,Global,3,Both,30,80-84 years,302,Diarrheal diseases,1,Number,2021,1611718.79264612,2466676.13997829,996307.543217036,87583056.918491,89948887.7796038,85481848.25,1.09729,1.1,Global,82
13,2,DALYs (Disability-Adjusted Life Years),1,Global,3,Both,31,85-89 years,302,Diarrheal diseases,1,Number,2021,964031.631274313,1504477.62320936,642732.837615059,45721791.0517717,46852862.726504,44709230.7009568,0.604519,0.6,Global,87
14,2,DALYs (Disability-Adjusted Life Years),1,Global,3,Both,32,90-94 years,302,Diarrheal diseases,1,Number,2021,438304.955454453,660492.211529401,287185.092138518,17889373.591415,18289317.0157285,17518670.986049,0.246663,0.25,Global,92
15,2,DALYs (Disability-Adjusted Life Years),1,Global,3,Both,235,95+ years,302,Diarrheal diseases,1,Number,2021,153855.510499588,225685.533046464,99664.086951671,5450308.67493343,5569992.58267677,5337366.13587716,0.0785092,0.08,Global,97
16,2,DALYs (Disability-Adjusted Life Years),1,Global,3,Both,10,25-29 years,322,Lower respiratory infections,1,Number,2021,1078934.38514075,1195036.40446254,979454.216832967,588343218.626762,607422118.669863,570487097.318648,7.59144,7.59,Global,27
17,2,DALYs (Disability-Adjusted Life Years),1,Global,3,Both,11,30-34 years,322,Lower respiratory infections,1,Number,2021,1166613.93313685,1276069.3191852,1065910.05946912,604480174.775885,623603836.164416,586195014.793618,7.32171,7.32,Global,32
18,2,DALYs (Disability-Adjusted Life Years),1,Global,3,Both,12,35-39 years,322,Lower respiratory infections,1,Number,2021,1323054.43832696,1430339.04859597,1220927.42948367,560866105.914554,578297964.608428,544251815.345755,6.82805,6.83,Global,37
19,2,DALYs (Disability-Adjusted Life Years),1,Global,3,Both,13,40-44 years,322,Lower respiratory infections,1,Number,2021,1509204.20547971,1641008.58134901,1389921.80328229,500250795.605694,515432478.206861,485928430.82182,6.14735,6.15,Global,42
20,2,DALYs (Disability-Adjusted Life Years),1,Global,3,Both,14,45-49 years,322,Lower respiratory infections,1,Number,2021,1677065.46471367,1836047.27053837,1551761.65385038,473504625.903218,487919674.240222,460213135.719539,5.51133,5.51,Global,47
21,2,DALYs (Disability-Adjusted Life Years),1,Global,3,Both,15,50-54 years,322,Lower respiratory infections,1,Number,2021,2025093.77056871,2197611.5176569,1858643.72907841,444922982.841121,458714304.258768,432300957.286386,4.91312,4.91,Global,52
22,2,DALYs (Disability-Adjusted Life Years),1,Global,3,Both,16,55-59 years,322,Lower respiratory infections,1,Number,2021,2443259.92094693,2660941.08980606,2230308.48134341,395728004,407669300.348216,384764582.368839,4.34586,4.35,Global,57
23,2,DALYs (Disability-Adjusted Life Years),1,Global,3,Both,17,60-64 years,322,Lower respiratory infections,1,Number,2021,3031598.72908709,3273108.29192973,2749720.09104792,320047853.312832,329387624.27068,311524379.587396,3.68223,3.68,Global,62
24,2,DALYs (Disability-Adjusted Life Years),1,Global,3,Both,18,65-69 years,322,Lower respiratory infections,1,Number,2021,3399711.23092231,3683935.89773126,3076874.71874433,275842158.522357,284217678.194795,268116931.088218,2.98509,2.99,Global,67
25,2,DALYs (Disability-Adjusted Life Years),1,Global,3,Both,19,70-74 years,322,Lower respiratory infections,1,Number,2021,3670010.27496915,3976310.75126381,3348367.28798349,205839220.385999,211972020.164289,200406728.542811,2.26526,2.27,Global,72
26,2,DALYs (Disability-Adjusted Life Years),1,Global,3,Both,20,75-79 years,322,Lower respiratory infections,1,Number,2021,3294903.80835462,3630098.23145211,2984714.75736669,131884404.580217,135613447.4,128518633.372437,1.59758,1.6,Global,77
27,2,DALYs (Disability-Adjusted Life Years),1,Global,3,Both,30,80-84 years,322,Lower respiratory infections,1,Number,2021,3073149.93848352,3373926.1749857,2715053.41308847,87583056.918491,89948887.7796038,85481848.25,1.09729,1.1,Global,82
28,2,DALYs (Disability-Adjusted Life Years),1,Global,3,Both,31,85-89 years,322,Lower respiratory infections,1,Number,2021,2339883.67929977,2581827.27629363,2023510.09245675,45721791.0517717,46852862.726504,44709230.7009568,0.604519,0.6,Global,87
29,2,DALYs (Disability-Adjusted Life Years),1,Global,3,Both,32,90-94 years,322,Lower respiratory infections,1,Number,2021,1441724.61675098,1599366.07475023,1167881.83778477,17889373.591415,18289317.0157285,17518670.986049,0.246663,0.25,Global,92
30,2,DALYs (Disability-Adjusted Life Years),1,Global,3,Both,235,95+ years,322,Lower respiratory infections,1,Number,2021,643199.937923066,730262.976629546,472189.252420487,5450308.67493343,5569992.58267677,5337366.13587716,0.0785092,0.08,Global,97
31,2,DALYs (Disability-Adjusted Life Years),1,Global,3,Both,10,25-29 years,332,Meningitis,1,Number,2021,444658.52486394,518290.341992452,393329.836899295,588343218.626762,607422118.669863,570487097.318648,7.59144,7.59,Global,27
32,2,DALYs (Disability-Adjusted Life Years),1,Global,3,Both,11,30-34 years,332,Meningitis,1,Number,2021,409581.408663933,471179.422019553,367267.584629908,604480174.775885,623603836.164416,586195014.793618,7.32171,7.32,Global,32
33,2,DALYs (Disability-Adjusted Life Years),1,Global,3,Both,12,35-39 years,332,Meningitis,1,Number,2021,379583.724753561,442020.5419,340772.188333179,560866105.914554,578297964.608428,544251815.345755,6.82805,6.83,Global,37
34,2,DALYs (Disability-Adjusted Life Years),1,Global,3,Both,13,40-44 years,332,Meningitis,1,Number,2021,333482.982646744,380482.911806086,300123.424423837,500250795.605694,515432478.206861,485928430.82182,6.14735,6.15,Global,42
35,2,DALYs (Disability-Adjusted Life Years),1,Global,3,Both,14,45-49 years,332,Meningitis,1,Number,2021,327726.133510555,380104.35871491,293910.066336091,473504625.903218,487919674.240222,460213135.719539,5.51133,5.51,Global,47
36,2,DALYs (Disability-Adjusted Life Years),1,Global,3,Both,15,50-54 years,332,Meningitis,1,Number,2021,290801.979139585,333846.283773464,262182.751006045,444922982.841121,458714304.258768,432300957.286386,4.91312,4.91,Global,52
37,2,DALYs (Disability-Adjusted Life Years),1,Global,3,Both,16,55-59 years,332,Meningitis,1,Number,2021,267658.190515712,305442.341828129,242925.223353748,395728004,407669300.348216,384764582.368839,4.34586,4.35,Global,57
38,2,DALYs (Disability-Adjusted Life Years),1,Global,3,Both,17,60-64 years,332,Meningitis,1,Number,2021,209072.743932869,234723.964734042,190590.215018235,320047853.312832,329387624.27068,311524379.587396,3.68223,3.68,Global,62
39,2,DALYs (Disability-Adjusted Life Years),1,Global,3,Both,18,65-69 years,332,Meningitis,1,Number,2021,183687.290309593,205661.272327917,168962.89834527,275842158.522357,284217678.194795,268116931.088218,2.98509,2.99,Global,67
40,2,DALYs (Disability-Adjusted Life Years),1,Global,3,Both,19,70-74 years,332,Meningitis,1,Number,2021,160418.540834084,178395.089097869,147405.105253559,205839220.385999,211972020.164289,200406728.542811,2.26526,2.27,Global,72
41,2,DALYs (Disability-Adjusted Life Years),1,Global,3,Both,20,75-79 years,332,Meningitis,1,Number,2021,98440.0623685586,108652.139064145,91111.5845847169,131884404.580217,135613447.4,128518633.372437,1.59758,1.6,Global,77
42,2,DALYs (Disability-Adjusted Life Years),1,Global,3,Both,30,80-84 years,332,Meningitis,1,Number,2021,74347.6244659814,81844.2768251836,67513.2203171192,87583056.918491,89948887.7796038,85481848.25,1.09729,1.1,Global,82
43,2,DALYs (Disability-Adjusted Life Years),1,Global,3,Both,31,85-89 years,332,Meningitis,1,Number,2021,36852.2148389912,40360.8274186578,32325.4393626662,45721791.0517717,46852862.726504,44709230.7009568,0.604519,0.6,Global,87
44,2,DALYs (Disability-Adjusted Life Years),1,Global,3,Both,32,90-94 years,332,Meningitis,1,Number,2021,15118.1389885123,16621.8326572884,12859.6117235825,17889373.591415,18289317.0157285,17518670.986049,0.246663,0.25,Global,92
45,2,DALYs (Disability-Adjusted Life Years),1,Global,3,Both,235,95+ years,332,Meningitis,1,Number,2021,5441.35095859784,6125.750814,4269.33277366375,5450308.67493343,5569992.58267677,5337366.13587716,0.0785092,0.08,Global,97
46,2,DALYs (Disability-Adjusted Life Years),1,Global,3,Both,10,25-29 years,337,Encephalitis,1,Number,2021,189811.39017711,224035.838307086,162510.889017324,588343218.626762,607422118.669863,570487097.318648,7.59144,7.59,Global,27
47,2,DALYs (Disability-Adjusted Life Years),1,Global,3,Both,11,30-34 years,337,Encephalitis,1,Number,2021,203974.561654352,237157.685346399,172629.000837271,604480174.775885,623603836.164416,586195014.793618,7.32171,7.32,Global,32
48,2,DALYs (Disability-Adjusted Life Years),1,Global,3,Both,12,35-39 years,337,Encephalitis,1,Number,2021,178429.696050552,211481.073058335,151023.170489436,560866105.914554,578297964.608428,544251815.345755,6.82805,6.83,Global,37
49,2,DALYs (Disability-Adjusted Life Years),1,Global,3,Both,13,40-44 years,337,Encephalitis,1,Number,2021,188785.208125465,232363.929798149,158832.760063791,500250795.605694,515432478.206861,485928430.82182,6.14735,6.15,Global,42
50,2,DALYs (Disability-Adjusted Life Years),1,Global,3,Both,14,45-49 years,337,Encephalitis,1,Number,2021,156204.836577678,188805.459651764,134047.228809716,473504625.903218,487919674.240222,460213135.719539,5.51133,5.51,Global,47
51,2,DALYs (Disability-Adjusted Life Years),1,Global,3,Both,15,50-54 years,337,Encephalitis,1,Number,2021,142489.683706731,180258.689009568,121379.068845416,444922982.841121,458714304.258768,432300957.286386,4.91312,4.91,Global,52
52,2,DALYs (Disability-Adjusted Life Years),1,Global,3,Both,16,55-59 years,337,Encephalitis,1,Number,2021,161120.955602699,198417.168139355,136751.131756777,395728004,407669300.348216,384764582.368839,4.34586,4.35,Global,57
53,2,DALYs (Disability-Adjusted Life Years),1,Global,3,Both,17,60-64 years,337,Encephalitis,1,Number,2021,161824.852155694,196130.264611904,138935.021041094,320047853.312832,329387624.27068,311524379.587396,3.68223,3.68,Global,62
54,2,DALYs (Disability-Adjusted Life Years),1,Global,3,Both,18,65-69 years,337,Encephalitis,1,Number,2021,154549.97611154,188755.850279195,132792.437458479,275842158.522357,284217678.194795,268116931.088218,2.98509,2.99,Global,67
55,2,DALYs (Disability-Adjusted Life Years),1,Global,3,Both,19,70-74 years,337,Encephalitis,1,Number,2021,160036.641041735,190850.908229984,136760.903341171,205839220.385999,211972020.164289,200406728.542811,2.26526,2.27,Global,72
56,2,DALYs (Disability-Adjusted Life Years),1,Global,3,Both,20,75-79 years,337,Encephalitis,1,Number,2021,119103.067536879,142276.434139766,98035.0887999208,131884404.580217,135613447.4,128518633.372437,1.59758,1.6,Global,77
57,2,DALYs (Disability-Adjusted Life Years),1,Global,3,Both,30,80-84 years,337,Encephalitis,1,Number,2021,80473.552711447,99095.5719218312,65094.2308694717,87583056.918491,89948887.7796038,85481848.25,1.09729,1.1,Global,82
58,2,DALYs (Disability-Adjusted Life Years),1,Global,3,Both,31,85-89 years,337,Encephalitis,1,Number,2021,40183.5052053049,48619.2875835992,31425.1662594033,45721791.0517717,46852862.726504,44709230.7009568,0.604519,0.6,Global,87
59,2,DALYs (Disability-Adjusted Life Years),1,Global,3,Both,32,90-94 years,337,Encephalitis,1,Number,2021,14501.2479940835,17565.5268268276,11531.5261436246,17889373.591415,18289317.0157285,17518670.986049,0.246663,0.25,Global,92
60,2,DALYs (Disability-Adjusted Life Years),1,Global,3,Both,235,95+ years,337,Encephalitis,1,Number,2021,5132.7963238959,6206.01727418239,3769.45553973935,5450308.67493343,5569992.58267677,5337366.13587716,0.0785092,0.08,Global,97
61,2,DALYs (Disability-Adjusted Life Years),1,Global,3,Both,10,25-29 years,342,Varicella and herpes zoster,1,Number,2021,22820.5330286284,31260.5773509321,16808.7638298305,588343218.626762,607422118.669863,570487097.318648,7.59144,7.59,Global,27
62,2,DALYs (Disability-Adjusted Life Years),1,Global,3,Both,11,30-34 years,342,Varicella and herpes zoster,1,Number,2021,27088.1821251131,36157.9849110573,20885.4623353264,604480174.775885,623603836.164416,586195014.793618,7.32171,7.32,Global,32
63,2,DALYs (Disability-Adjusted Life Years),1,Global,3,Both,12,35-39 years,342,Varicella and herpes zoster,1,Number,2021,24542.5709957935,33605.0970662585,18109.9475544415,560866105.914554,578297964.608428,544251815.345755,6.82805,6.83,Global,37
64,2,DALYs (Disability-Adjusted Life Years),1,Global,3,Both,13,40-44 years,342,Varicella and herpes zoster,1,Number,2021,19727.6897938511,29501.7499496404,12981.03976,500250795.605694,515432478.206861,485928430.82182,6.14735,6.15,Global,42
65,2,DALYs (Disability-Adjusted Life Years),1,Global,3,Both,14,45-49 years,342,Varicella and herpes zoster,1,Number,2021,20985.4360155005,31391.4001251915,13572.7845762065,473504625.903218,487919674.240222,460213135.719539,5.51133,5.51,Global,47
66,2,DALYs (Disability-Adjusted Life Years),1,Global,3,Both,15,50-54 years,342,Varicella and herpes zoster,1,Number,2021,24471.89217,35216.6588619085,15940.163363701,444922982.841121,458714304.258768,432300957.286386,4.91312,4.91,Global,52
67,2,DALYs (Disability-Adjusted Life Years),1,Global,3,Both,16,55-59 years,342,Varicella and herpes zoster,1,Number,2021,26482.6879680283,38706.4534983923,16516.5668831109,395728004,407669300.348216,384764582.368839,4.34586,4.35,Global,57
68,2,DALYs (Disability-Adjusted Life Years),1,Global,3,Both,17,60-64 years,342,Varicella and herpes zoster,1,Number,2021,26080.3369570697,38864.413145132,15574.7737721516,320047853.312832,329387624.27068,311524379.587396,3.68223,3.68,Global,62
69,2,DALYs (Disability-Adjusted Life Years),1,Global,3,Both,18,65-69 years,342,Varicella and herpes zoster,1,Number,2021,30420.4273507147,42622.8073046207,20619.8078479204,275842158.522357,284217678.194795,268116931.088218,2.98509,2.99,Global,67
70,2,DALYs (Disability-Adjusted Life Years),1,Global,3,Both,19,70-74 years,342,Varicella and herpes zoster,1,Number,2021,26125.979817376,35763.3358383923,18882.6206978101,205839220.385999,211972020.164289,200406728.542811,2.26526,2.27,Global,72
71,2,DALYs (Disability-Adjusted Life Years),1,Global,3,Both,20,75-79 years,342,Varicella and herpes zoster,1,Number,2021,24572.1236368636,32600.7391285297,18788.0920843622,131884404.580217,135613447.4,128518633.372437,1.59758,1.6,Global,77
72,2,DALYs (Disability-Adjusted Life Years),1,Global,3,Both,30,80-84 years,342,Varicella and herpes zoster,1,Number,2021,24200.0514015846,30960.7306391338,19307.3664575066,87583056.918491,89948887.7796038,85481848.25,1.09729,1.1,Global,82
73,2,DALYs (Disability-Adjusted Life Years),1,Global,3,Both,31,85-89 years,342,Varicella and herpes zoster,1,Number,2021,20268.8404330207,24493.1087017523,16844.3582256119,45721791.0517717,46852862.726504,44709230.7009568,0.604519,0.6,Global,87
74,2,DALYs (Disability-Adjusted Life Years),1,Global,3,Both,32,90-94 years,342,Varicella and herpes zoster,1,Number,2021,11594.4252018879,13707.8076789505,9642.45185724182,17889373.591415,18289317.0157285,17518670.986049,0.246663,0.25,Global,92
75,2,DALYs (Disability-Adjusted Life Years),1,Global,3,Both,235,95+ years,342,Varicella and herpes zoster,1,Number,2021,6251.39686610509,7391.453339,4784.71058508618,5450308.67493343,5569992.58267677,5337366.13587716,0.0785092,0.08,Global,97
76,2,DALYs (Disability-Adjusted Life Years),1,Global,3,Both,10,25-29 years,435,Uterine cancer,1,Number,2021,17585.1082420245,20981.8967521344,13621.5560177296,588343218.626762,607422118.669863,570487097.318648,7.59144,7.59,Global,27
77,2,DALYs (Disability-Adjusted Life Years),1,Global,3,Both,11,30-34 years,435,Uterine cancer,1,Number,2021,33559.1054771459,39997.0323314604,26670.7279970958,604480174.775885,623603836.164416,586195014.793618,7.32171,7.32,Global,32
78,2,DALYs (Disability-Adjusted Life Years),1,Global,3,Both,12,35-39 years,435,Uterine cancer,1,Number,2021,57225.469146663,65818.9753284981,46662.9527032153,560866105.914554,578297964.608428,544251815.345755,6.82805,6.83,Global,37
79,2,DALYs (Disability-Adjusted Life Years),1,Global,3,Both,13,40-44 years,435,Uterine cancer,1,Number,2021,94692.4699851309,107441.675563144,78822.464735544,500250795.605694,515432478.206861,485928430.82182,6.14735,6.15,Global,42
80,2,DALYs (Disability-Adjusted Life Years),1,Global,3,Both,14,45-49 years,435,Uterine cancer,1,Number,2021,162000.101896363,181683.779909456,136164.286076824,473504625.903218,487919674.240222,460213135.719539,5.51133,5.51,Global,47
81,2,DALYs (Disability-Adjusted Life Years),1,Global,3,Both,15,50-54 years,435,Uterine cancer,1,Number,2021,252884.816250134,289245.149686407,213908.51546837,444922982.841121,458714304.258768,432300957.286386,4.91312,4.91,Global,52
82,2,DALYs (Disability-Adjusted Life Years),1,Global,3,Both,16,55-59 years,435,Uterine cancer,1,Number,2021,340834.267708461,385998.250460313,299405.437459223,395728004,407669300.348216,384764582.368839,4.34586,4.35,Global,57
83,2,DALYs (Disability-Adjusted Life Years),1,Global,3,Both,17,60-64 years,435,Uterine cancer,1,Number,2021,417150.81653725,462133.473455506,372564.175050299,320047853.312832,329387624.27068,311524379.587396,3.68223,3.68,Global,62
84,2,DALYs (Disability-Adjusted Life Years),1,Global,3,Both,18,65-69 years,435,Uterine cancer,1,Number,2021,418105.75414605,459979.288363835,374268.222963276,275842158.522357,284217678.194795,268116931.088218,2.98509,2.99,Global,67
85,2,DALYs (Disability-Adjusted Life Years),1,Global,3,Both,19,70-74 years,435,Uterine cancer,1,Number,2021,327268.333851285,365073.174197229,295668.294009345,205839220.385999,211972020.164289,200406728.542811,2.26526,2.27,Global,72
86,2,DALYs (Disability-Adjusted Life Years),1,Global,3,Both,20,75-79 years,435,Uterine cancer,1,Number,2021,195220.333642285,218258.641473411,171771.445602245,131884404.580217,135613447.4,128518633.372437,1.59758,1.6,Global,77
87,2,DALYs (Disability-Adjusted Life Years),1,Global,3,Both,30,80-84 years,435,Uterine cancer,1,Number,2021,131921.668242872,146701.119427333,111087.143692171,87583056.918491,89948887.7796038,85481848.25,1.09729,1.1,Global,82
88,2,DALYs (Disability-Adjusted Life Years),1,Global,3,Both,31,85-89 years,435,Uterine cancer,1,Number,2021,64595.1865481035,72369.6637520695,51087.2564028495,45721791.0517717,46852862.726504,44709230.7009568,0.604519,0.6,Global,87
89,2,DALYs (Disability-Adjusted Life Years),1,Global,3,Both,32,90-94 years,435,Uterine cancer,1,Number,2021,30948.9601797678,35059.502210247,23210.607681684,17889373.591415,18289317.0157285,17518670.986049,0.246663,0.25,Global,92
90,2,DALYs (Disability-Adjusted Life Years),1,Global,3,Both,235,95+ years,435,Uterine cancer,1,Number,2021,10331.1612701191,11918.5815731253,7424.89214122753,5450308.67493343,5569992.58267677,5337366.13587716,0.0785092,0.08,Global,97
91,2,DALYs (Disability-Adjusted Life Years),1,Global,3,Both,10,25-29 years,438,Prostate cancer,1,Number,2021,6009.68858685224,7067.00767467972,4356.52011754345,588343218.626762,607422118.669863,570487097.318648,7.59144,7.59,Global,27
92,2,DALYs (Disability-Adjusted Life Years),1,Global,3,Both,11,30-34 years,438,Prostate cancer,1,Number,2021,8120.00252849623,9633.44164325534,5910.77803039842,604480174.775885,623603836.164416,586195014.793618,7.32171,7.32,Global,32
93,2,DALYs (Disability-Adjusted Life Years),1,Global,3,Both,12,35-39 years,438,Prostate cancer,1,Number,2021,14689.5739527201,16777.3850905733,11081.3935868732,560866105.914554,578297964.608428,544251815.345755,6.82805,6.83,Global,37
94,2,DALYs (Disability-Adjusted Life Years),1,Global,3,Both,13,40-44 years,438,Prostate cancer,1,Number,2021,28988.9356049139,32942.9823590492,22015.1642455102,500250795.605694,515432478.206861,485928430.82182,6.14735,6.15,Global,42
95,2,DALYs (Disability-Adjusted Life Years),1,Global,3,Both,14,45-49 years,438,Prostate cancer,1,Number,2021,83607.7511391916,96248.6957489174,68037.9486535369,473504625.903218,487919674.240222,460213135.719539,5.51133,5.51,Global,47
96,2,DALYs (Disability-Adjusted Life Years),1,Global,3,Both,15,50-54 years,438,Prostate cancer,1,Number,2021,220636.158015326,249034.182469666,181798.728737334,444922982.841121,458714304.258768,432300957.286386,4.91312,4.91,Global,52
97,2,DALYs (Disability-Adjusted Life Years),1,Global,3,Both,16,55-59 years,438,Prostate cancer,1,Number,2021,467431.347753369,520242.384843461,385909.379784702,395728004,407669300.348216,384764582.368839,4.34586,4.35,Global,57
98,2,DALYs (Disability-Adjusted Life Years),1,Global,3,Both,17,60-64 years,438,Prostate cancer,1,Number,2021,922939.758204814,1016114.58037103,788972.583177525,320047853.312832,329387624.27068,311524379.587396,3.68223,3.68,Global,62
99,2,DALYs (Disability-Adjusted Life Years),1,Global,3,Both,18,65-69 years,438,Prostate cancer,1,Number,2021,1287046.62926123,1416756.19946152,1106981.13379393,275842158.522357,284217678.194795,268116931.088218,2.98509,2.99,Global,67
100,2,DALYs (Disability-Adjusted Life Years),1,Global,3,Both,19,70-74 years,438,Prostate cancer,1,Number,2021,1489614.11613898,1622297.81058149,1293844.93466915,205839220.385999,211972020.164289,200406728.542811,2.26526,2.27,Global,72
101,2,DALYs (Disability-Adjusted Life Years),1,Global,3,Both,20,75-79 years,438,Prostate cancer,1,Number,2021,1385933.45147982,1516828.61820766,1202283.78301884,131884404.580217,135613447.4,128518633.372437,1.59758,1.6,Global,77
102,2,DALYs (Disability-Adjusted Life Years),1,Global,3,Both,30,80-84 years,438,Prostate cancer,1,Number,2021,1107129.2370106,1209880.31687406,969271.338836751,87583056.918491,89948887.7796038,85481848.25,1.09729,1.1,Global,82
103,2,DALYs (Disability-Adjusted Life Years),1,Global,3,Both,31,85-89 years,438,Prostate cancer,1,Number,2021,706175.539610564,775259.589088795,604337.733795955,45721791.0517717,46852862.726504,44709230.7009568,0.604519,0.6,Global,87
104,2,DALYs (Disability-Adjusted Life Years),1,Global,3,Both,32,90-94 years,438,Prostate cancer,1,Number,2021,322842.236178797,352465.906309694,275998.086865752,17889373.591415,18289317.0157285,17518670.986049,0.246663,0.25,Global,92
105,2,DALYs (Disability-Adjusted Life Years),1,Global,3,Both,235,95+ years,438,Prostate cancer,1,Number,2021,86048.1349775494,96245.1381723588,66440.6282354421,5450308.67493343,5569992.58267677,5337366.13587716,0.0785092,0.08,Global,97
106,2,DALYs (Disability-Adjusted Life Years),1,Global,3,Both,10,25-29 years,441,Colon and rectum cancer,1,Number,2021,212606.671477791,232315.084051657,192193.530622876,588343218.626762,607422118.669863,570487097.318648,7.59144,7.59,Global,27
107,2,DALYs (Disability-Adjusted Life Years),1,Global,3,Both,11,30-34 years,441,Colon and rectum cancer,1,Number,2021,461224.477099449,505636.195971859,417838.83832701,604480174.775885,623603836.164416,586195014.793618,7.32171,7.32,Global,32
108,2,DALYs (Disability-Adjusted Life Years),1,Global,3,Both,12,35-39 years,441,Colon and rectum cancer,1,Number,2021,682397.032463855,741668.253318037,619267.085330518,560866105.914554,578297964.608428,544251815.345755,6.82805,6.83,Global,37
109,2,DALYs (Disability-Adjusted Life Years),1,Global,3,Both,13,40-44 years,441,Colon and rectum cancer,1,Number,2021,967340.826617518,1050190.47162693,881842.597750286,500250795.605694,515432478.206861,485928430.82182,6.14735,6.15,Global,42
110,2,DALYs (Disability-Adjusted Life Years),1,Global,3,Both,14,45-49 years,441,Colon and rectum cancer,1,Number,2021,1496577.9384642,1643545.66543356,1365348.54338521,473504625.903218,487919674.240222,460213135.719539,5.51133,5.51,Global,47
111,2,DALYs (Disability-Adjusted Life Years),1,Global,3,Both,15,50-54 years,441,Colon and rectum cancer,1,Number,2021,2222088.39304282,2438521.96050614,2026465.66863279,444922982.841121,458714304.258768,432300957.286386,4.91312,4.91,Global,52
112,2,DALYs (Disability-Adjusted Life Years),1,Global,3,Both,16,55-59 years,441,Colon and rectum cancer,1,Number,2021,2828550.78180384,3073164.3258674,2600892.79296429,395728004,407669300.348216,384764582.368839,4.34586,4.35,Global,57
113,2,DALYs (Disability-Adjusted Life Years),1,Global,3,Both,17,60-64 years,441,Colon and rectum cancer,1,Number,2021,3098442.877,3338371.64481292,2901131.51711627,320047853.312832,329387624.27068,311524379.587396,3.68223,3.68,Global,62
114,2,DALYs (Disability-Adjusted Life Years),1,Global,3,Both,18,65-69 years,441,Colon and rectum cancer,1,Number,2021,3399400.67566262,3665516.5979049,3157011.31356208,275842158.522357,284217678.194795,268116931.088218,2.98509,2.99,Global,67
115,2,DALYs (Disability-Adjusted Life Years),1,Global,3,Both,19,70-74 years,441,Colon and rectum cancer,1,Number,2021,3121605.01258827,3358572.47868834,2883553.34443865,205839220.385999,211972020.164289,200406728.542811,2.26526,2.27,Global,72
116,2,DALYs (Disability-Adjusted Life Years),1,Global,3,Both,20,75-79 years,441,Colon and rectum cancer,1,Number,2021,2279161.86476596,2450801.72789355,2074015.77170502,131884404.580217,135613447.4,128518633.372437,1.59758,1.6,Global,77
117,2,DALYs (Disability-Adjusted Life Years),1,Global,3,Both,30,80-84 years,441,Colon and rectum cancer,1,Number,2021,1722044.26229122,1862096.00588374,1503921.32049959,87583056.918491,89948887.7796038,85481848.25,1.09729,1.1,Global,82
118,2,DALYs (Disability-Adjusted Life Years),1,Global,3,Both,31,85-89 years,441,Colon and rectum cancer,1,Number,2021,1047879.27693474,1154551.07448424,877591.190899315,45721791.0517717,46852862.726504,44709230.7009568,0.604519,0.6,Global,87
119,2,DALYs (Disability-Adjusted Life Years),1,Global,3,Both,32,90-94 years,441,Colon and rectum cancer,1,Number,2021,505448.717070309,563340.856003635,390731.270427347,17889373.591415,18289317.0157285,17518670.986049,0.246663,0.25,Global,92
120,2,DALYs (Disability-Adjusted Life Years),1,Global,3,Both,235,95+ years,441,Colon and rectum cancer,1,Number,2021,173722.51690577,199530.331932152,125367.7248,5450308.67493343,5569992.58267677,5337366.13587716,0.0785092,0.08,Global,97
121,2,DALYs (Disability-Adjusted Life Years),1,Global,3,Both,10,25-29 years,444,Lip and oral cavity cancer,1,Number,2021,90634.9465662192,107605.872612725,71301.9954194077,588343218.626762,607422118.669863,570487097.318648,7.59144,7.59,Global,27
122,2,DALYs (Disability-Adjusted Life Years),1,Global,3,Both,11,30-34 years,444,Lip and oral cavity cancer,1,Number,2021,153615.415336728,177234.999064834,125705.84302105,604480174.775885,623603836.164416,586195014.793618,7.32171,7.32,Global,32
123,2,DALYs (Disability-Adjusted Life Years),1,Global,3,Both,12,35-39 years,444,Lip and oral cavity cancer,1,Number,2021,237048.388796944,268585.793008982,200415.581465204,560866105.914554,578297964.608428,544251815.345755,6.82805,6.83,Global,37
124,2,DALYs (Disability-Adjusted Life Years),1,Global,3,Both,13,40-44 years,444,Lip and oral cavity cancer,1,Number,2021,394234.821085785,434233.53858828,342680.081675382,500250795.605694,515432478.206861,485928430.82182,6.14735,6.15,Global,42
125,2,DALYs (Disability-Adjusted Life Years),1,Global,3,Both,14,45-49 years,444,Lip and oral cavity cancer,1,Number,2021,544352.710369973,596239.137534998,476860.636006202,473504625.903218,487919674.240222,460213135.719539,5.51133,5.51,Global,47
126,2,DALYs (Disability-Adjusted Life Years),1,Global,3,Both,15,50-54 years,444,Lip and oral cavity cancer,1,Number,2021,744827.352833281,813776.170133563,669500.599218786,444922982.841121,458714304.258768,432300957.286386,4.91312,4.91,Global,52
127,2,DALYs (Disability-Adjusted Life Years),1,Global,3,Both,16,55-59 years,444,Lip and oral cavity cancer,1,Number,2021,846384.881470717,921757.066338413,773262.331807616,395728004,407669300.348216,384764582.368839,4.34586,4.35,Global,57
128,2,DALYs (Disability-Adjusted Life Years),1,Global,3,Both,17,60-64 years,444,Lip and oral cavity cancer,1,Number,2021,822784.303406085,888282.763321524,745633.369690107,320047853.312832,329387624.27068,311524379.587396,3.68223,3.68,Global,62
129,2,DALYs (Disability-Adjusted Life Years),1,Global,3,Both,18,65-69 years,444,Lip and oral cavity cancer,1,Number,2021,717221.013461016,770505.011773294,655173.379273867,275842158.522357,284217678.194795,268116931.088218,2.98509,2.99,Global,67
130,2,DALYs (Disability-Adjusted Life Years),1,Global,3,Both,19,70-74 years,444,Lip and oral cavity cancer,1,Number,2021,525517.213945857,565534.16509325,477999.171229501,205839220.385999,211972020.164289,200406728.542811,2.26526,2.27,Global,72
131,2,DALYs (Disability-Adjusted Life Years),1,Global,3,Both,20,75-79 years,444,Lip and oral cavity cancer,1,Number,2021,324259.68002075,349430.374925745,295782.762229967,131884404.580217,135613447.4,128518633.372437,1.59758,1.6,Global,77
132,2,DALYs (Disability-Adjusted Life Years),1,Global,3,Both,30,80-84 years,444,Lip and oral cavity cancer,1,Number,2021,198699.424113417,214251.361132295,176048.597655133,87583056.918491,89948887.7796038,85481848.25,1.09729,1.1,Global,82
133,2,DALYs (Disability-Adjusted Life Years),1,Global,3,Both,31,85-89 years,444,Lip and oral cavity cancer,1,Number,2021,108336.310341761,118022.466030936,91669.2696458162,45721791.0517717,46852862.726504,44709230.7009568,0.604519,0.6,Global,87
134,2,DALYs (Disability-Adjusted Life Years),1,Global,3,Both,32,90-94 years,444,Lip and oral cavity cancer,1,Number,2021,49467.7034964136,54809.3690406226,39840.1862655313,17889373.591415,18289317.0157285,17518670.986049,0.246663,0.25,Global,92
135,2,DALYs (Disability-Adjusted Life Years),1,Global,3,Both,235,95+ years,444,Lip and oral cavity cancer,1,Number,2021,16590.319998046,18952.7071221705,12158.1119246446,5450308.67493343,5569992.58267677,5337366.13587716,0.0785092,0.08,Global,97
136,2,DALYs (Disability-Adjusted Life Years),1,Global,3,Both,10,25-29 years,453,Gallbladder and biliary tract cancer,1,Number,2021,16121.663617234,19174.0693963136,12487.4153238993,588343218.626762,607422118.669863,570487097.318648,7.59144,7.59,Global,27
137,2,DALYs (Disability-Adjusted Life Years),1,Global,3,Both,11,30-34 years,453,Gallbladder and biliary tract cancer,1,Number,2021,34890.4980643653,41130.8213028783,27371.6257589886,604480174.775885,623603836.164416,586195014.793618,7.32171,7.32,Global,32
138,2,DALYs (Disability-Adjusted Life Years),1,Global,3,Both,12,35-39 years,453,Gallbladder and biliary tract cancer,1,Number,2021,62456.6467932044,72659.4115981827,48212.2939144654,560866105.914554,578297964.608428,544251815.345755,6.82805,6.83,Global,37
139,2,DALYs (Disability-Adjusted Life Years),1,Global,3,Both,13,40-44 years,453,Gallbladder and biliary tract cancer,1,Number,2021,109749.94928869,128158.700152201,87457.6418048912,500250795.605694,515432478.206861,485928430.82182,6.14735,6.15,Global,42
140,2,DALYs (Disability-Adjusted Life Years),1,Global,3,Both,14,45-49 years,453,Gallbladder and biliary tract cancer,1,Number,2021,188362.493178027,220209.44229159,149215.975669453,473504625.903218,487919674.240222,460213135.719539,5.51133,5.51,Global,47
141,2,DALYs (Disability-Adjusted Life Years),1,Global,3,Both,15,50-54 years,453,Gallbladder and biliary tract cancer,1,Number,2021,312405.656351514,363701.583186769,250228.570161961,444922982.841121,458714304.258768,432300957.286386,4.91312,4.91,Global,52
142,2,DALYs (Disability-Adjusted Life Years),1,Global,3,Both,16,55-59 years,453,Gallbladder and biliary tract cancer,1,Number,2021,444477.654648311,527021.899637255,348720.603820493,395728004,407669300.348216,384764582.368839,4.34586,4.35,Global,57
143,2,DALYs (Disability-Adjusted Life Years),1,Global,3,Both,17,60-64 years,453,Gallbladder and biliary tract cancer,1,Number,2021,513988.749159514,582510.769822306,418251.924709616,320047853.312832,329387624.27068,311524379.587396,3.68223,3.68,Global,62
144,2,DALYs (Disability-Adjusted Life Years),1,Global,3,Both,18,65-69 years,453,Gallbladder and biliary tract cancer,1,Number,2021,562475.282461685,648200.330579864,455208.027987868,275842158.522357,284217678.194795,268116931.088218,2.98509,2.99,Global,67
145,2,DALYs (Disability-Adjusted Life Years),1,Global,3,Both,19,70-74 years,453,Gallbladder and biliary tract cancer,1,Number,2021,528541.868024033,611896.484824814,434993.326727048,205839220.385999,211972020.164289,200406728.542811,2.26526,2.27,Global,72
146,2,DALYs (Disability-Adjusted Life Years),1,Global,3,Both,20,75-79 years,453,Gallbladder and biliary tract cancer,1,Number,2021,388571.393879176,441040.166762322,325704.233364514,131884404.580217,135613447.4,128518633.372437,1.59758,1.6,Global,77
147,2,DALYs (Disability-Adjusted Life Years),1,Global,3,Both,30,80-84 years,453,Gallbladder and biliary tract cancer,1,Number,2021,282908.300350219,316114.837544565,234847.628980814,87583056.918491,89948887.7796038,85481848.25,1.09729,1.1,Global,82
148,2,DALYs (Disability-Adjusted Life Years),1,Global,3,Both,31,85-89 years,453,Gallbladder and biliary tract cancer,1,Number,2021,171388.456901347,193919.33918292,141526.258292278,45721791.0517717,46852862.726504,44709230.7009568,0.604519,0.6,Global,87
149,2,DALYs (Disability-Adjusted Life Years),1,Global,3,Both,32,90-94 years,453,Gallbladder and biliary tract cancer,1,Number,2021,79387.0422376631,91541.9962970335,61693.992487361,17889373.591415,18289317.0157285,17518670.986049,0.246663,0.25,Global,92
150,2,DALYs (Disability-Adjusted Life Years),1,Global,3,Both,235,95+ years,453,Gallbladder and biliary tract cancer,1,Number,2021,27450.3216586726,32544.9542446309,18923.2276385588,5450308.67493343,5569992.58267677,5337366.13587716,0.0785092,0.08,Global,97
151,2,DALYs (Disability-Adjusted Life Years),1,Global,3,Both,10,25-29 years,456,Pancreatic cancer,1,Number,2021,37489.0044450961,41299.8338386741,33762.3041110672,588343218.626762,607422118.669863,570487097.318648,7.59144,7.59,Global,27
152,2,DALYs (Disability-Adjusted Life Years),1,Global,3,Both,11,30-34 years,456,Pancreatic cancer,1,Number,2021,103433.168919192,114009.182473601,92927.9539718224,604480174.775885,623603836.164416,586195014.793618,7.32171,7.32,Global,32
153,2,DALYs (Disability-Adjusted Life Years),1,Global,3,Both,12,35-39 years,456,Pancreatic cancer,1,Number,2021,193542.496951073,212267.896300725,175097.668859834,560866105.914554,578297964.608428,544251815.345755,6.82805,6.83,Global,37
154,2,DALYs (Disability-Adjusted Life Years),1,Global,3,Both,13,40-44 years,456,Pancreatic cancer,1,Number,2021,337122.487709174,368814.488577781,305792.227606898,500250795.605694,515432478.206861,485928430.82182,6.14735,6.15,Global,42
155,2,DALYs (Disability-Adjusted Life Years),1,Global,3,Both,14,45-49 years,456,Pancreatic cancer,1,Number,2021,585499.540016941,645984.364756048,532230.027394256,473504625.903218,487919674.240222,460213135.719539,5.51133,5.51,Global,47
156,2,DALYs (Disability-Adjusted Life Years),1,Global,3,Both,15,50-54 years,456,Pancreatic cancer,1,Number,2021,989203.820231884,1089085.08033814,900178.958837408,444922982.841121,458714304.258768,432300957.286386,4.91312,4.91,Global,52
157,2,DALYs (Disability-Adjusted Life Years),1,Global,3,Both,16,55-59 years,456,Pancreatic cancer,1,Number,2021,1399505.33705676,1511287.29350839,1287813.72825702,395728004,407669300.348216,384764582.368839,4.34586,4.35,Global,57
158,2,DALYs (Disability-Adjusted Life Years),1,Global,3,Both,17,60-64 years,456,Pancreatic cancer,1,Number,2021,1638365.08526323,1758778.88090764,1522257.35041852,320047853.312832,329387624.27068,311524379.587396,3.68223,3.68,Global,62
159,2,DALYs (Disability-Adjusted Life Years),1,Global,3,Both,18,65-69 years,456,Pancreatic cancer,1,Number,2021,1809905.38802903,1953752.35053821,1669161.20399849,275842158.522357,284217678.194795,268116931.088218,2.98509,2.99,Global,67
160,2,DALYs (Disability-Adjusted Life Years),1,Global,3,Both,19,70-74 years,456,Pancreatic cancer,1,Number,2021,1658634.74314679,1787507.07582373,1533087.67696609,205839220.385999,211972020.164289,200406728.542811,2.26526,2.27,Global,72
161,2,DALYs (Disability-Adjusted Life Years),1,Global,3,Both,20,75-79 years,456,Pancreatic cancer,1,Number,2021,1122343.18130691,1202666.18579234,1011847.19360486,131884404.580217,135613447.4,128518633.372437,1.59758,1.6,Global,77
162,2,DALYs (Disability-Adjusted Life Years),1,Global,3,Both,30,80-84 years,456,Pancreatic cancer,1,Number,2021,760589.87784138,824288.105360801,660127.033868886,87583056.918491,89948887.7796038,85481848.25,1.09729,1.1,Global,82
163,2,DALYs (Disability-Adjusted Life Years),1,Global,3,Both,31,85-89 years,456,Pancreatic cancer,1,Number,2021,417162.467301014,461101.167759842,338241.326504833,45721791.0517717,46852862.726504,44709230.7009568,0.604519,0.6,Global,87
164,2,DALYs (Disability-Adjusted Life Years),1,Global,3,Both,32,90-94 years,456,Pancreatic cancer,1,Number,2021,180311.449112549,203287.989440665,138452.539171378,17889373.591415,18289317.0157285,17518670.986049,0.246663,0.25,Global,92
165,2,DALYs (Disability-Adjusted Life Years),1,Global,3,Both,235,95+ years,456,Pancreatic cancer,1,Number,2021,55768.1041572628,64918.2756731415,39674.3632286087,5450308.67493343,5569992.58267677,5337366.13587716,0.0785092,0.08,Global,97
166,2,DALYs (Disability-Adjusted Life Years),1,Global,3,Both,10,25-29 years,459,Malignant skin melanoma,1,Number,2021,40309.1049893008,48837.0093743207,31223.270970364,588343218.626762,607422118.669863,570487097.318648,7.59144,7.59,Global,27
167,2,DALYs (Disability-Adjusted Life Years),1,Global,3,Both,11,30-34 years,459,Malignant skin melanoma,1,Number,2021,70024.9790125056,80343.8894126236,55816.4901866676,604480174.775885,623603836.164416,586195014.793618,7.32171,7.32,Global,32
168,2,DALYs (Disability-Adjusted Life Years),1,Global,3,Both,12,35-39 years,459,Malignant skin melanoma,1,Number,2021,94540.5857080769,108326.186932965,76316.1097692201,560866105.914554,578297964.608428,544251815.345755,6.82805,6.83,Global,37
169,2,DALYs (Disability-Adjusted Life Years),1,Global,3,Both,13,40-44 years,459,Malignant skin melanoma,1,Number,2021,115744.173438213,131236.994662126,96029.4434663644,500250795.605694,515432478.206861,485928430.82182,6.14735,6.15,Global,42
170,2,DALYs (Disability-Adjusted Life Years),1,Global,3,Both,14,45-49 years,459,Malignant skin melanoma,1,Number,2021,127154.478185282,141033.012492088,107836.174920105,473504625.903218,487919674.240222,460213135.719539,5.51133,5.51,Global,47
171,2,DALYs (Disability-Adjusted Life Years),1,Global,3,Both,15,50-54 years,459,Malignant skin melanoma,1,Number,2021,160963.937911482,178882.248803902,135636.132292628,444922982.841121,458714304.258768,432300957.286386,4.91312,4.91,Global,52
172,2,DALYs (Disability-Adjusted Life Years),1,Global,3,Both,16,55-59 years,459,Malignant skin melanoma,1,Number,2021,183625.96352956,202920.970122113,159767.649580449,395728004,407669300.348216,384764582.368839,4.34586,4.35,Global,57
173,2,DALYs (Disability-Adjusted Life Years),1,Global,3,Both,17,60-64 years,459,Malignant skin melanoma,1,Number,2021,182356.099204089,198276.804958118,164201.091712147,320047853.312832,329387624.27068,311524379.587396,3.68223,3.68,Global,62
174,2,DALYs (Disability-Adjusted Life Years),1,Global,3,Both,18,65-69 years,459,Malignant skin melanoma,1,Number,2021,183670.958617285,198337.953633248,165600.997850928,275842158.522357,284217678.194795,268116931.088218,2.98509,2.99,Global,67
175,2,DALYs (Disability-Adjusted Life Years),1,Global,3,Both,19,70-74 years,459,Malignant skin melanoma,1,Number,2021,167358.188478208,180373.834596426,151764.108587766,205839220.385999,211972020.164289,200406728.542811,2.26526,2.27,Global,72
176,2,DALYs (Disability-Adjusted Life Years),1,Global,3,Both,20,75-79 years,459,Malignant skin melanoma,1,Number,2021,123110.463255094,133212.572763933,111354.877751846,131884404.580217,135613447.4,128518633.372437,1.59758,1.6,Global,77
177,2,DALYs (Disability-Adjusted Life Years),1,Global,3,Both,30,80-84 years,459,Malignant skin melanoma,1,Number,2021,96689.7294855124,105775.965619198,83612.7921137441,87583056.918491,89948887.7796038,85481848.25,1.09729,1.1,Global,82
178,2,DALYs (Disability-Adjusted Life Years),1,Global,3,Both,31,85-89 years,459,Malignant skin melanoma,1,Number,2021,58453.9057073689,64929.0043545755,48502.6403831434,45721791.0517717,46852862.726504,44709230.7009568,0.604519,0.6,Global,87
179,2,DALYs (Disability-Adjusted Life Years),1,Global,3,Both,32,90-94 years,459,Malignant skin melanoma,1,Number,2021,28081.6429069923,31358.9571536506,22376.8936152439,17889373.591415,18289317.0157285,17518670.986049,0.246663,0.25,Global,92
180,2,DALYs (Disability-Adjusted Life Years),1,Global,3,Both,235,95+ years,459,Malignant skin melanoma,1,Number,2021,9838.21114929719,11186.4374012059,7220.50907312793,5450308.67493343,5569992.58267677,5337366.13587716,0.0785092,0.08,Global,97
181,2,DALYs (Disability-Adjusted Life Years),1,Global,3,Both,10,25-29 years,465,Ovarian cancer,1,Number,2021,82385.4445496647,93907.1848311413,69316.3525302093,588343218.626762,607422118.669863,570487097.318648,7.59144,7.59,Global,27
182,2,DALYs (Disability-Adjusted Life Years),1,Global,3,Both,11,30-34 years,465,Ovarian cancer,1,Number,2021,125060.929321225,142393.762770748,107362.696618793,604480174.775885,623603836.164416,586195014.793618,7.32171,7.32,Global,32
183,2,DALYs (Disability-Adjusted Life Years),1,Global,3,Both,12,35-39 years,465,Ovarian cancer,1,Number,2021,186110.521967778,206308.552953417,162471.115664335,560866105.914554,578297964.608428,544251815.345755,6.82805,6.83,Global,37
184,2,DALYs (Disability-Adjusted Life Years),1,Global,3,Both,13,40-44 years,465,Ovarian cancer,1,Number,2021,302085.777675259,336071.503993577,269590.064074317,500250795.605694,515432478.206861,485928430.82182,6.14735,6.15,Global,42
185,2,DALYs (Disability-Adjusted Life Years),1,Global,3,Both,14,45-49 years,465,Ovarian cancer,1,Number,2021,484278.121945671,533396.501646438,424893.474182202,473504625.903218,487919674.240222,460213135.719539,5.51133,5.51,Global,47
186,2,DALYs (Disability-Adjusted Life Years),1,Global,3,Both,15,50-54 years,465,Ovarian cancer,1,Number,2021,663610.696385067,735649.385238002,586373.928295091,444922982.841121,458714304.258768,432300957.286386,4.91312,4.91,Global,52
187,2,DALYs (Disability-Adjusted Life Years),1,Global,3,Both,16,55-59 years,465,Ovarian cancer,1,Number,2021,737863.411550691,815654.615584538,674278.113619305,395728004,407669300.348216,384764582.368839,4.34586,4.35,Global,57
188,2,DALYs (Disability-Adjusted Life Years),1,Global,3,Both,17,60-64 years,465,Ovarian cancer,1,Number,2021,698849.532262938,759806.363585901,639287.832364503,320047853.312832,329387624.27068,311524379.587396,3.68223,3.68,Global,62
189,2,DALYs (Disability-Adjusted Life Years),1,Global,3,Both,18,65-69 years,465,Ovarian cancer,1,Number,2021,635988.774907619,688325.167068188,578728.983149676,275842158.522357,284217678.194795,268116931.088218,2.98509,2.99,Global,67
190,2,DALYs (Disability-Adjusted Life Years),1,Global,3,Both,19,70-74 years,465,Ovarian cancer,1,Number,2021,491865.801233019,531084.058910618,446760.454071804,205839220.385999,211972020.164289,200406728.542811,2.26526,2.27,Global,72
191,2,DALYs (Disability-Adjusted Life Years),1,Global,3,Both,20,75-79 years,465,Ovarian cancer,1,Number,2021,296555.580581499,320742.638483264,262911.32299307,131884404.580217,135613447.4,128518633.372437,1.59758,1.6,Global,77
192,2,DALYs (Disability-Adjusted Life Years),1,Global,3,Both,30,80-84 years,465,Ovarian cancer,1,Number,2021,192286.260594608,212609.561439636,161593.429154873,87583056.918491,89948887.7796038,85481848.25,1.09729,1.1,Global,82
193,2,DALYs (Disability-Adjusted Life Years),1,Global,3,Both,31,85-89 years,465,Ovarian cancer,1,Number,2021,95554.8385773924,107964.415302705,75759.9977669214,45721791.0517717,46852862.726504,44709230.7009568,0.604519,0.6,Global,87
194,2,DALYs (Disability-Adjusted Life Years),1,Global,3,Both,32,90-94 years,465,Ovarian cancer,1,Number,2021,42189.5281730352,48102.1662208861,31405.4023665514,17889373.591415,18289317.0157285,17518670.986049,0.246663,0.25,Global,92
195,2,DALYs (Disability-Adjusted Life Years),1,Global,3,Both,235,95+ years,465,Ovarian cancer,1,Number,2021,13496.3100573112,15677.7156345023,9477.86693031944,5450308.67493343,5569992.58267677,5337366.13587716,0.0785092,0.08,Global,97
196,2,DALYs (Disability-Adjusted Life Years),1,Global,3,Both,10,25-29 years,471,Kidney cancer,1,Number,2021,29488.5078158086,31585.8357468141,27393.32468,588343218.626762,607422118.669863,570487097.318648,7.59144,7.59,Global,27
197,2,DALYs (Disability-Adjusted Life Years),1,Global,3,Both,11,30-34 years,471,Kidney cancer,1,Number,2021,51836.8226588562,55821.0083459314,48053.6636232678,604480174.775885,623603836.164416,586195014.793618,7.32171,7.32,Global,32
198,2,DALYs (Disability-Adjusted Life Years),1,Global,3,Both,12,35-39 years,471,Kidney cancer,1,Number,2021,82340.5273560032,88547.8087643276,76533.4702278754,560866105.914554,578297964.608428,544251815.345755,6.82805,6.83,Global,37
199,2,DALYs (Disability-Adjusted Life Years),1,Global,3,Both,13,40-44 years,471,Kidney cancer,1,Number,2021,133151.633052043,141982.158367738,124496.700494543,500250795.605694,515432478.206861,485928430.82182,6.14735,6.15,Global,42
200,2,DALYs (Disability-Adjusted Life Years),1,Global,3,Both,14,45-49 years,471,Kidney cancer,1,Number,2021,228229.116920813,244374.718497429,212850.988343335,473504625.903218,487919674.240222,460213135.719539,5.51133,5.51,Global,47
201,2,DALYs (Disability-Adjusted Life Years),1,Global,3,Both,15,50-54 years,471,Kidney cancer,1,Number,2021,356254.688079486,382368.824587654,334275.636141665,444922982.841121,458714304.258768,432300957.286386,4.91312,4.91,Global,52
202,2,DALYs (Disability-Adjusted Life Years),1,Global,3,Both,16,55-59 years,471,Kidney cancer,1,Number,2021,475684.293463453,503436.865992686,449572.527760567,395728004,407669300.348216,384764582.368839,4.34586,4.35,Global,57
203,2,DALYs (Disability-Adjusted Life Years),1,Global,3,Both,17,60-64 years,471,Kidney cancer,1,Number,2021,530359.884260125,555175.542232757,506749.062162986,320047853.312832,329387624.27068,311524379.587396,3.68223,3.68,Global,62
204,2,DALYs (Disability-Adjusted Life Years),1,Global,3,Both,18,65-69 years,471,Kidney cancer,1,Number,2021,543684.869138688,571288.558954724,516354.538308659,275842158.522357,284217678.194795,268116931.088218,2.98509,2.99,Global,67
205,2,DALYs (Disability-Adjusted Life Years),1,Global,3,Both,19,70-74 years,471,Kidney cancer,1,Number,2021,479752.544246187,503897.271613635,452619.383159521,205839220.385999,211972020.164289,200406728.542811,2.26526,2.27,Global,72
206,2,DALYs (Disability-Adjusted Life Years),1,Global,3,Both,20,75-79 years,471,Kidney cancer,1,Number,2021,335773.969607862,354167.804484124,310304.136920225,131884404.580217,135613447.4,128518633.372437,1.59758,1.6,Global,77
207,2,DALYs (Disability-Adjusted Life Years),1,Global,3,Both,30,80-84 years,471,Kidney cancer,1,Number,2021,242477.188006169,260300.551682043,211652.853759092,87583056.918491,89948887.7796038,85481848.25,1.09729,1.1,Global,82
208,2,DALYs (Disability-Adjusted Life Years),1,Global,3,Both,31,85-89 years,471,Kidney cancer,1,Number,2021,143669.305677512,156966.133219693,120256.947054905,45721791.0517717,46852862.726504,44709230.7009568,0.604519,0.6,Global,87
209,2,DALYs (Disability-Adjusted Life Years),1,Global,3,Both,32,90-94 years,471,Kidney cancer,1,Number,2021,63589.1565371453,70266.2746196842,50904.7699026709,17889373.591415,18289317.0157285,17518670.986049,0.246663,0.25,Global,92
210,2,DALYs (Disability-Adjusted Life Years),1,Global,3,Both,235,95+ years,471,Kidney cancer,1,Number,2021,18021.5232935036,20641.7967975017,13325.9191863949,5450308.67493343,5569992.58267677,5337366.13587716,0.0785092,0.08,Global,97
211,2,DALYs (Disability-Adjusted Life Years),1,Global,3,Both,10,25-29 years,474,Bladder cancer,1,Number,2021,13681.9357679388,15748.907598488,12079.2062019095,588343218.626762,607422118.669863,570487097.318648,7.59144,7.59,Global,27
212,2,DALYs (Disability-Adjusted Life Years),1,Global,3,Both,11,30-34 years,474,Bladder cancer,1,Number,2021,28359.6037911189,31695.9103872862,24938.313043937,604480174.775885,623603836.164416,586195014.793618,7.32171,7.32,Global,32
213,2,DALYs (Disability-Adjusted Life Years),1,Global,3,Both,12,35-39 years,474,Bladder cancer,1,Number,2021,46848.2826411358,52141.9721984693,41943.3172517681,560866105.914554,578297964.608428,544251815.345755,6.82805,6.83,Global,37
214,2,DALYs (Disability-Adjusted Life Years),1,Global,3,Both,13,40-44 years,474,Bladder cancer,1,Number,2021,81710.0504865242,91968.032236669,72617.8604483624,500250795.605694,515432478.206861,485928430.82182,6.14735,6.15,Global,42
215,2,DALYs (Disability-Adjusted Life Years),1,Global,3,Both,14,45-49 years,474,Bladder cancer,1,Number,2021,139531.091340017,156670.778454052,126671.217012997,473504625.903218,487919674.240222,460213135.719539,5.51133,5.51,Global,47
216,2,DALYs (Disability-Adjusted Life Years),1,Global,3,Both,15,50-54 years,474,Bladder cancer,1,Number,2021,242738.290266388,282144.630400802,219363.19307706,444922982.841121,458714304.258768,432300957.286386,4.91312,4.91,Global,52
217,2,DALYs (Disability-Adjusted Life Years),1,Global,3,Both,16,55-59 years,474,Bladder cancer,1,Number,2021,372376.393018191,415935.039484118,339669.402440091,395728004,407669300.348216,384764582.368839,4.34586,4.35,Global,57
218,2,DALYs (Disability-Adjusted Life Years),1,Global,3,Both,17,60-64 years,474,Bladder cancer,1,Number,2021,520368.738582086,574312.935394271,482763.825911842,320047853.312832,329387624.27068,311524379.587396,3.68223,3.68,Global,62
219,2,DALYs (Disability-Adjusted Life Years),1,Global,3,Both,18,65-69 years,474,Bladder cancer,1,Number,2021,650861.746023064,728823.521234139,599327.897212443,275842158.522357,284217678.194795,268116931.088218,2.98509,2.99,Global,67
220,2,DALYs (Disability-Adjusted Life Years),1,Global,3,Both,19,70-74 years,474,Bladder cancer,1,Number,2021,690113.485804713,758617.368635844,637667.193911128,205839220.385999,211972020.164289,200406728.542811,2.26526,2.27,Global,72
221,2,DALYs (Disability-Adjusted Life Years),1,Global,3,Both,20,75-79 years,474,Bladder cancer,1,Number,2021,581267.727896433,640965.061946874,531532.906855533,131884404.580217,135613447.4,128518633.372437,1.59758,1.6,Global,77
222,2,DALYs (Disability-Adjusted Life Years),1,Global,3,Both,30,80-84 years,474,Bladder cancer,1,Number,2021,482555.338557793,527001.812306409,428810.053005542,87583056.918491,89948887.7796038,85481848.25,1.09729,1.1,Global,82
223,2,DALYs (Disability-Adjusted Life Years),1,Global,3,Both,31,85-89 years,474,Bladder cancer,1,Number,2021,323886.623407539,356186.288328091,279038.144144781,45721791.0517717,46852862.726504,44709230.7009568,0.604519,0.6,Global,87
224,2,DALYs (Disability-Adjusted Life Years),1,Global,3,Both,32,90-94 years,474,Bladder cancer,1,Number,2021,158792.94294821,175696.480729144,129541.302229278,17889373.591415,18289317.0157285,17518670.986049,0.246663,0.25,Global,92
225,2,DALYs (Disability-Adjusted Life Years),1,Global,3,Both,235,95+ years,474,Bladder cancer,1,Number,2021,50067.6802702852,56987.4196043015,37174.572545512,5450308.67493343,5569992.58267677,5337366.13587716,0.0785092,0.08,Global,97
226,2,DALYs (Disability-Adjusted Life Years),1,Global,3,Both,10,25-29 years,477,Brain and central nervous system cancer,1,Number,2021,314494.549869277,367350.63292085,262166.185102044,588343218.626762,607422118.669863,570487097.318648,7.59144,7.59,Global,27
227,2,DALYs (Disability-Adjusted Life Years),1,Global,3,Both,11,30-34 years,477,Brain and central nervous system cancer,1,Number,2021,421833.386038076,511628.934180583,349613.128013025,604480174.775885,623603836.164416,586195014.793618,7.32171,7.32,Global,32
228,2,DALYs (Disability-Adjusted Life Years),1,Global,3,Both,12,35-39 years,477,Brain and central nervous system cancer,1,Number,2021,485972.003584782,572424.946357863,413969.593386636,560866105.914554,578297964.608428,544251815.345755,6.82805,6.83,Global,37
229,2,DALYs (Disability-Adjusted Life Years),1,Global,3,Both,13,40-44 years,477,Brain and central nervous system cancer,1,Number,2021,558910.54237374,668890.957517845,470333.230827067,500250795.605694,515432478.206861,485928430.82182,6.14735,6.15,Global,42
230,2,DALYs (Disability-Adjusted Life Years),1,Global,3,Both,14,45-49 years,477,Brain and central nervous system cancer,1,Number,2021,639615.449212312,756513.003354318,544594.132987658,473504625.903218,487919674.240222,460213135.719539,5.51133,5.51,Global,47
231,2,DALYs (Disability-Adjusted Life Years),1,Global,3,Both,15,50-54 years,477,Brain and central nervous system cancer,1,Number,2021,786776.964977393,933066.639350674,673764.476880043,444922982.841121,458714304.258768,432300957.286386,4.91312,4.91,Global,52
232,2,DALYs (Disability-Adjusted Life Years),1,Global,3,Both,16,55-59 years,477,Brain and central nervous system cancer,1,Number,2021,902010.945768253,1048260.8302269,775445.751369758,395728004,407669300.348216,384764582.368839,4.34586,4.35,Global,57
233,2,DALYs (Disability-Adjusted Life Years),1,Global,3,Both,17,60-64 years,477,Brain and central nervous system cancer,1,Number,2021,834032.718032973,954396.722261551,737282.093552489,320047853.312832,329387624.27068,311524379.587396,3.68223,3.68,Global,62
234,2,DALYs (Disability-Adjusted Life Years),1,Global,3,Both,18,65-69 years,477,Brain and central nervous system cancer,1,Number,2021,795479.62133359,903216.664669624,691114.942949008,275842158.522357,284217678.194795,268116931.088218,2.98509,2.99,Global,67
235,2,DALYs (Disability-Adjusted Life Years),1,Global,3,Both,19,70-74 years,477,Brain and central nervous system cancer,1,Number,2021,601713.507187636,676128.16747213,531906.478501819,205839220.385999,211972020.164289,200406728.542811,2.26526,2.27,Global,72
236,2,DALYs (Disability-Adjusted Life Years),1,Global,3,Both,20,75-79 years,477,Brain and central nervous system cancer,1,Number,2021,355394.074117971,395431.752697558,304945.152102117,131884404.580217,135613447.4,128518633.372437,1.59758,1.6,Global,77
237,2,DALYs (Disability-Adjusted Life Years),1,Global,3,Both,30,80-84 years,477,Brain and central nervous system cancer,1,Number,2021,195895.665048545,217975.967273861,165056.114390911,87583056.918491,89948887.7796038,85481848.25,1.09729,1.1,Global,82
238,2,DALYs (Disability-Adjusted Life Years),1,Global,3,Both,31,85-89 years,477,Brain and central nervous system cancer,1,Number,2021,88418.3298559418,99591.224640958,73265.1237606311,45721791.0517717,46852862.726504,44709230.7009568,0.604519,0.6,Global,87
239,2,DALYs (Disability-Adjusted Life Years),1,Global,3,Both,32,90-94 years,477,Brain and central nervous system cancer,1,Number,2021,30233.0912384495,34245.2949693207,24069.8750870244,17889373.591415,18289317.0157285,17518670.986049,0.246663,0.25,Global,92
240,2,DALYs (Disability-Adjusted Life Years),1,Global,3,Both,235,95+ years,477,Brain and central nervous system cancer,1,Number,2021,8155.18440849907,9392.19381115615,6090.27266103331,5450308.67493343,5569992.58267677,5337366.13587716,0.0785092,0.08,Global,97
241,2,DALYs (Disability-Adjusted Life Years),1,Global,3,Both,10,25-29 years,483,Mesothelioma,1,Number,2021,10202.5577257388,11479.4942337213,8839.32148794122,588343218.626762,607422118.669863,570487097.318648,7.59144,7.59,Global,27
242,2,DALYs (Disability-Adjusted Life Years),1,Global,3,Both,11,30-34 years,483,Mesothelioma,1,Number,2021,13663.7480225396,15050.3760684656,12241.5861169813,604480174.775885,623603836.164416,586195014.793618,7.32171,7.32,Global,32
243,2,DALYs (Disability-Adjusted Life Years),1,Global,3,Both,12,35-39 years,483,Mesothelioma,1,Number,2021,20837.749489224,22998.0417342923,18726.493932734,560866105.914554,578297964.608428,544251815.345755,6.82805,6.83,Global,37
244,2,DALYs (Disability-Adjusted Life Years),1,Global,3,Both,13,40-44 years,483,Mesothelioma,1,Number,2021,31968.8382073176,35428.8665415738,28420.4929405295,500250795.605694,515432478.206861,485928430.82182,6.14735,6.15,Global,42
245,2,DALYs (Disability-Adjusted Life Years),1,Global,3,Both,14,45-49 years,483,Mesothelioma,1,Number,2021,42332.7262280777,47261.5304188963,37474.3998402071,473504625.903218,487919674.240222,460213135.719539,5.51133,5.51,Global,47
246,2,DALYs (Disability-Adjusted Life Years),1,Global,3,Both,15,50-54 years,483,Mesothelioma,1,Number,2021,62971.4302265859,69899.5262434163,56555.3729108909,444922982.841121,458714304.258768,432300957.286386,4.91312,4.91,Global,52
247,2,DALYs (Disability-Adjusted Life Years),1,Global,3,Both,16,55-59 years,483,Mesothelioma,1,Number,2021,84123.3238646569,92206.0402690522,76808.4021682679,395728004,407669300.348216,384764582.368839,4.34586,4.35,Global,57
248,2,DALYs (Disability-Adjusted Life Years),1,Global,3,Both,17,60-64 years,483,Mesothelioma,1,Number,2021,74994.2628498678,80794.5675226739,69433.6046182435,320047853.312832,329387624.27068,311524379.587396,3.68223,3.68,Global,62
249,2,DALYs (Disability-Adjusted Life Years),1,Global,3,Both,18,65-69 years,483,Mesothelioma,1,Number,2021,86078.4594592708,91726.9591384488,80706.510560772,275842158.522357,284217678.194795,268116931.088218,2.98509,2.99,Global,67
250,2,DALYs (Disability-Adjusted Life Years),1,Global,3,Both,19,70-74 years,483,Mesothelioma,1,Number,2021,91471.8477466231,97033.5332049744,85369.3245037955,205839220.385999,211972020.164289,200406728.542811,2.26526,2.27,Global,72
251,2,DALYs (Disability-Adjusted Life Years),1,Global,3,Both,20,75-79 years,483,Mesothelioma,1,Number,2021,76248.3658496786,80886.4175655534,70802.0673832719,131884404.580217,135613447.4,128518633.372437,1.59758,1.6,Global,77
252,2,DALYs (Disability-Adjusted Life Years),1,Global,3,Both,30,80-84 years,483,Mesothelioma,1,Number,2021,51448.2090607312,55455.1924177535,44951.8583274877,87583056.918491,89948887.7796038,85481848.25,1.09729,1.1,Global,82
253,2,DALYs (Disability-Adjusted Life Years),1,Global,3,Both,31,85-89 years,483,Mesothelioma,1,Number,2021,25246.842794306,27447.2955358874,21150.9380071511,45721791.0517717,46852862.726504,44709230.7009568,0.604519,0.6,Global,87
254,2,DALYs (Disability-Adjusted Life Years),1,Global,3,Both,32,90-94 years,483,Mesothelioma,1,Number,2021,8602.09821697164,9479.69526428323,6937.18147489868,17889373.591415,18289317.0157285,17518670.986049,0.246663,0.25,Global,92
255,2,DALYs (Disability-Adjusted Life Years),1,Global,3,Both,235,95+ years,483,Mesothelioma,1,Number,2021,2013.41051231293,2288.71447886694,1520.20655937229,5450308.67493343,5569992.58267677,5337366.13587716,0.0785092,0.08,Global,97
256,2,DALYs (Disability-Adjusted Life Years),1,Global,3,Both,10,25-29 years,484,Hodgkin lymphoma,1,Number,2021,125464.942420298,161887.002772886,85695.4504648633,588343218.626762,607422118.669863,570487097.318648,7.59144,7.59,Global,27
257,2,DALYs (Disability-Adjusted Life Years),1,Global,3,Both,11,30-34 years,484,Hodgkin lymphoma,1,Number,2021,102410.232407469,140385.898687857,73779.6820249089,604480174.775885,623603836.164416,586195014.793618,7.32171,7.32,Global,32
258,2,DALYs (Disability-Adjusted Life Years),1,Global,3,Both,12,35-39 years,484,Hodgkin lymphoma,1,Number,2021,90709.9775241761,122914.428256635,63961.901263477,560866105.914554,578297964.608428,544251815.345755,6.82805,6.83,Global,37
259,2,DALYs (Disability-Adjusted Life Years),1,Global,3,Both,13,40-44 years,484,Hodgkin lymphoma,1,Number,2021,80391.4971753571,107868.120260801,60051.4520139637,500250795.605694,515432478.206861,485928430.82182,6.14735,6.15,Global,42
260,2,DALYs (Disability-Adjusted Life Years),1,Global,3,Both,14,45-49 years,484,Hodgkin lymphoma,1,Number,2021,62016.0122182279,82418.6027791422,46167.4955407014,473504625.903218,487919674.240222,460213135.719539,5.51133,5.51,Global,47
261,2,DALYs (Disability-Adjusted Life Years),1,Global,3,Both,15,50-54 years,484,Hodgkin lymphoma,1,Number,2021,61743.4776176712,81110.3005185993,46255.497895595,444922982.841121,458714304.258768,432300957.286386,4.91312,4.91,Global,52
262,2,DALYs (Disability-Adjusted Life Years),1,Global,3,Both,16,55-59 years,484,Hodgkin lymphoma,1,Number,2021,66404.9929581389,86277.2169905258,50774.5319296072,395728004,407669300.348216,384764582.368839,4.34586,4.35,Global,57
263,2,DALYs (Disability-Adjusted Life Years),1,Global,3,Both,17,60-64 years,484,Hodgkin lymphoma,1,Number,2021,58078.8105631552,74527.9070842078,44825.7662322479,320047853.312832,329387624.27068,311524379.587396,3.68223,3.68,Global,62
264,2,DALYs (Disability-Adjusted Life Years),1,Global,3,Both,18,65-69 years,484,Hodgkin lymphoma,1,Number,2021,55652.904445824,71435.9694019412,43709.3419614926,275842158.522357,284217678.194795,268116931.088218,2.98509,2.99,Global,67
265,2,DALYs (Disability-Adjusted Life Years),1,Global,3,Both,19,70-74 years,484,Hodgkin lymphoma,1,Number,2021,49930.316257511,61357.3434747244,39624.4098149998,205839220.385999,211972020.164289,200406728.542811,2.26526,2.27,Global,72
266,2,DALYs (Disability-Adjusted Life Years),1,Global,3,Both,20,75-79 years,484,Hodgkin lymphoma,1,Number,2021,31191.9598277664,37892.3847201838,25111.5658827515,131884404.580217,135613447.4,128518633.372437,1.59758,1.6,Global,77
267,2,DALYs (Disability-Adjusted Life Years),1,Global,3,Both,30,80-84 years,484,Hodgkin lymphoma,1,Number,2021,20179.9129239277,24253.9347033966,16163.9832633466,87583056.918491,89948887.7796038,85481848.25,1.09729,1.1,Global,82
268,2,DALYs (Disability-Adjusted Life Years),1,Global,3,Both,31,85-89 years,484,Hodgkin lymphoma,1,Number,2021,9787.67658237854,11365.3292534278,7824.69424939963,45721791.0517717,46852862.726504,44709230.7009568,0.604519,0.6,Global,87
269,2,DALYs (Disability-Adjusted Life Years),1,Global,3,Both,32,90-94 years,484,Hodgkin lymphoma,1,Number,2021,2900.93601153191,3310.07250355625,2298.00585974884,17889373.591415,18289317.0157285,17518670.986049,0.246663,0.25,Global,92
270,2,DALYs (Disability-Adjusted Life Years),1,Global,3,Both,235,95+ years,484,Hodgkin lymphoma,1,Number,2021,678.511789198717,783.322935076824,507.077705507964,5450308.67493343,5569992.58267677,5337366.13587716,0.0785092,0.08,Global,97
271,2,DALYs (Disability-Adjusted Life Years),1,Global,3,Both,10,25-29 years,486,Multiple myeloma,1,Number,2021,13205.7794447956,15812.0800784693,9013.95365851066,588343218.626762,607422118.669863,570487097.318648,7.59144,7.59,Global,27
272,2,DALYs (Disability-Adjusted Life Years),1,Global,3,Both,11,30-34 years,486,Multiple myeloma,1,Number,2021,24917.8253506243,30096.6727248901,18320.4299537636,604480174.775885,623603836.164416,586195014.793618,7.32171,7.32,Global,32
273,2,DALYs (Disability-Adjusted Life Years),1,Global,3,Both,12,35-39 years,486,Multiple myeloma,1,Number,2021,43117.7450401944,52583.0165494402,33473.4739773437,560866105.914554,578297964.608428,544251815.345755,6.82805,6.83,Global,37
274,2,DALYs (Disability-Adjusted Life Years),1,Global,3,Both,13,40-44 years,486,Multiple myeloma,1,Number,2021,76329.5697479962,92735.0875978588,60150.413869689,500250795.605694,515432478.206861,485928430.82182,6.14735,6.15,Global,42
275,2,DALYs (Disability-Adjusted Life Years),1,Global,3,Both,14,45-49 years,486,Multiple myeloma,1,Number,2021,126771.217691322,148050.784191448,105855.051844184,473504625.903218,487919674.240222,460213135.719539,5.51133,5.51,Global,47
276,2,DALYs (Disability-Adjusted Life Years),1,Global,3,Both,15,50-54 years,486,Multiple myeloma,1,Number,2021,205705.937829533,239598.462532909,171559.340944916,444922982.841121,458714304.258768,432300957.286386,4.91312,4.91,Global,52
277,2,DALYs (Disability-Adjusted Life Years),1,Global,3,Both,16,55-59 years,486,Multiple myeloma,1,Number,2021,293696.320646042,338177.447219326,247461.041237599,395728004,407669300.348216,384764582.368839,4.34586,4.35,Global,57
278,2,DALYs (Disability-Adjusted Life Years),1,Global,3,Both,17,60-64 years,486,Multiple myeloma,1,Number,2021,361982.738115625,411945.289793551,313968.545902537,320047853.312832,329387624.27068,311524379.587396,3.68223,3.68,Global,62
279,2,DALYs (Disability-Adjusted Life Years),1,Global,3,Both,18,65-69 years,486,Multiple myeloma,1,Number,2021,403034.122785833,459461.016574339,347759.076088355,275842158.522357,284217678.194795,268116931.088218,2.98509,2.99,Global,67
280,2,DALYs (Disability-Adjusted Life Years),1,Global,3,Both,19,70-74 years,486,Multiple myeloma,1,Number,2021,387872.10909924,430964.339714526,342765.575645238,205839220.385999,211972020.164289,200406728.542811,2.26526,2.27,Global,72
281,2,DALYs (Disability-Adjusted Life Years),1,Global,3,Both,20,75-79 years,486,Multiple myeloma,1,Number,2021,282146.87667368,309892.940527174,250884.202710985,131884404.580217,135613447.4,128518633.372437,1.59758,1.6,Global,77
282,2,DALYs (Disability-Adjusted Life Years),1,Global,3,Both,30,80-84 years,486,Multiple myeloma,1,Number,2021,198557.232820028,217840.029061453,169145.477271738,87583056.918491,89948887.7796038,85481848.25,1.09729,1.1,Global,82
283,2,DALYs (Disability-Adjusted Life Years),1,Global,3,Both,31,85-89 years,486,Multiple myeloma,1,Number,2021,110110.770249652,122524.499514039,90726.5095143821,45721791.0517717,46852862.726504,44709230.7009568,0.604519,0.6,Global,87
284,2,DALYs (Disability-Adjusted Life Years),1,Global,3,Both,32,90-94 years,486,Multiple myeloma,1,Number,2021,45561.7839399784,51416.671865145,35667.7010366499,17889373.591415,18289317.0157285,17518670.986049,0.246663,0.25,Global,92
285,2,DALYs (Disability-Adjusted Life Years),1,Global,3,Both,235,95+ years,486,Multiple myeloma,1,Number,2021,12902.1048327187,14843.3956417943,9426.69660623405,5450308.67493343,5569992.58267677,5337366.13587716,0.0785092,0.08,Global,97
286,2,DALYs (Disability-Adjusted Life Years),1,Global,3,Both,10,25-29 years,591,Chronic kidney disease due to hypertension,1,Number,2021,226079.841955949,308485.453642259,153896.360015846,588343218.626762,607422118.669863,570487097.318648,7.59144,7.59,Global,27
287,2,DALYs (Disability-Adjusted Life Years),1,Global,3,Both,11,30-34 years,591,Chronic kidney disease due to hypertension,1,Number,2021,309896.614624418,414602.998440073,208071.124690044,604480174.775885,623603836.164416,586195014.793618,7.32171,7.32,Global,32
288,2,DALYs (Disability-Adjusted Life Years),1,Global,3,Both,12,35-39 years,591,Chronic kidney disease due to hypertension,1,Number,2021,401079.410949625,566228.63511846,271139.061754304,560866105.914554,578297964.608428,544251815.345755,6.82805,6.83,Global,37
289,2,DALYs (Disability-Adjusted Life Years),1,Global,3,Both,13,40-44 years,591,Chronic kidney disease due to hypertension,1,Number,2021,516520.243527821,732628.866620832,353864.784960131,500250795.605694,515432478.206861,485928430.82182,6.14735,6.15,Global,42
290,2,DALYs (Disability-Adjusted Life Years),1,Global,3,Both,14,45-49 years,591,Chronic kidney disease due to hypertension,1,Number,2021,626534.632855098,871368.516192188,432793.863843468,473504625.903218,487919674.240222,460213135.719539,5.51133,5.51,Global,47
291,2,DALYs (Disability-Adjusted Life Years),1,Global,3,Both,15,50-54 years,591,Chronic kidney disease due to hypertension,1,Number,2021,841033.433991567,1129219.63754596,592715.611087651,444922982.841121,458714304.258768,432300957.286386,4.91312,4.91,Global,52
292,2,DALYs (Disability-Adjusted Life Years),1,Global,3,Both,16,55-59 years,591,Chronic kidney disease due to hypertension,1,Number,2021,1046236.43003243,1414099.09906123,738027.312696282,395728004,407669300.348216,384764582.368839,4.34586,4.35,Global,57
293,2,DALYs (Disability-Adjusted Life Years),1,Global,3,Both,17,60-64 years,591,Chronic kidney disease due to hypertension,1,Number,2021,1101948.47181389,1485448.13377708,783334.413501123,320047853.312832,329387624.27068,311524379.587396,3.68223,3.68,Global,62
294,2,DALYs (Disability-Adjusted Life Years),1,Global,3,Both,18,65-69 years,591,Chronic kidney disease due to hypertension,1,Number,2021,1169769.52356935,1599262.72002407,836503.148411322,275842158.522357,284217678.194795,268116931.088218,2.98509,2.99,Global,67
295,2,DALYs (Disability-Adjusted Life Years),1,Global,3,Both,19,70-74 years,591,Chronic kidney disease due to hypertension,1,Number,2021,1150739.92019889,1526790.0685879,809395.447250105,205839220.385999,211972020.164289,200406728.542811,2.26526,2.27,Global,72
296,2,DALYs (Disability-Adjusted Life Years),1,Global,3,Both,20,75-79 years,591,Chronic kidney disease due to hypertension,1,Number,2021,1021044.62256864,1311701.45154535,726464.854518844,131884404.580217,135613447.4,128518633.372437,1.59758,1.6,Global,77
297,2,DALYs (Disability-Adjusted Life Years),1,Global,3,Both,30,80-84 years,591,Chronic kidney disease due to hypertension,1,Number,2021,888243.353402335,1141044.94609084,656273.007591899,87583056.918491,89948887.7796038,85481848.25,1.09729,1.1,Global,82
298,2,DALYs (Disability-Adjusted Life Years),1,Global,3,Both,31,85-89 years,591,Chronic kidney disease due to hypertension,1,Number,2021,712005.252575304,893109.51118476,528226.970528443,45721791.0517717,46852862.726504,44709230.7009568,0.604519,0.6,Global,87
299,2,DALYs (Disability-Adjusted Life Years),1,Global,3,Both,32,90-94 years,591,Chronic kidney disease due to hypertension,1,Number,2021,416304.077091971,533705.93400168,304453.638659661,17889373.591415,18289317.0157285,17518670.986049,0.246663,0.25,Global,92
300,2,DALYs (Disability-Adjusted Life Years),1,Global,3,Both,235,95+ years,591,Chronic kidney disease due to hypertension,1,Number,2021,179895.170451195,246332.366097248,122457.531242399,5450308.67493343,5569992.58267677,5337366.13587716,0.0785092,0.08,Global,97
301,2,DALYs (Disability-Adjusted Life Years),1,Global,3,Both,10,25-29 years,593,Chronic kidney disease due to other and unspecified causes,1,Number,2021,396759.048795502,510554.343814094,292561.100517229,588343218.626762,607422118.669863,570487097.318648,7.59144,7.59,Global,27
302,2,DALYs (Disability-Adjusted Life Years),1,Global,3,Both,11,30-34 years,593,Chronic kidney disease due to other and unspecified causes,1,Number,2021,447799.168394396,589450.984496119,323703.519839601,604480174.775885,623603836.164416,586195014.793618,7.32171,7.32,Global,32
303,2,DALYs (Disability-Adjusted Life Years),1,Global,3,Both,12,35-39 years,593,Chronic kidney disease due to other and unspecified causes,1,Number,2021,498231.515801857,651941.175982127,356028.790679973,560866105.914554,578297964.608428,544251815.345755,6.82805,6.83,Global,37
304,2,DALYs (Disability-Adjusted Life Years),1,Global,3,Both,13,40-44 years,593,Chronic kidney disease due to other and unspecified causes,1,Number,2021,556016.209659711,723053.84176708,395712.494009455,500250795.605694,515432478.206861,485928430.82182,6.14735,6.15,Global,42
305,2,DALYs (Disability-Adjusted Life Years),1,Global,3,Both,14,45-49 years,593,Chronic kidney disease due to other and unspecified causes,1,Number,2021,620538.782819362,811188.256368529,459318.151464475,473504625.903218,487919674.240222,460213135.719539,5.51133,5.51,Global,47
306,2,DALYs (Disability-Adjusted Life Years),1,Global,3,Both,15,50-54 years,593,Chronic kidney disease due to other and unspecified causes,1,Number,2021,724310.955390513,960957.648071551,511073.742172764,444922982.841121,458714304.258768,432300957.286386,4.91312,4.91,Global,52
307,2,DALYs (Disability-Adjusted Life Years),1,Global,3,Both,16,55-59 years,593,Chronic kidney disease due to other and unspecified causes,1,Number,2021,829912.422143024,1107546.83573948,610332.930994153,395728004,407669300.348216,384764582.368839,4.34586,4.35,Global,57
308,2,DALYs (Disability-Adjusted Life Years),1,Global,3,Both,17,60-64 years,593,Chronic kidney disease due to other and unspecified causes,1,Number,2021,881978.491067231,1144216.24065312,663926.979711779,320047853.312832,329387624.27068,311524379.587396,3.68223,3.68,Global,62
309,2,DALYs (Disability-Adjusted Life Years),1,Global,3,Both,18,65-69 years,593,Chronic kidney disease due to other and unspecified causes,1,Number,2021,938901.439547951,1196354.13954593,719298.890060942,275842158.522357,284217678.194795,268116931.088218,2.98509,2.99,Global,67
310,2,DALYs (Disability-Adjusted Life Years),1,Global,3,Both,19,70-74 years,593,Chronic kidney disease due to other and unspecified causes,1,Number,2021,935975.553822633,1214507.79634219,699217.592808306,205839220.385999,211972020.164289,200406728.542811,2.26526,2.27,Global,72
311,2,DALYs (Disability-Adjusted Life Years),1,Global,3,Both,20,75-79 years,593,Chronic kidney disease due to other and unspecified causes,1,Number,2021,836907.763686098,1087443.94957176,624911.651583982,131884404.580217,135613447.4,128518633.372437,1.59758,1.6,Global,77
312,2,DALYs (Disability-Adjusted Life Years),1,Global,3,Both,30,80-84 years,593,Chronic kidney disease due to other and unspecified causes,1,Number,2021,797888.4464,998730.660162182,614556.788523557,87583056.918491,89948887.7796038,85481848.25,1.09729,1.1,Global,82
313,2,DALYs (Disability-Adjusted Life Years),1,Global,3,Both,31,85-89 years,593,Chronic kidney disease due to other and unspecified causes,1,Number,2021,683528.919633499,833372.16978761,536760.618058817,45721791.0517717,46852862.726504,44709230.7009568,0.604519,0.6,Global,87
314,2,DALYs (Disability-Adjusted Life Years),1,Global,3,Both,32,90-94 years,593,Chronic kidney disease due to other and unspecified causes,1,Number,2021,466489.444164422,578761.929062943,366470.476416202,17889373.591415,18289317.0157285,17518670.986049,0.246663,0.25,Global,92
315,2,DALYs (Disability-Adjusted Life Years),1,Global,3,Both,235,95+ years,593,Chronic kidney disease due to other and unspecified causes,1,Number,2021,245474.424214205,317981.007430715,182622.963844239,5450308.67493343,5569992.58267677,5337366.13587716,0.0785092,0.08,Global,97
316,2,DALYs (Disability-Adjusted Life Years),1,Global,3,Both,10,25-29 years,695,Other transport injuries,1,Number,2021,495169.59865186,547807.521787172,453169.383332371,588343218.626762,607422118.669863,570487097.318648,7.59144,7.59,Global,27
317,2,DALYs (Disability-Adjusted Life Years),1,Global,3,Both,11,30-34 years,695,Other transport injuries,1,Number,2021,410874.659971472,449230.12740624,377504.942148321,604480174.775885,623603836.164416,586195014.793618,7.32171,7.32,Global,32
318,2,DALYs (Disability-Adjusted Life Years),1,Global,3,Both,12,35-39 years,695,Other transport injuries,1,Number,2021,402931.874925752,444805.527395978,366955.770066095,560866105.914554,578297964.608428,544251815.345755,6.82805,6.83,Global,37
319,2,DALYs (Disability-Adjusted Life Years),1,Global,3,Both,13,40-44 years,695,Other transport injuries,1,Number,2021,367884.321642345,412105.914834815,335248.066918055,500250795.605694,515432478.206861,485928430.82182,6.14735,6.15,Global,42
320,2,DALYs (Disability-Adjusted Life Years),1,Global,3,Both,14,45-49 years,695,Other transport injuries,1,Number,2021,329026.17694611,369299.048589221,297983.573950844,473504625.903218,487919674.240222,460213135.719539,5.51133,5.51,Global,47
321,2,DALYs (Disability-Adjusted Life Years),1,Global,3,Both,15,50-54 years,695,Other transport injuries,1,Number,2021,300065.155280442,339787.399525928,267908.985554933,444922982.841121,458714304.258768,432300957.286386,4.91312,4.91,Global,52
322,2,DALYs (Disability-Adjusted Life Years),1,Global,3,Both,16,55-59 years,695,Other transport injuries,1,Number,2021,253615.996707346,287578.301837329,226804.316556186,395728004,407669300.348216,384764582.368839,4.34586,4.35,Global,57
323,2,DALYs (Disability-Adjusted Life Years),1,Global,3,Both,17,60-64 years,695,Other transport injuries,1,Number,2021,183972.690732276,211603.839260769,164847.95932511,320047853.312832,329387624.27068,311524379.587396,3.68223,3.68,Global,62
324,2,DALYs (Disability-Adjusted Life Years),1,Global,3,Both,18,65-69 years,695,Other transport injuries,1,Number,2021,152469.873764643,175240.640131525,133734.80966923,275842158.522357,284217678.194795,268116931.088218,2.98509,2.99,Global,67
325,2,DALYs (Disability-Adjusted Life Years),1,Global,3,Both,19,70-74 years,695,Other transport injuries,1,Number,2021,109452.213384472,128755.655100538,94946.4102259992,205839220.385999,211972020.164289,200406728.542811,2.26526,2.27,Global,72
326,2,DALYs (Disability-Adjusted Life Years),1,Global,3,Both,20,75-79 years,695,Other transport injuries,1,Number,2021,70916.407125089,83488.1622648492,60466.1090002268,131884404.580217,135613447.4,128518633.372437,1.59758,1.6,Global,77
327,2,DALYs (Disability-Adjusted Life Years),1,Global,3,Both,30,80-84 years,695,Other transport injuries,1,Number,2021,46915.6059569329,56367.9996817358,39146.4387395869,87583056.918491,89948887.7796038,85481848.25,1.09729,1.1,Global,82
328,2,DALYs (Disability-Adjusted Life Years),1,Global,3,Both,31,85-89 years,695,Other transport injuries,1,Number,2021,23971.3930250457,29674.9672415093,19432.5732405467,45721791.0517717,46852862.726504,44709230.7009568,0.604519,0.6,Global,87
329,2,DALYs (Disability-Adjusted Life Years),1,Global,3,Both,32,90-94 years,695,Other transport injuries,1,Number,2021,9698.24060960092,12406.5409742342,7699.04688517758,17889373.591415,18289317.0157285,17518670.986049,0.246663,0.25,Global,92
330,2,DALYs (Disability-Adjusted Life Years),1,Global,3,Both,235,95+ years,695,Other transport injuries,1,Number,2021,3406.75641386618,4370.34759076364,2638.13856972912,5450308.67493343,5569992.58267677,5337366.13587716,0.0785092,0.08,Global,97
331,2,DALYs (Disability-Adjusted Life Years),1,Global,3,Both,10,25-29 years,697,Falls,1,Number,2021,1722753.57120942,2151717.89497096,1385950.50923147,588343218.626762,607422118.669863,570487097.318648,7.59144,7.59,Global,27
332,2,DALYs (Disability-Adjusted Life Years),1,Global,3,Both,11,30-34 years,697,Falls,1,Number,2021,2176917.48945309,2740496.4247799,1745496.2537302,604480174.775885,623603836.164416,586195014.793618,7.32171,7.32,Global,32
333,2,DALYs (Disability-Adjusted Life Years),1,Global,3,Both,12,35-39 years,697,Falls,1,Number,2021,2435254.55564106,3119537.51043951,1925778.58775278,560866105.914554,578297964.608428,544251815.345755,6.82805,6.83,Global,37
334,2,DALYs (Disability-Adjusted Life Years),1,Global,3,Both,13,40-44 years,697,Falls,1,Number,2021,2578935.46611215,3244190.62308162,2066732.10819981,500250795.605694,515432478.206861,485928430.82182,6.14735,6.15,Global,42
335,2,DALYs (Disability-Adjusted Life Years),1,Global,3,Both,14,45-49 years,697,Falls,1,Number,2021,2728306.12215793,3396625.5621379,2157192.8112858,473504625.903218,487919674.240222,460213135.719539,5.51133,5.51,Global,47
336,2,DALYs (Disability-Adjusted Life Years),1,Global,3,Both,15,50-54 years,697,Falls,1,Number,2021,3023042.85857011,3785499.49729779,2447501.78103704,444922982.841121,458714304.258768,432300957.286386,4.91312,4.91,Global,52
337,2,DALYs (Disability-Adjusted Life Years),1,Global,3,Both,16,55-59 years,697,Falls,1,Number,2021,3265555.03638265,4063893.26042662,2608400.26765168,395728004,407669300.348216,384764582.368839,4.34586,4.35,Global,57
338,2,DALYs (Disability-Adjusted Life Years),1,Global,3,Both,17,60-64 years,697,Falls,1,Number,2021,3262327.69435911,4011223.60491788,2645875.29463651,320047853.312832,329387624.27068,311524379.587396,3.68223,3.68,Global,62
339,2,DALYs (Disability-Adjusted Life Years),1,Global,3,Both,18,65-69 years,697,Falls,1,Number,2021,3512854.64555363,4280736.4047708,2838070.32311103,275842158.522357,284217678.194795,268116931.088218,2.98509,2.99,Global,67
340,2,DALYs (Disability-Adjusted Life Years),1,Global,3,Both,19,70-74 years,697,Falls,1,Number,2021,3514281.78671642,4243340.77904253,2857024.76375317,205839220.385999,211972020.164289,200406728.542811,2.26526,2.27,Global,72
341,2,DALYs (Disability-Adjusted Life Years),1,Global,3,Both,20,75-79 years,697,Falls,1,Number,2021,3053747.34513988,3657236.17127768,2493464.99706492,131884404.580217,135613447.4,128518633.372437,1.59758,1.6,Global,77
342,2,DALYs (Disability-Adjusted Life Years),1,Global,3,Both,30,80-84 years,697,Falls,1,Number,2021,2884292.62913756,3435656.64369278,2376200.74461947,87583056.918491,89948887.7796038,85481848.25,1.09729,1.1,Global,82
343,2,DALYs (Disability-Adjusted Life Years),1,Global,3,Both,31,85-89 years,697,Falls,1,Number,2021,2240567.49466919,2678621.13759988,1863557.87379882,45721791.0517717,46852862.726504,44709230.7009568,0.604519,0.6,Global,87
344,2,DALYs (Disability-Adjusted Life Years),1,Global,3,Both,32,90-94 years,697,Falls,1,Number,2021,1253796.41914727,1496579.84872822,1056577.07036119,17889373.591415,18289317.0157285,17518670.986049,0.246663,0.25,Global,92
345,2,DALYs (Disability-Adjusted Life Years),1,Global,3,Both,235,95+ years,697,Falls,1,Number,2021,493226.348823322,588422.881901302,414188.351016364,5450308.67493343,5569992.58267677,5337366.13587716,0.0785092,0.08,Global,97
346,2,DALYs (Disability-Adjusted Life Years),1,Global,3,Both,10,25-29 years,698,Drowning,1,Number,2021,768164.141096752,822952.957700253,715063.730266634,588343218.626762,607422118.669863,570487097.318648,7.59144,7.59,Global,27
347,2,DALYs (Disability-Adjusted Life Years),1,Global,3,Both,11,30-34 years,698,Drowning,1,Number,2021,758675.208030001,808153.180905262,707536.368960784,604480174.775885,623603836.164416,586195014.793618,7.32171,7.32,Global,32
348,2,DALYs (Disability-Adjusted Life Years),1,Global,3,Both,12,35-39 years,698,Drowning,1,Number,2021,667506.806364201,719384.50268166,617619.078763269,560866105.914554,578297964.608428,544251815.345755,6.82805,6.83,Global,37
349,2,DALYs (Disability-Adjusted Life Years),1,Global,3,Both,13,40-44 years,698,Drowning,1,Number,2021,576893.024605277,621073.755728682,535546.453516799,500250795.605694,515432478.206861,485928430.82182,6.14735,6.15,Global,42
350,2,DALYs (Disability-Adjusted Life Years),1,Global,3,Both,14,45-49 years,698,Drowning,1,Number,2021,485057.049933397,525630.220564322,444853.361748076,473504625.903218,487919674.240222,460213135.719539,5.51133,5.51,Global,47
351,2,DALYs (Disability-Adjusted Life Years),1,Global,3,Both,15,50-54 years,698,Drowning,1,Number,2021,454218.224217855,491542.832007441,415465.270103534,444922982.841121,458714304.258768,432300957.286386,4.91312,4.91,Global,52
352,2,DALYs (Disability-Adjusted Life Years),1,Global,3,Both,16,55-59 years,698,Drowning,1,Number,2021,385855.091136802,418704.949076218,356036.414478394,395728004,407669300.348216,384764582.368839,4.34586,4.35,Global,57
353,2,DALYs (Disability-Adjusted Life Years),1,Global,3,Both,17,60-64 years,698,Drowning,1,Number,2021,304685.485723826,328162.855695701,282927.750513951,320047853.312832,329387624.27068,311524379.587396,3.68223,3.68,Global,62
354,2,DALYs (Disability-Adjusted Life Years),1,Global,3,Both,18,65-69 years,698,Drowning,1,Number,2021,277712.4381,299506.62969568,256768.350620412,275842158.522357,284217678.194795,268116931.088218,2.98509,2.99,Global,67
355,2,DALYs (Disability-Adjusted Life Years),1,Global,3,Both,19,70-74 years,698,Drowning,1,Number,2021,226903.531883967,244894.657715135,210293.925137801,205839220.385999,211972020.164289,200406728.542811,2.26526,2.27,Global,72
356,2,DALYs (Disability-Adjusted Life Years),1,Global,3,Both,20,75-79 years,698,Drowning,1,Number,2021,165615.733289557,180225.397848695,150707.760205131,131884404.580217,135613447.4,128518633.372437,1.59758,1.6,Global,77
357,2,DALYs (Disability-Adjusted Life Years),1,Global,3,Both,30,80-84 years,698,Drowning,1,Number,2021,116087.267022403,127414.455475338,101553.238914348,87583056.918491,89948887.7796038,85481848.25,1.09729,1.1,Global,82
358,2,DALYs (Disability-Adjusted Life Years),1,Global,3,Both,31,85-89 years,698,Drowning,1,Number,2021,69726.35262,77474.8906321105,59264.6028200077,45721791.0517717,46852862.726504,44709230.7009568,0.604519,0.6,Global,87
359,2,DALYs (Disability-Adjusted Life Years),1,Global,3,Both,32,90-94 years,698,Drowning,1,Number,2021,23512.3989502947,26430.429810518,19216.0974468379,17889373.591415,18289317.0157285,17518670.986049,0.246663,0.25,Global,92
360,2,DALYs (Disability-Adjusted Life Years),1,Global,3,Both,235,95+ years,698,Drowning,1,Number,2021,5945.62605840138,6826.10569303459,4548.21331497155,5450308.67493343,5569992.58267677,5337366.13587716,0.0785092,0.08,Global,97
361,2,DALYs (Disability-Adjusted Life Years),1,Global,3,Both,10,25-29 years,705,Unintentional firearm injuries,1,Number,2021,150251.430476017,195558.755024787,102370.678308265,588343218.626762,607422118.669863,570487097.318648,7.59144,7.59,Global,27
362,2,DALYs (Disability-Adjusted Life Years),1,Global,3,Both,11,30-34 years,705,Unintentional firearm injuries,1,Number,2021,113425.144011738,145739.881575904,82839.3793266012,604480174.775885,623603836.164416,586195014.793618,7.32171,7.32,Global,32
363,2,DALYs (Disability-Adjusted Life Years),1,Global,3,Both,12,35-39 years,705,Unintentional firearm injuries,1,Number,2021,95681.5294072203,121156.156782088,71882.0849289905,560866105.914554,578297964.608428,544251815.345755,6.82805,6.83,Global,37
364,2,DALYs (Disability-Adjusted Life Years),1,Global,3,Both,13,40-44 years,705,Unintentional firearm injuries,1,Number,2021,78403.6061195749,97729.9108267467,60551.5956304769,500250795.605694,515432478.206861,485928430.82182,6.14735,6.15,Global,42
365,2,DALYs (Disability-Adjusted Life Years),1,Global,3,Both,14,45-49 years,705,Unintentional firearm injuries,1,Number,2021,72707.7506158512,94019.7546659861,54512.4359227738,473504625.903218,487919674.240222,460213135.719539,5.51133,5.51,Global,47
366,2,DALYs (Disability-Adjusted Life Years),1,Global,3,Both,15,50-54 years,705,Unintentional firearm injuries,1,Number,2021,53099.0703044408,65947.5256427755,42029.6006136459,444922982.841121,458714304.258768,432300957.286386,4.91312,4.91,Global,52
367,2,DALYs (Disability-Adjusted Life Years),1,Global,3,Both,16,55-59 years,705,Unintentional firearm injuries,1,Number,2021,43854.8178192176,54654.8192557814,35447.5903718362,395728004,407669300.348216,384764582.368839,4.34586,4.35,Global,57
368,2,DALYs (Disability-Adjusted Life Years),1,Global,3,Both,17,60-64 years,705,Unintentional firearm injuries,1,Number,2021,34431.7811701692,43540.7132312657,27696.6807144271,320047853.312832,329387624.27068,311524379.587396,3.68223,3.68,Global,62
369,2,DALYs (Disability-Adjusted Life Years),1,Global,3,Both,18,65-69 years,705,Unintentional firearm injuries,1,Number,2021,26702.2846333221,33976.865899906,21047.1697238576,275842158.522357,284217678.194795,268116931.088218,2.98509,2.99,Global,67
370,2,DALYs (Disability-Adjusted Life Years),1,Global,3,Both,19,70-74 years,705,Unintentional firearm injuries,1,Number,2021,19403.9662028928,25034.5490530594,15244.5216459055,205839220.385999,211972020.164289,200406728.542811,2.26526,2.27,Global,72
371,2,DALYs (Disability-Adjusted Life Years),1,Global,3,Both,20,75-79 years,705,Unintentional firearm injuries,1,Number,2021,12509.7658080519,16061.3672098539,9672.77940764054,131884404.580217,135613447.4,128518633.372437,1.59758,1.6,Global,77
372,2,DALYs (Disability-Adjusted Life Years),1,Global,3,Both,30,80-84 years,705,Unintentional firearm injuries,1,Number,2021,8182.28024078992,10677.5127829239,6274.43644751027,87583056.918491,89948887.7796038,85481848.25,1.09729,1.1,Global,82
373,2,DALYs (Disability-Adjusted Life Years),1,Global,3,Both,31,85-89 years,705,Unintentional firearm injuries,1,Number,2021,4541.22307760063,5955.0347948713,3469.19375958423,45721791.0517717,46852862.726504,44709230.7009568,0.604519,0.6,Global,87
374,2,DALYs (Disability-Adjusted Life Years),1,Global,3,Both,32,90-94 years,705,Unintentional firearm injuries,1,Number,2021,2209.53883596542,2810.54051816608,1711.24789213988,17889373.591415,18289317.0157285,17518670.986049,0.246663,0.25,Global,92
375,2,DALYs (Disability-Adjusted Life Years),1,Global,3,Both,235,95+ years,705,Unintentional firearm injuries,1,Number,2021,918.768869265873,1195.75130304508,705.684103790324,5450308.67493343,5569992.58267677,5337366.13587716,0.0785092,0.08,Global,97
376,2,DALYs (Disability-Adjusted Life Years),1,Global,3,Both,10,25-29 years,708,Adverse effects of medical treatment,1,Number,2021,192706.85621515,236079.818410653,162629.232723852,588343218.626762,607422118.669863,570487097.318648,7.59144,7.59,Global,27
377,2,DALYs (Disability-Adjusted Life Years),1,Global,3,Both,11,30-34 years,708,Adverse effects of medical treatment,1,Number,2021,170039.139465152,207615.407464574,146697.992028442,604480174.775885,623603836.164416,586195014.793618,7.32171,7.32,Global,32
378,2,DALYs (Disability-Adjusted Life Years),1,Global,3,Both,12,35-39 years,708,Adverse effects of medical treatment,1,Number,2021,190469.250080429,232280.572249535,156970.044953333,560866105.914554,578297964.608428,544251815.345755,6.82805,6.83,Global,37
379,2,DALYs (Disability-Adjusted Life Years),1,Global,3,Both,13,40-44 years,708,Adverse effects of medical treatment,1,Number,2021,195474.865364102,226242.193145505,163870.920018068,500250795.605694,515432478.206861,485928430.82182,6.14735,6.15,Global,42
380,2,DALYs (Disability-Adjusted Life Years),1,Global,3,Both,14,45-49 years,708,Adverse effects of medical treatment,1,Number,2021,200854.754055694,232874.751349512,171331.265900869,473504625.903218,487919674.240222,460213135.719539,5.51133,5.51,Global,47
381,2,DALYs (Disability-Adjusted Life Years),1,Global,3,Both,15,50-54 years,708,Adverse effects of medical treatment,1,Number,2021,195175.531715189,221355.808222489,167516.979395087,444922982.841121,458714304.258768,432300957.286386,4.91312,4.91,Global,52
382,2,DALYs (Disability-Adjusted Life Years),1,Global,3,Both,16,55-59 years,708,Adverse effects of medical treatment,1,Number,2021,236149.75709314,269497.244073883,200971.271829427,395728004,407669300.348216,384764582.368839,4.34586,4.35,Global,57
383,2,DALYs (Disability-Adjusted Life Years),1,Global,3,Both,17,60-64 years,708,Adverse effects of medical treatment,1,Number,2021,285683.319364441,321784.660265241,243513.479163628,320047853.312832,329387624.27068,311524379.587396,3.68223,3.68,Global,62
384,2,DALYs (Disability-Adjusted Life Years),1,Global,3,Both,18,65-69 years,708,Adverse effects of medical treatment,1,Number,2021,295250.170608621,328085.327722354,251942.786616821,275842158.522357,284217678.194795,268116931.088218,2.98509,2.99,Global,67
385,2,DALYs (Disability-Adjusted Life Years),1,Global,3,Both,19,70-74 years,708,Adverse effects of medical treatment,1,Number,2021,248620.002724421,276486.250979944,216853.723826142,205839220.385999,211972020.164289,200406728.542811,2.26526,2.27,Global,72
386,2,DALYs (Disability-Adjusted Life Years),1,Global,3,Both,20,75-79 years,708,Adverse effects of medical treatment,1,Number,2021,177370.114416522,196526.735483192,156204.100001887,131884404.580217,135613447.4,128518633.372437,1.59758,1.6,Global,77
387,2,DALYs (Disability-Adjusted Life Years),1,Global,3,Both,30,80-84 years,708,Adverse effects of medical treatment,1,Number,2021,128347.063714774,141313.254361126,112103.625272678,87583056.918491,89948887.7796038,85481848.25,1.09729,1.1,Global,82
388,2,DALYs (Disability-Adjusted Life Years),1,Global,3,Both,31,85-89 years,708,Adverse effects of medical treatment,1,Number,2021,77332.9078552861,85089.1190452437,65841.3296788589,45721791.0517717,46852862.726504,44709230.7009568,0.604519,0.6,Global,87
389,2,DALYs (Disability-Adjusted Life Years),1,Global,3,Both,32,90-94 years,708,Adverse effects of medical treatment,1,Number,2021,37494.102515875,41839.4999406058,30662.7214983539,17889373.591415,18289317.0157285,17518670.986049,0.246663,0.25,Global,92
390,2,DALYs (Disability-Adjusted Life Years),1,Global,3,Both,235,95+ years,708,Adverse effects of medical treatment,1,Number,2021,14283.3027731383,16222.2759784239,10825.2166838747,5450308.67493343,5569992.58267677,5337366.13587716,0.0785092,0.08,Global,97
391,2,DALYs (Disability-Adjusted Life Years),1,Global,3,Both,10,25-29 years,996,Liver cancer due to NASH,1,Number,2021,13067.6163866457,19889.2272088289,8589.1274278186,588343218.626762,607422118.669863,570487097.318648,7.59144,7.59,Global,27
392,2,DALYs (Disability-Adjusted Life Years),1,Global,3,Both,11,30-34 years,996,Liver cancer due to NASH,1,Number,2021,18863.4056571986,26467.7143416878,13227.1052459984,604480174.775885,623603836.164416,586195014.793618,7.32171,7.32,Global,32
393,2,DALYs (Disability-Adjusted Life Years),1,Global,3,Both,12,35-39 years,996,Liver cancer due to NASH,1,Number,2021,26262.7257324465,36935.3736326593,17500.3756981858,560866105.914554,578297964.608428,544251815.345755,6.82805,6.83,Global,37
394,2,DALYs (Disability-Adjusted Life Years),1,Global,3,Both,13,40-44 years,996,Liver cancer due to NASH,1,Number,2021,38174.8078526286,53791.0085248033,26140.9327179532,500250795.605694,515432478.206861,485928430.82182,6.14735,6.15,Global,42
395,2,DALYs (Disability-Adjusted Life Years),1,Global,3,Both,14,45-49 years,996,Liver cancer due to NASH,1,Number,2021,61219.5531789575,84730.3827218133,42383.1804375092,473504625.903218,487919674.240222,460213135.719539,5.51133,5.51,Global,47
396,2,DALYs (Disability-Adjusted Life Years),1,Global,3,Both,15,50-54 years,996,Liver cancer due to NASH,1,Number,2021,94858.4395844799,130644.232752672,65593.3759876165,444922982.841121,458714304.258768,432300957.286386,4.91312,4.91,Global,52
397,2,DALYs (Disability-Adjusted Life Years),1,Global,3,Both,16,55-59 years,996,Liver cancer due to NASH,1,Number,2021,125478.446445306,182201.137030065,86665.3454512138,395728004,407669300.348216,384764582.368839,4.34586,4.35,Global,57
398,2,DALYs (Disability-Adjusted Life Years),1,Global,3,Both,17,60-64 years,996,Liver cancer due to NASH,1,Number,2021,138945.376301868,196322.320610299,97654.3988869538,320047853.312832,329387624.27068,311524379.587396,3.68223,3.68,Global,62
399,2,DALYs (Disability-Adjusted Life Years),1,Global,3,Both,18,65-69 years,996,Liver cancer due to NASH,1,Number,2021,148512.963617767,199927.111769339,103921.474861517,275842158.522357,284217678.194795,268116931.088218,2.98509,2.99,Global,67
400,2,DALYs (Disability-Adjusted Life Years),1,Global,3,Both,19,70-74 years,996,Liver cancer due to NASH,1,Number,2021,119721.129892299,158306.109200836,83984.3401489435,205839220.385999,211972020.164289,200406728.542811,2.26526,2.27,Global,72
401,2,DALYs (Disability-Adjusted Life Years),1,Global,3,Both,20,75-79 years,996,Liver cancer due to NASH,1,Number,2021,87230.7515273473,118154.318689862,62701.8302278978,131884404.580217,135613447.4,128518633.372437,1.59758,1.6,Global,77
402,2,DALYs (Disability-Adjusted Life Years),1,Global,3,Both,30,80-84 years,996,Liver cancer due to NASH,1,Number,2021,59338.1729328957,81107.3218119197,41485.209543982,87583056.918491,89948887.7796038,85481848.25,1.09729,1.1,Global,82
403,2,DALYs (Disability-Adjusted Life Years),1,Global,3,Both,31,85-89 years,996,Liver cancer due to NASH,1,Number,2021,28600.6008326904,38835.1128287288,19858.2608088164,45721791.0517717,46852862.726504,44709230.7009568,0.604519,0.6,Global,87
404,2,DALYs (Disability-Adjusted Life Years),1,Global,3,Both,32,90-94 years,996,Liver cancer due to NASH,1,Number,2021,10666.5845816759,15252.00409,6881.44038851995,17889373.591415,18289317.0157285,17518670.986049,0.246663,0.25,Global,92
405,2,DALYs (Disability-Adjusted Life Years),1,Global,3,Both,235,95+ years,996,Liver cancer due to NASH,1,Number,2021,2781.21503951454,4513.46305510865,1546.32833291378,5450308.67493343,5569992.58267677,5337366.13587716,0.0785092,0.08,Global,97
406,2,DALYs (Disability-Adjusted Life Years),1,Global,3,Both,10,25-29 years,998,Chronic kidney disease due to diabetes mellitus type 2,1,Number,2021,11653.0101410804,20359.2127218385,6504.62916948519,588343218.626762,607422118.669863,570487097.318648,7.59144,7.59,Global,27
407,2,DALYs (Disability-Adjusted Life Years),1,Global,3,Both,11,30-34 years,998,Chronic kidney disease due to diabetes mellitus type 2,1,Number,2021,44497.1492910813,71800.5729786407,24425.0176906272,604480174.775885,623603836.164416,586195014.793618,7.32171,7.32,Global,32
408,2,DALYs (Disability-Adjusted Life Years),1,Global,3,Both,12,35-39 years,998,Chronic kidney disease due to diabetes mellitus type 2,1,Number,2021,115202.115242961,188340.524282918,68900.3828378228,560866105.914554,578297964.608428,544251815.345755,6.82805,6.83,Global,37
409,2,DALYs (Disability-Adjusted Life Years),1,Global,3,Both,13,40-44 years,998,Chronic kidney disease due to diabetes mellitus type 2,1,Number,2021,242718.109272808,379032.395167845,140295.619902948,500250795.605694,515432478.206861,485928430.82182,6.14735,6.15,Global,42
410,2,DALYs (Disability-Adjusted Life Years),1,Global,3,Both,14,45-49 years,998,Chronic kidney disease due to diabetes mellitus type 2,1,Number,2021,442245.817383487,641534.791457192,285732.277891252,473504625.903218,487919674.240222,460213135.719539,5.51133,5.51,Global,47
411,2,DALYs (Disability-Adjusted Life Years),1,Global,3,Both,15,50-54 years,998,Chronic kidney disease due to diabetes mellitus type 2,1,Number,2021,792059.655163377,1106857.47882974,532495.024148624,444922982.841121,458714304.258768,432300957.286386,4.91312,4.91,Global,52
412,2,DALYs (Disability-Adjusted Life Years),1,Global,3,Both,16,55-59 years,998,Chronic kidney disease due to diabetes mellitus type 2,1,Number,2021,1230675.02854778,1650236.39071506,896212.391713164,395728004,407669300.348216,384764582.368839,4.34586,4.35,Global,57
413,2,DALYs (Disability-Adjusted Life Years),1,Global,3,Both,17,60-64 years,998,Chronic kidney disease due to diabetes mellitus type 2,1,Number,2021,1482393.94920772,1926613.79084266,1122053.34888962,320047853.312832,329387624.27068,311524379.587396,3.68223,3.68,Global,62
414,2,DALYs (Disability-Adjusted Life Years),1,Global,3,Both,18,65-69 years,998,Chronic kidney disease due to diabetes mellitus type 2,1,Number,2021,1766684.78594434,2183659.27864248,1312343.94410455,275842158.522357,284217678.194795,268116931.088218,2.98509,2.99,Global,67
415,2,DALYs (Disability-Adjusted Life Years),1,Global,3,Both,19,70-74 years,998,Chronic kidney disease due to diabetes mellitus type 2,1,Number,2021,1724463.7518596,2136450.4914979,1298834.00612718,205839220.385999,211972020.164289,200406728.542811,2.26526,2.27,Global,72
416,2,DALYs (Disability-Adjusted Life Years),1,Global,3,Both,20,75-79 years,998,Chronic kidney disease due to diabetes mellitus type 2,1,Number,2021,1350724.63589301,1657141.20288538,1073379.09979426,131884404.580217,135613447.4,128518633.372437,1.59758,1.6,Global,77
417,2,DALYs (Disability-Adjusted Life Years),1,Global,3,Both,30,80-84 years,998,Chronic kidney disease due to diabetes mellitus type 2,1,Number,2021,985576.888263228,1232719.08048375,748307.202532145,87583056.918491,89948887.7796038,85481848.25,1.09729,1.1,Global,82
418,2,DALYs (Disability-Adjusted Life Years),1,Global,3,Both,31,85-89 years,998,Chronic kidney disease due to diabetes mellitus type 2,1,Number,2021,644461.43009424,831151.752672377,466910.931504376,45721791.0517717,46852862.726504,44709230.7009568,0.604519,0.6,Global,87
419,2,DALYs (Disability-Adjusted Life Years),1,Global,3,Both,32,90-94 years,998,Chronic kidney disease due to diabetes mellitus type 2,1,Number,2021,322079.378848311,433415.390905555,230107.060522478,17889373.591415,18289317.0157285,17518670.986049,0.246663,0.25,Global,92
420,2,DALYs (Disability-Adjusted Life Years),1,Global,3,Both,235,95+ years,998,Chronic kidney disease due to diabetes mellitus type 2,1,Number,2021,120531.537075003,182006.930171073,68991.9080195087,5450308.67493343,5569992.58267677,5337366.13587716,0.0785092,0.08,Global,97
421,2,DALYs (Disability-Adjusted Life Years),1,Global,3,Both,10,25-29 years,999,Refraction disorders,1,Number,2021,252148.292771215,382126.595193602,162729.033684069,588343218.626762,607422118.669863,570487097.318648,7.59144,7.59,Global,27
422,2,DALYs (Disability-Adjusted Life Years),1,Global,3,Both,11,30-34 years,999,Refraction disorders,1,Number,2021,271177.829907186,409708.201555961,169701.936093045,604480174.775885,623603836.164416,586195014.793618,7.32171,7.32,Global,32
423,2,DALYs (Disability-Adjusted Life Years),1,Global,3,Both,12,35-39 years,999,Refraction disorders,1,Number,2021,297049.978292899,440905.033184176,187761.57915196,560866105.914554,578297964.608428,544251815.345755,6.82805,6.83,Global,37
424,2,DALYs (Disability-Adjusted Life Years),1,Global,3,Both,13,40-44 years,999,Refraction disorders,1,Number,2021,333488.239216573,507444.69040538,212413.397157399,500250795.605694,515432478.206861,485928430.82182,6.14735,6.15,Global,42
425,2,DALYs (Disability-Adjusted Life Years),1,Global,3,Both,14,45-49 years,999,Refraction disorders,1,Number,2021,429536.25339847,646895.413000196,281598.102926048,473504625.903218,487919674.240222,460213135.719539,5.51133,5.51,Global,47
426,2,DALYs (Disability-Adjusted Life Years),1,Global,3,Both,15,50-54 years,999,Refraction disorders,1,Number,2021,536116.025535749,814094.737331274,351170.666327277,444922982.841121,458714304.258768,432300957.286386,4.91312,4.91,Global,52
427,2,DALYs (Disability-Adjusted Life Years),1,Global,3,Both,16,55-59 years,999,Refraction disorders,1,Number,2021,635238.800973647,965389.210291399,402989.290428798,395728004,407669300.348216,384764582.368839,4.34586,4.35,Global,57
428,2,DALYs (Disability-Adjusted Life Years),1,Global,3,Both,17,60-64 years,999,Refraction disorders,1,Number,2021,647105.018606761,970537.836626304,423152.893391224,320047853.312832,329387624.27068,311524379.587396,3.68223,3.68,Global,62
429,2,DALYs (Disability-Adjusted Life Years),1,Global,3,Both,18,65-69 years,999,Refraction disorders,1,Number,2021,669820.827355648,995310.395999722,444018.197442561,275842158.522357,284217678.194795,268116931.088218,2.98509,2.99,Global,67
430,2,DALYs (Disability-Adjusted Life Years),1,Global,3,Both,19,70-74 years,999,Refraction disorders,1,Number,2021,566572.659909575,828724.336113253,381030.094399918,205839220.385999,211972020.164289,200406728.542811,2.26526,2.27,Global,72
431,2,DALYs (Disability-Adjusted Life Years),1,Global,3,Both,20,75-79 years,999,Refraction disorders,1,Number,2021,401291.796126698,570082.849178716,278828.796893617,131884404.580217,135613447.4,128518633.372437,1.59758,1.6,Global,77
432,2,DALYs (Disability-Adjusted Life Years),1,Global,3,Both,30,80-84 years,999,Refraction disorders,1,Number,2021,268107.05178586,382165.403990009,190856.454353424,87583056.918491,89948887.7796038,85481848.25,1.09729,1.1,Global,82
433,2,DALYs (Disability-Adjusted Life Years),1,Global,3,Both,31,85-89 years,999,Refraction disorders,1,Number,2021,133762.768812725,185020.676876768,92824.1694292168,45721791.0517717,46852862.726504,44709230.7009568,0.604519,0.6,Global,87
434,2,DALYs (Disability-Adjusted Life Years),1,Global,3,Both,32,90-94 years,999,Refraction disorders,1,Number,2021,45605.9277373126,66114.8083001698,30584.3120067086,17889373.591415,18289317.0157285,17518670.986049,0.246663,0.25,Global,92
435,2,DALYs (Disability-Adjusted Life Years),1,Global,3,Both,235,95+ years,999,Refraction disorders,1,Number,2021,12299.256827283,17817.3119357847,8148.55978341558,5450308.67493343,5569992.58267677,5337366.13587716,0.0785092,0.08,Global,97
436,2,DALYs (Disability-Adjusted Life Years),1,Global,3,Both,10,25-29 years,1006,Burkitt lymphoma,1,Number,2021,10448.6153399888,14588.9624026892,5663.84755616715,588343218.626762,607422118.669863,570487097.318648,7.59144,7.59,Global,27
437,2,DALYs (Disability-Adjusted Life Years),1,Global,3,Both,11,30-34 years,1006,Burkitt lymphoma,1,Number,2021,9678.03937407981,13556.8263528284,5461.19180891454,604480174.775885,623603836.164416,586195014.793618,7.32171,7.32,Global,32
438,2,DALYs (Disability-Adjusted Life Years),1,Global,3,Both,12,35-39 years,1006,Burkitt lymphoma,1,Number,2021,8624.05118932847,12426.4617243957,5117.53218564638,560866105.914554,578297964.608428,544251815.345755,6.82805,6.83,Global,37
439,2,DALYs (Disability-Adjusted Life Years),1,Global,3,Both,13,40-44 years,1006,Burkitt lymphoma,1,Number,2021,8158.57404330997,11322.0154918166,4782.30133519723,500250795.605694,515432478.206861,485928430.82182,6.14735,6.15,Global,42
440,2,DALYs (Disability-Adjusted Life Years),1,Global,3,Both,14,45-49 years,1006,Burkitt lymphoma,1,Number,2021,9462.84138658273,13264.8975866097,5396.57864285177,473504625.903218,487919674.240222,460213135.719539,5.51133,5.51,Global,47
441,2,DALYs (Disability-Adjusted Life Years),1,Global,3,Both,15,50-54 years,1006,Burkitt lymphoma,1,Number,2021,9005.9677321697,13027.8316209044,4859.1559241131,444922982.841121,458714304.258768,432300957.286386,4.91312,4.91,Global,52
442,2,DALYs (Disability-Adjusted Life Years),1,Global,3,Both,16,55-59 years,1006,Burkitt lymphoma,1,Number,2021,9227.38825045106,14164.2357772294,4783.69758631728,395728004,407669300.348216,384764582.368839,4.34586,4.35,Global,57
443,2,DALYs (Disability-Adjusted Life Years),1,Global,3,Both,17,60-64 years,1006,Burkitt lymphoma,1,Number,2021,8893.80212131771,13916.9688978779,4628.93397148981,320047853.312832,329387624.27068,311524379.587396,3.68223,3.68,Global,62
444,2,DALYs (Disability-Adjusted Life Years),1,Global,3,Both,18,65-69 years,1006,Burkitt lymphoma,1,Number,2021,8071.5564490901,13351.2744623728,3762.55262629151,275842158.522357,284217678.194795,268116931.088218,2.98509,2.99,Global,67
445,2,DALYs (Disability-Adjusted Life Years),1,Global,3,Both,19,70-74 years,1006,Burkitt lymphoma,1,Number,2021,7037.00609870153,12282.8134919447,3223.20352169976,205839220.385999,211972020.164289,200406728.542811,2.26526,2.27,Global,72
446,2,DALYs (Disability-Adjusted Life Years),1,Global,3,Both,20,75-79 years,1006,Burkitt lymphoma,1,Number,2021,5213.51082308848,9817.29748733974,2188.99055802684,131884404.580217,135613447.4,128518633.372437,1.59758,1.6,Global,77
447,2,DALYs (Disability-Adjusted Life Years),1,Global,3,Both,30,80-84 years,1006,Burkitt lymphoma,1,Number,2021,3525.40389072157,7153.59356417593,1426.38727473199,87583056.918491,89948887.7796038,85481848.25,1.09729,1.1,Global,82
448,2,DALYs (Disability-Adjusted Life Years),1,Global,3,Both,31,85-89 years,1006,Burkitt lymphoma,1,Number,2021,2008.07273692575,4531.22756001649,739.874005589899,45721791.0517717,46852862.726504,44709230.7009568,0.604519,0.6,Global,87
449,2,DALYs (Disability-Adjusted Life Years),1,Global,3,Both,32,90-94 years,1006,Burkitt lymphoma,1,Number,2021,823.899770780719,2058.41977698632,289.848916585431,17889373.591415,18289317.0157285,17518670.986049,0.246663,0.25,Global,92
450,2,DALYs (Disability-Adjusted Life Years),1,Global,3,Both,235,95+ years,1006,Burkitt lymphoma,1,Number,2021,226.9223986,662.540938353982,70.882995830893,5450308.67493343,5569992.58267677,5337366.13587716,0.0785092,0.08,Global,97
451,2,DALYs (Disability-Adjusted Life Years),1,Global,3,Both,10,25-29 years,1007,Other non-Hodgkin lymphoma,1,Number,2021,249141.770831516,284849.192091144,223660.840018614,588343218.626762,607422118.669863,570487097.318648,7.59144,7.59,Global,27
452,2,DALYs (Disability-Adjusted Life Years),1,Global,3,Both,11,30-34 years,1007,Other non-Hodgkin lymphoma,1,Number,2021,286587.056503371,330053.484850681,256802.282804485,604480174.775885,623603836.164416,586195014.793618,7.32171,7.32,Global,32
453,2,DALYs (Disability-Adjusted Life Years),1,Global,3,Both,12,35-39 years,1007,Other non-Hodgkin lymphoma,1,Number,2021,331389.233077077,369837.89638048,299466.156225358,560866105.914554,578297964.608428,544251815.345755,6.82805,6.83,Global,37
454,2,DALYs (Disability-Adjusted Life Years),1,Global,3,Both,13,40-44 years,1007,Other non-Hodgkin lymphoma,1,Number,2021,376802.257861151,420658.349376458,339652.75274379,500250795.605694,515432478.206861,485928430.82182,6.14735,6.15,Global,42
455,2,DALYs (Disability-Adjusted Life Years),1,Global,3,Both,14,45-49 years,1007,Other non-Hodgkin lymphoma,1,Number,2021,443016.470161873,496789.805149222,398226.831420611,473504625.903218,487919674.240222,460213135.719539,5.51133,5.51,Global,47
456,2,DALYs (Disability-Adjusted Life Years),1,Global,3,Both,15,50-54 years,1007,Other non-Hodgkin lymphoma,1,Number,2021,584317.695070462,646303.443245103,525697.463467961,444922982.841121,458714304.258768,432300957.286386,4.91312,4.91,Global,52
457,2,DALYs (Disability-Adjusted Life Years),1,Global,3,Both,16,55-59 years,1007,Other non-Hodgkin lymphoma,1,Number,2021,712699.096912929,799365.084577312,652634.4525,395728004,407669300.348216,384764582.368839,4.34586,4.35,Global,57
458,2,DALYs (Disability-Adjusted Life Years),1,Global,3,Both,17,60-64 years,1007,Other non-Hodgkin lymphoma,1,Number,2021,742031.314814969,820436.668432952,684439.399006397,320047853.312832,329387624.27068,311524379.587396,3.68223,3.68,Global,62
459,2,DALYs (Disability-Adjusted Life Years),1,Global,3,Both,18,65-69 years,1007,Other non-Hodgkin lymphoma,1,Number,2021,796094.922237329,871015.061864582,736169.863680949,275842158.522357,284217678.194795,268116931.088218,2.98509,2.99,Global,67
460,2,DALYs (Disability-Adjusted Life Years),1,Global,3,Both,19,70-74 years,1007,Other non-Hodgkin lymphoma,1,Number,2021,738022.837249685,794152.933549552,684340.835830055,205839220.385999,211972020.164289,200406728.542811,2.26526,2.27,Global,72
461,2,DALYs (Disability-Adjusted Life Years),1,Global,3,Both,20,75-79 years,1007,Other non-Hodgkin lymphoma,1,Number,2021,517076.802486281,552520.721903853,470476.506527901,131884404.580217,135613447.4,128518633.372437,1.59758,1.6,Global,77
462,2,DALYs (Disability-Adjusted Life Years),1,Global,3,Both,30,80-84 years,1007,Other non-Hodgkin lymphoma,1,Number,2021,368212.210005593,398007.898654139,319607.85626364,87583056.918491,89948887.7796038,85481848.25,1.09729,1.1,Global,82
463,2,DALYs (Disability-Adjusted Life Years),1,Global,3,Both,31,85-89 years,1007,Other non-Hodgkin lymphoma,1,Number,2021,206922.959009426,227231.803544966,169375.659279534,45721791.0517717,46852862.726504,44709230.7009568,0.604519,0.6,Global,87
464,2,DALYs (Disability-Adjusted Life Years),1,Global,3,Both,32,90-94 years,1007,Other non-Hodgkin lymphoma,1,Number,2021,93198.1490574806,104143.020929988,72467.386229389,17889373.591415,18289317.0157285,17518670.986049,0.246663,0.25,Global,92
465,2,DALYs (Disability-Adjusted Life Years),1,Global,3,Both,235,95+ years,1007,Other non-Hodgkin lymphoma,1,Number,2021,29012.6932540572,33209.4563700588,20775.2797088056,5450308.67493343,5569992.58267677,5337366.13587716,0.0785092,0.08,Global,97
466,2,DALYs (Disability-Adjusted Life Years),1,Global,3,Both,10,25-29 years,1010,Other eye cancers,1,Number,2021,7483.87754605418,10183.3495307437,4958.18383093444,588343218.626762,607422118.669863,570487097.318648,7.59144,7.59,Global,27
467,2,DALYs (Disability-Adjusted Life Years),1,Global,3,Both,11,30-34 years,1010,Other eye cancers,1,Number,2021,8634.49610560642,11705.9158814844,5941.99529643758,604480174.775885,623603836.164416,586195014.793618,7.32171,7.32,Global,32
468,2,DALYs (Disability-Adjusted Life Years),1,Global,3,Both,12,35-39 years,1010,Other eye cancers,1,Number,2021,10111.818756144,13269.9100620436,6950.98153642792,560866105.914554,578297964.608428,544251815.345755,6.82805,6.83,Global,37
469,2,DALYs (Disability-Adjusted Life Years),1,Global,3,Both,13,40-44 years,1010,Other eye cancers,1,Number,2021,17162.8337438864,24062.2999230578,12254.1262946534,500250795.605694,515432478.206861,485928430.82182,6.14735,6.15,Global,42
470,2,DALYs (Disability-Adjusted Life Years),1,Global,3,Both,14,45-49 years,1010,Other eye cancers,1,Number,2021,18177.2546428701,24329.3024535813,13032.552429133,473504625.903218,487919674.240222,460213135.719539,5.51133,5.51,Global,47
471,2,DALYs (Disability-Adjusted Life Years),1,Global,3,Both,15,50-54 years,1010,Other eye cancers,1,Number,2021,20724.4920765252,27516.0414169644,15462.1063602277,444922982.841121,458714304.258768,432300957.286386,4.91312,4.91,Global,52
472,2,DALYs (Disability-Adjusted Life Years),1,Global,3,Both,16,55-59 years,1010,Other eye cancers,1,Number,2021,22663.9855645976,28308.7720443526,17192.9754294492,395728004,407669300.348216,384764582.368839,4.34586,4.35,Global,57
473,2,DALYs (Disability-Adjusted Life Years),1,Global,3,Both,17,60-64 years,1010,Other eye cancers,1,Number,2021,27398.7429541156,34282.377951608,20932.5205862413,320047853.312832,329387624.27068,311524379.587396,3.68223,3.68,Global,62
474,2,DALYs (Disability-Adjusted Life Years),1,Global,3,Both,18,65-69 years,1010,Other eye cancers,1,Number,2021,25822.8907503169,31808.1724778946,20412.9745922041,275842158.522357,284217678.194795,268116931.088218,2.98509,2.99,Global,67
475,2,DALYs (Disability-Adjusted Life Years),1,Global,3,Both,19,70-74 years,1010,Other eye cancers,1,Number,2021,20365.474435208,24050.413184753,16118.8053075291,205839220.385999,211972020.164289,200406728.542811,2.26526,2.27,Global,72
476,2,DALYs (Disability-Adjusted Life Years),1,Global,3,Both,20,75-79 years,1010,Other eye cancers,1,Number,2021,14120.5641620333,17145.9910071361,11040.0082181936,131884404.580217,135613447.4,128518633.372437,1.59758,1.6,Global,77
477,2,DALYs (Disability-Adjusted Life Years),1,Global,3,Both,30,80-84 years,1010,Other eye cancers,1,Number,2021,10308.0418333659,12083.0196190689,8122.54801694895,87583056.918491,89948887.7796038,85481848.25,1.09729,1.1,Global,82
478,2,DALYs (Disability-Adjusted Life Years),1,Global,3,Both,31,85-89 years,1010,Other eye cancers,1,Number,2021,5677.72111122427,6561.72773545342,4458.44867020808,45721791.0517717,46852862.726504,44709230.7009568,0.604519,0.6,Global,87
479,2,DALYs (Disability-Adjusted Life Years),1,Global,3,Both,32,90-94 years,1010,Other eye cancers,1,Number,2021,2816.17073446571,3318.09829529589,2173.42862099614,17889373.591415,18289317.0157285,17518670.986049,0.246663,0.25,Global,92
480,2,DALYs (Disability-Adjusted Life Years),1,Global,3,Both,235,95+ years,1010,Other eye cancers,1,Number,2021,1021.03802777978,1259.16250495712,726.349608504192,5450308.67493343,5569992.58267677,5337366.13587716,0.0785092,0.08,Global,97
481,2,DALYs (Disability-Adjusted Life Years),1,Global,3,Both,10,25-29 years,1011,Soft tissue and other extraosseous sarcomas,1,Number,2021,74186.458940181,95957.8537605292,63201.91325,588343218.626762,607422118.669863,570487097.318648,7.59144,7.59,Global,27
482,2,DALYs (Disability-Adjusted Life Years),1,Global,3,Both,11,30-34 years,1011,Soft tissue and other extraosseous sarcomas,1,Number,2021,77720.2259190733,101143.669657389,65917.6737250695,604480174.775885,623603836.164416,586195014.793618,7.32171,7.32,Global,32
483,2,DALYs (Disability-Adjusted Life Years),1,Global,3,Both,12,35-39 years,1011,Soft tissue and other extraosseous sarcomas,1,Number,2021,83349.8268862968,108373.87583417,70550.8951602545,560866105.914554,578297964.608428,544251815.345755,6.82805,6.83,Global,37
484,2,DALYs (Disability-Adjusted Life Years),1,Global,3,Both,13,40-44 years,1011,Soft tissue and other extraosseous sarcomas,1,Number,2021,105769.403331045,136271.142513032,86520.3994562277,500250795.605694,515432478.206861,485928430.82182,6.14735,6.15,Global,42
485,2,DALYs (Disability-Adjusted Life Years),1,Global,3,Both,14,45-49 years,1011,Soft tissue and other extraosseous sarcomas,1,Number,2021,108258.403098186,136962.15397437,89747.8169612802,473504625.903218,487919674.240222,460213135.719539,5.51133,5.51,Global,47
486,2,DALYs (Disability-Adjusted Life Years),1,Global,3,Both,15,50-54 years,1011,Soft tissue and other extraosseous sarcomas,1,Number,2021,123928.480792463,150594.527720883,104556.404613411,444922982.841121,458714304.258768,432300957.286386,4.91312,4.91,Global,52
487,2,DALYs (Disability-Adjusted Life Years),1,Global,3,Both,16,55-59 years,1011,Soft tissue and other extraosseous sarcomas,1,Number,2021,135325.417367452,164889.815227733,115606.340963777,395728004,407669300.348216,384764582.368839,4.34586,4.35,Global,57
488,2,DALYs (Disability-Adjusted Life Years),1,Global,3,Both,17,60-64 years,1011,Soft tissue and other extraosseous sarcomas,1,Number,2021,144413.428067569,173435.912192815,125277.599441188,320047853.312832,329387624.27068,311524379.587396,3.68223,3.68,Global,62
489,2,DALYs (Disability-Adjusted Life Years),1,Global,3,Both,18,65-69 years,1011,Soft tissue and other extraosseous sarcomas,1,Number,2021,134698.076330765,164510.297151702,113803.926589169,275842158.522357,284217678.194795,268116931.088218,2.98509,2.99,Global,67
490,2,DALYs (Disability-Adjusted Life Years),1,Global,3,Both,19,70-74 years,1011,Soft tissue and other extraosseous sarcomas,1,Number,2021,114676.498370693,135448.632980404,99928.7697184305,205839220.385999,211972020.164289,200406728.542811,2.26526,2.27,Global,72
491,2,DALYs (Disability-Adjusted Life Years),1,Global,3,Both,20,75-79 years,1011,Soft tissue and other extraosseous sarcomas,1,Number,2021,77687.1782095524,92038.2569747538,67016.0792486425,131884404.580217,135613447.4,128518633.372437,1.59758,1.6,Global,77
492,2,DALYs (Disability-Adjusted Life Years),1,Global,3,Both,30,80-84 years,1011,Soft tissue and other extraosseous sarcomas,1,Number,2021,58164.0039516178,69588.6915369066,50047.8576505311,87583056.918491,89948887.7796038,85481848.25,1.09729,1.1,Global,82
493,2,DALYs (Disability-Adjusted Life Years),1,Global,3,Both,31,85-89 years,1011,Soft tissue and other extraosseous sarcomas,1,Number,2021,31553.680801909,37368.9361171627,26338.6740975262,45721791.0517717,46852862.726504,44709230.7009568,0.604519,0.6,Global,87
494,2,DALYs (Disability-Adjusted Life Years),1,Global,3,Both,32,90-94 years,1011,Soft tissue and other extraosseous sarcomas,1,Number,2021,13958.0619757135,16075.8850425531,11216.0719176018,17889373.591415,18289317.0157285,17518670.986049,0.246663,0.25,Global,92
495,2,DALYs (Disability-Adjusted Life Years),1,Global,3,Both,235,95+ years,1011,Soft tissue and other extraosseous sarcomas,1,Number,2021,4116.51783545027,4765.62063861846,3012.18977275369,5450308.67493343,5569992.58267677,5337366.13587716,0.0785092,0.08,Global,97
496,2,DALYs (Disability-Adjusted Life Years),1,Global,3,Both,10,25-29 years,1012,Malignant neoplasm of bone and articular cartilage,1,Number,2021,144943.569056185,171027.350003861,120094.746670778,588343218.626762,607422118.669863,570487097.318648,7.59144,7.59,Global,27
497,2,DALYs (Disability-Adjusted Life Years),1,Global,3,Both,11,30-34 years,1012,Malignant neoplasm of bone and articular cartilage,1,Number,2021,106421.984386729,122210.414500984,87166.2093534837,604480174.775885,623603836.164416,586195014.793618,7.32171,7.32,Global,32
498,2,DALYs (Disability-Adjusted Life Years),1,Global,3,Both,12,35-39 years,1012,Malignant neoplasm of bone and articular cartilage,1,Number,2021,102086.565927601,115741.836471746,83360.2868443439,560866105.914554,578297964.608428,544251815.345755,6.82805,6.83,Global,37
499,2,DALYs (Disability-Adjusted Life Years),1,Global,3,Both,13,40-44 years,1012,Malignant neoplasm of bone and articular cartilage,1,Number,2021,116365.797960435,132663.972189466,94071.8136175789,500250795.605694,515432478.206861,485928430.82182,6.14735,6.15,Global,42
500,2,DALYs (Disability-Adjusted Life Years),1,Global,3,Both,14,45-49 years,1012,Malignant neoplasm of bone and articular cartilage,1,Number,2021,129899.399859614,149665.823179641,102237.850150386,473504625.903218,487919674.240222,460213135.719539,5.51133,5.51,Global,47
501,2,DALYs (Disability-Adjusted Life Years),1,Global,3,Both,15,50-54 years,1012,Malignant neoplasm of bone and articular cartilage,1,Number,2021,158633.292918662,182375.731898301,125356.255459546,444922982.841121,458714304.258768,432300957.286386,4.91312,4.91,Global,52
502,2,DALYs (Disability-Adjusted Life Years),1,Global,3,Both,16,55-59 years,1012,Malignant neoplasm of bone and articular cartilage,1,Number,2021,183617.804262408,211692.808278032,143391.251557812,395728004,407669300.348216,384764582.368839,4.34586,4.35,Global,57
503,2,DALYs (Disability-Adjusted Life Years),1,Global,3,Both,17,60-64 years,1012,Malignant neoplasm of bone and articular cartilage,1,Number,2021,172539.426582139,198557.733716591,133205.073582464,320047853.312832,329387624.27068,311524379.587396,3.68223,3.68,Global,62
504,2,DALYs (Disability-Adjusted Life Years),1,Global,3,Both,18,65-69 years,1012,Malignant neoplasm of bone and articular cartilage,1,Number,2021,175669.809016468,204585.1921,133042.985938796,275842158.522357,284217678.194795,268116931.088218,2.98509,2.99,Global,67
505,2,DALYs (Disability-Adjusted Life Years),1,Global,3,Both,19,70-74 years,1012,Malignant neoplasm of bone and articular cartilage,1,Number,2021,145106.4374,170023.519204887,111300.901230031,205839220.385999,211972020.164289,200406728.542811,2.26526,2.27,Global,72
506,2,DALYs (Disability-Adjusted Life Years),1,Global,3,Both,20,75-79 years,1012,Malignant neoplasm of bone and articular cartilage,1,Number,2021,92613.2878872665,106887.421891858,72808.5696415852,131884404.580217,135613447.4,128518633.372437,1.59758,1.6,Global,77
507,2,DALYs (Disability-Adjusted Life Years),1,Global,3,Both,30,80-84 years,1012,Malignant neoplasm of bone and articular cartilage,1,Number,2021,55096.1170438471,63978.565776515,43461.9057079666,87583056.918491,89948887.7796038,85481848.25,1.09729,1.1,Global,82
508,2,DALYs (Disability-Adjusted Life Years),1,Global,3,Both,31,85-89 years,1012,Malignant neoplasm of bone and articular cartilage,1,Number,2021,26925.2409067267,31278.8327638967,21200.7201063069,45721791.0517717,46852862.726504,44709230.7009568,0.604519,0.6,Global,87
509,2,DALYs (Disability-Adjusted Life Years),1,Global,3,Both,32,90-94 years,1012,Malignant neoplasm of bone and articular cartilage,1,Number,2021,10020.898073786,11487.4140313566,7927.42929573282,17889373.591415,18289317.0157285,17518670.986049,0.246663,0.25,Global,92
510,2,DALYs (Disability-Adjusted Life Years),1,Global,3,Both,235,95+ years,1012,Malignant neoplasm of bone and articular cartilage,1,Number,2021,2770.82146482721,3210.50755512018,2018.0659641636,5450308.67493343,5569992.58267677,5337366.13587716,0.0785092,0.08,Global,97
511,2,DALYs (Disability-Adjusted Life Years),1,Global,3,Both,10,25-29 years,1013,Neuroblastoma and other peripheral nervous cell tumors,1,Number,2021,8058.47025414563,9072.03388319209,6973.19105755127,588343218.626762,607422118.669863,570487097.318648,7.59144,7.59,Global,27
512,2,DALYs (Disability-Adjusted Life Years),1,Global,3,Both,11,30-34 years,1013,Neuroblastoma and other peripheral nervous cell tumors,1,Number,2021,9402.9839595055,10321.0666659497,8349.80140740015,604480174.775885,623603836.164416,586195014.793618,7.32171,7.32,Global,32
513,2,DALYs (Disability-Adjusted Life Years),1,Global,3,Both,12,35-39 years,1013,Neuroblastoma and other peripheral nervous cell tumors,1,Number,2021,8061.59163627799,8854.06502701046,7084.77825866996,560866105.914554,578297964.608428,544251815.345755,6.82805,6.83,Global,37
514,2,DALYs (Disability-Adjusted Life Years),1,Global,3,Both,13,40-44 years,1013,Neuroblastoma and other peripheral nervous cell tumors,1,Number,2021,8035.8442252726,8853.99646560497,6934.21849133822,500250795.605694,515432478.206861,485928430.82182,6.14735,6.15,Global,42
515,2,DALYs (Disability-Adjusted Life Years),1,Global,3,Both,14,45-49 years,1013,Neuroblastoma and other peripheral nervous cell tumors,1,Number,2021,9008.31692673288,9956.82548687125,7740.38374086809,473504625.903218,487919674.240222,460213135.719539,5.51133,5.51,Global,47
516,2,DALYs (Disability-Adjusted Life Years),1,Global,3,Both,15,50-54 years,1013,Neuroblastoma and other peripheral nervous cell tumors,1,Number,2021,9821.25804088836,11008.0250297452,8323.82848996628,444922982.841121,458714304.258768,432300957.286386,4.91312,4.91,Global,52
517,2,DALYs (Disability-Adjusted Life Years),1,Global,3,Both,16,55-59 years,1013,Neuroblastoma and other peripheral nervous cell tumors,1,Number,2021,10244.6841211269,11461.539359736,8627.29583976013,395728004,407669300.348216,384764582.368839,4.34586,4.35,Global,57
518,2,DALYs (Disability-Adjusted Life Years),1,Global,3,Both,17,60-64 years,1013,Neuroblastoma and other peripheral nervous cell tumors,1,Number,2021,8766.73395940807,9675.18188402447,7527.25477037621,320047853.312832,329387624.27068,311524379.587396,3.68223,3.68,Global,62
519,2,DALYs (Disability-Adjusted Life Years),1,Global,3,Both,18,65-69 years,1013,Neuroblastoma and other peripheral nervous cell tumors,1,Number,2021,8170.08719953217,9180.87868192627,6794.12734520609,275842158.522357,284217678.194795,268116931.088218,2.98509,2.99,Global,67
520,2,DALYs (Disability-Adjusted Life Years),1,Global,3,Both,19,70-74 years,1013,Neuroblastoma and other peripheral nervous cell tumors,1,Number,2021,6832.39255743531,7627.49376579844,5647.85052866322,205839220.385999,211972020.164289,200406728.542811,2.26526,2.27,Global,72
521,2,DALYs (Disability-Adjusted Life Years),1,Global,3,Both,20,75-79 years,1013,Neuroblastoma and other peripheral nervous cell tumors,1,Number,2021,4006.9021090575,4444.75725745805,3352.35491878814,131884404.580217,135613447.4,128518633.372437,1.59758,1.6,Global,77
522,2,DALYs (Disability-Adjusted Life Years),1,Global,3,Both,30,80-84 years,1013,Neuroblastoma and other peripheral nervous cell tumors,1,Number,2021,2404.07389851197,2679.60885152329,1992.11837418272,87583056.918491,89948887.7796038,85481848.25,1.09729,1.1,Global,82
523,2,DALYs (Disability-Adjusted Life Years),1,Global,3,Both,31,85-89 years,1013,Neuroblastoma and other peripheral nervous cell tumors,1,Number,2021,1323.79281205104,1504.86545963482,1091.4975219927,45721791.0517717,46852862.726504,44709230.7009568,0.604519,0.6,Global,87
524,2,DALYs (Disability-Adjusted Life Years),1,Global,3,Both,32,90-94 years,1013,Neuroblastoma and other peripheral nervous cell tumors,1,Number,2021,546.204276300418,624.041965723826,435.026727783042,17889373.591415,18289317.0157285,17518670.986049,0.246663,0.25,Global,92
525,2,DALYs (Disability-Adjusted Life Years),1,Global,3,Both,235,95+ years,1013,Neuroblastoma and other peripheral nervous cell tumors,1,Number,2021,165.820535378889,198.645444494771,121.668536905377,5450308.67493343,5569992.58267677,5337366.13587716,0.0785092,0.08,Global,97
526,2,DALYs (Disability-Adjusted Life Years),1,Global,3,Both,10,25-29 years,352,Cysticercosis,1,Number,2021,70101.1274094091,124498.959238337,33051.4385509478,588343218.626762,607422118.669863,570487097.318648,7.59144,7.59,Global,27
527,2,DALYs (Disability-Adjusted Life Years),1,Global,3,Both,11,30-34 years,352,Cysticercosis,1,Number,2021,81761.7681215825,143584.904292699,39336.242427761,604480174.775885,623603836.164416,586195014.793618,7.32171,7.32,Global,32
528,2,DALYs (Disability-Adjusted Life Years),1,Global,3,Both,12,35-39 years,352,Cysticercosis,1,Number,2021,88689.2959653669,153810.53700422,39137.1960329642,560866105.914554,578297964.608428,544251815.345755,6.82805,6.83,Global,37
529,2,DALYs (Disability-Adjusted Life Years),1,Global,3,Both,13,40-44 years,352,Cysticercosis,1,Number,2021,90658.1341099532,160789.432600765,38953.8412998954,500250795.605694,515432478.206861,485928430.82182,6.14735,6.15,Global,42
530,2,DALYs (Disability-Adjusted Life Years),1,Global,3,Both,14,45-49 years,352,Cysticercosis,1,Number,2021,90760.5632970712,157401.38731394,41508.778262193,473504625.903218,487919674.240222,460213135.719539,5.51133,5.51,Global,47
531,2,DALYs (Disability-Adjusted Life Years),1,Global,3,Both,15,50-54 years,352,Cysticercosis,1,Number,2021,94497.0360028652,158733.723778247,47721.6988917572,444922982.841121,458714304.258768,432300957.286386,4.91312,4.91,Global,52
532,2,DALYs (Disability-Adjusted Life Years),1,Global,3,Both,16,55-59 years,352,Cysticercosis,1,Number,2021,108293.256717111,187124.722240219,56770.8201487588,395728004,407669300.348216,384764582.368839,4.34586,4.35,Global,57
533,2,DALYs (Disability-Adjusted Life Years),1,Global,3,Both,17,60-64 years,352,Cysticercosis,1,Number,2021,118898.811862625,206017.235104946,62550.8114754838,320047853.312832,329387624.27068,311524379.587396,3.68223,3.68,Global,62
534,2,DALYs (Disability-Adjusted Life Years),1,Global,3,Both,18,65-69 years,352,Cysticercosis,1,Number,2021,121952.876145313,225620.364199196,58946.6033689019,275842158.522357,284217678.194795,268116931.088218,2.98509,2.99,Global,67
535,2,DALYs (Disability-Adjusted Life Years),1,Global,3,Both,19,70-74 years,352,Cysticercosis,1,Number,2021,105734.192682024,184670.990470888,49978.2833368242,205839220.385999,211972020.164289,200406728.542811,2.26526,2.27,Global,72
536,2,DALYs (Disability-Adjusted Life Years),1,Global,3,Both,20,75-79 years,352,Cysticercosis,1,Number,2021,79858.9387222609,138441.661707981,38083.5671977184,131884404.580217,135613447.4,128518633.372437,1.59758,1.6,Global,77
537,2,DALYs (Disability-Adjusted Life Years),1,Global,3,Both,30,80-84 years,352,Cysticercosis,1,Number,2021,55626.5724283097,93749.2859486271,27780.3298911096,87583056.918491,89948887.7796038,85481848.25,1.09729,1.1,Global,82
538,2,DALYs (Disability-Adjusted Life Years),1,Global,3,Both,31,85-89 years,352,Cysticercosis,1,Number,2021,29443.9023812234,49871.3350958129,14756.7212775148,45721791.0517717,46852862.726504,44709230.7009568,0.604519,0.6,Global,87
539,2,DALYs (Disability-Adjusted Life Years),1,Global,3,Both,32,90-94 years,352,Cysticercosis,1,Number,2021,12540.9723234222,22023.3595605142,6180.53364067414,17889373.591415,18289317.0157285,17518670.986049,0.246663,0.25,Global,92
540,2,DALYs (Disability-Adjusted Life Years),1,Global,3,Both,235,95+ years,352,Cysticercosis,1,Number,2021,4851.83713270851,8938.12292857545,1982.88407203286,5450308.67493343,5569992.58267677,5337366.13587716,0.0785092,0.08,Global,97
541,2,DALYs (Disability-Adjusted Life Years),1,Global,3,Both,10,25-29 years,356,Trachoma,1,Number,2021,849.613082642825,1436.00622542905,485.438106356141,588343218.626762,607422118.669863,570487097.318648,7.59144,7.59,Global,27
542,2,DALYs (Disability-Adjusted Life Years),1,Global,3,Both,11,30-34 years,356,Trachoma,1,Number,2021,1458.39876465876,2383.61633495799,772.567971635552,604480174.775885,623603836.164416,586195014.793618,7.32171,7.32,Global,32
543,2,DALYs (Disability-Adjusted Life Years),1,Global,3,Both,12,35-39 years,356,Trachoma,1,Number,2021,2466.78836207639,3832.37108747654,1378.6119926408,560866105.914554,578297964.608428,544251815.345755,6.82805,6.83,Global,37
544,2,DALYs (Disability-Adjusted Life Years),1,Global,3,Both,13,40-44 years,356,Trachoma,1,Number,2021,4173.33801327773,6511.12909053225,2443.11721032755,500250795.605694,515432478.206861,485928430.82182,6.14735,6.15,Global,42
545,2,DALYs (Disability-Adjusted Life Years),1,Global,3,Both,14,45-49 years,356,Trachoma,1,Number,2021,6511.97656564894,10329.635762849,3847.42263680642,473504625.903218,487919674.240222,460213135.719539,5.51133,5.51,Global,47
546,2,DALYs (Disability-Adjusted Life Years),1,Global,3,Both,15,50-54 years,356,Trachoma,1,Number,2021,8861.7055399037,14473.9592031898,5308.46186560792,444922982.841121,458714304.258768,432300957.286386,4.91312,4.91,Global,52
547,2,DALYs (Disability-Adjusted Life Years),1,Global,3,Both,16,55-59 years,356,Trachoma,1,Number,2021,12265.6605183364,19931.9745755906,7201.86835817125,395728004,407669300.348216,384764582.368839,4.34586,4.35,Global,57
548,2,DALYs (Disability-Adjusted Life Years),1,Global,3,Both,17,60-64 years,356,Trachoma,1,Number,2021,15909.983621594,25612.5342926923,8859.27839914082,320047853.312832,329387624.27068,311524379.587396,3.68223,3.68,Global,62
549,2,DALYs (Disability-Adjusted Life Years),1,Global,3,Both,18,65-69 years,356,Trachoma,1,Number,2021,18599.3941744149,30492.2591317537,10280.7202290054,275842158.522357,284217678.194795,268116931.088218,2.98509,2.99,Global,67
550,2,DALYs (Disability-Adjusted Life Years),1,Global,3,Both,19,70-74 years,356,Trachoma,1,Number,2021,17901.2171381883,27342.1664482411,10358.571062995,205839220.385999,211972020.164289,200406728.542811,2.26526,2.27,Global,72
551,2,DALYs (Disability-Adjusted Life Years),1,Global,3,Both,20,75-79 years,356,Trachoma,1,Number,2021,15131.5044026287,23146.2521072471,9446.86575405936,131884404.580217,135613447.4,128518633.372437,1.59758,1.6,Global,77
552,2,DALYs (Disability-Adjusted Life Years),1,Global,3,Both,30,80-84 years,356,Trachoma,1,Number,2021,10586.5389318837,16209.3769736375,6489.78897874027,87583056.918491,89948887.7796038,85481848.25,1.09729,1.1,Global,82
553,2,DALYs (Disability-Adjusted Life Years),1,Global,3,Both,31,85-89 years,356,Trachoma,1,Number,2021,5382.57206965633,8407.06342657709,3124.47952598278,45721791.0517717,46852862.726504,44709230.7009568,0.604519,0.6,Global,87
554,2,DALYs (Disability-Adjusted Life Years),1,Global,3,Both,32,90-94 years,356,Trachoma,1,Number,2021,1694.28365673623,2753.14878871637,951.748006092978,17889373.591415,18289317.0157285,17518670.986049,0.246663,0.25,Global,92
555,2,DALYs (Disability-Adjusted Life Years),1,Global,3,Both,235,95+ years,356,Trachoma,1,Number,2021,429.7904553,755.937252268322,221.650838555467,5450308.67493343,5569992.58267677,5337366.13587716,0.0785092,0.08,Global,97
556,2,DALYs (Disability-Adjusted Life Years),1,Global,3,Both,10,25-29 years,489,Other malignant neoplasms,1,Number,2021,177202.240305391,198036.479402764,150598.16743462,588343218.626762,607422118.669863,570487097.318648,7.59144,7.59,Global,27
557,2,DALYs (Disability-Adjusted Life Years),1,Global,3,Both,11,30-34 years,489,Other malignant neoplasms,1,Number,2021,188058.022552116,208209.520188815,162690.53456081,604480174.775885,623603836.164416,586195014.793618,7.32171,7.32,Global,32
558,2,DALYs (Disability-Adjusted Life Years),1,Global,3,Both,12,35-39 years,489,Other malignant neoplasms,1,Number,2021,247524.475646063,274639.148494022,215154.192395716,560866105.914554,578297964.608428,544251815.345755,6.82805,6.83,Global,37
559,2,DALYs (Disability-Adjusted Life Years),1,Global,3,Both,13,40-44 years,489,Other malignant neoplasms,1,Number,2021,336630.607952301,370559.898211676,295621.120666967,500250795.605694,515432478.206861,485928430.82182,6.14735,6.15,Global,42
560,2,DALYs (Disability-Adjusted Life Years),1,Global,3,Both,14,45-49 years,489,Other malignant neoplasms,1,Number,2021,389347.991564099,430945.400473457,342367.756204439,473504625.903218,487919674.240222,460213135.719539,5.51133,5.51,Global,47
561,2,DALYs (Disability-Adjusted Life Years),1,Global,3,Both,15,50-54 years,489,Other malignant neoplasms,1,Number,2021,518009.961790107,577274.734435926,457083.722886813,444922982.841121,458714304.258768,432300957.286386,4.91312,4.91,Global,52
562,2,DALYs (Disability-Adjusted Life Years),1,Global,3,Both,16,55-59 years,489,Other malignant neoplasms,1,Number,2021,634483.283016224,704305.678437724,557763.149278716,395728004,407669300.348216,384764582.368839,4.34586,4.35,Global,57
563,2,DALYs (Disability-Adjusted Life Years),1,Global,3,Both,17,60-64 years,489,Other malignant neoplasms,1,Number,2021,646634.886506331,705682.180679999,580940.922727985,320047853.312832,329387624.27068,311524379.587396,3.68223,3.68,Global,62
564,2,DALYs (Disability-Adjusted Life Years),1,Global,3,Both,18,65-69 years,489,Other malignant neoplasms,1,Number,2021,663863.173147524,729906.271462874,595223.067921944,275842158.522357,284217678.194795,268116931.088218,2.98509,2.99,Global,67
565,2,DALYs (Disability-Adjusted Life Years),1,Global,3,Both,19,70-74 years,489,Other malignant neoplasms,1,Number,2021,580072.436890422,638366.732957464,518213.249543029,205839220.385999,211972020.164289,200406728.542811,2.26526,2.27,Global,72
566,2,DALYs (Disability-Adjusted Life Years),1,Global,3,Both,20,75-79 years,489,Other malignant neoplasms,1,Number,2021,404091.44948789,440947.880540192,361152.970321086,131884404.580217,135613447.4,128518633.372437,1.59758,1.6,Global,77
567,2,DALYs (Disability-Adjusted Life Years),1,Global,3,Both,30,80-84 years,489,Other malignant neoplasms,1,Number,2021,287430.539032482,314288.380402363,250896.161264821,87583056.918491,89948887.7796038,85481848.25,1.09729,1.1,Global,82
568,2,DALYs (Disability-Adjusted Life Years),1,Global,3,Both,31,85-89 years,489,Other malignant neoplasms,1,Number,2021,163903.623647392,180754.813829222,137828.870476286,45721791.0517717,46852862.726504,44709230.7009568,0.604519,0.6,Global,87
569,2,DALYs (Disability-Adjusted Life Years),1,Global,3,Both,32,90-94 years,489,Other malignant neoplasms,1,Number,2021,74717.9146766972,83647.190031246,59083.4591042864,17889373.591415,18289317.0157285,17518670.986049,0.246663,0.25,Global,92
570,2,DALYs (Disability-Adjusted Life Years),1,Global,3,Both,235,95+ years,489,Other malignant neoplasms,1,Number,2021,23786.2623782225,27236.2502041391,17307.0813019416,5450308.67493343,5569992.58267677,5337366.13587716,0.0785092,0.08,Global,97
571,2,DALYs (Disability-Adjusted Life Years),1,Global,3,Both,10,25-29 years,493,Ischemic heart disease,1,Number,2021,1830416.08611365,1956968.6518529,1693642.17136006,588343218.626762,607422118.669863,570487097.318648,7.59144,7.59,Global,27
572,2,DALYs (Disability-Adjusted Life Years),1,Global,3,Both,11,30-34 years,493,Ischemic heart disease,1,Number,2021,3393809.1046378,3586699.40785779,3174407.94849866,604480174.775885,623603836.164416,586195014.793618,7.32171,7.32,Global,32
573,2,DALYs (Disability-Adjusted Life Years),1,Global,3,Both,12,35-39 years,493,Ischemic heart disease,1,Number,2021,4903530.11527064,5219245.31821006,4624617.70703278,560866105.914554,578297964.608428,544251815.345755,6.82805,6.83,Global,37
574,2,DALYs (Disability-Adjusted Life Years),1,Global,3,Both,13,40-44 years,493,Ischemic heart disease,1,Number,2021,7733697.20692074,8257181.78204818,7256844.6467372,500250795.605694,515432478.206861,485928430.82182,6.14735,6.15,Global,42
575,2,DALYs (Disability-Adjusted Life Years),1,Global,3,Both,14,45-49 years,493,Ischemic heart disease,1,Number,2021,10691370.1118022,11413712.6950123,10026529.7173865,473504625.903218,487919674.240222,460213135.719539,5.51133,5.51,Global,47
576,2,DALYs (Disability-Adjusted Life Years),1,Global,3,Both,15,50-54 years,493,Ischemic heart disease,1,Number,2021,14731768.9183314,15648102.0945837,13819549.4919602,444922982.841121,458714304.258768,432300957.286386,4.91312,4.91,Global,52
577,2,DALYs (Disability-Adjusted Life Years),1,Global,3,Both,16,55-59 years,493,Ischemic heart disease,1,Number,2021,19071783.4711789,20260815.4790409,17955360.7706983,395728004,407669300.348216,384764582.368839,4.34586,4.35,Global,57
578,2,DALYs (Disability-Adjusted Life Years),1,Global,3,Both,17,60-64 years,493,Ischemic heart disease,1,Number,2021,21411394.9562276,22623633.6490228,20301687.7430399,320047853.312832,329387624.27068,311524379.587396,3.68223,3.68,Global,62
579,2,DALYs (Disability-Adjusted Life Years),1,Global,3,Both,18,65-69 years,493,Ischemic heart disease,1,Number,2021,23627678.5306152,24994072.6687119,22366251.2594276,275842158.522357,284217678.194795,268116931.088218,2.98509,2.99,Global,67
580,2,DALYs (Disability-Adjusted Life Years),1,Global,3,Both,19,70-74 years,493,Ischemic heart disease,1,Number,2021,22710982.9545769,23974187.5630147,21351215.2168624,205839220.385999,211972020.164289,200406728.542811,2.26526,2.27,Global,72
581,2,DALYs (Disability-Adjusted Life Years),1,Global,3,Both,20,75-79 years,493,Ischemic heart disease,1,Number,2021,18482164.8674854,19567920.8372365,17118194.9477965,131884404.580217,135613447.4,128518633.372437,1.59758,1.6,Global,77
582,2,DALYs (Disability-Adjusted Life Years),1,Global,3,Both,30,80-84 years,493,Ischemic heart disease,1,Number,2021,17192462.5801172,18374363.0706593,15411837.9727007,87583056.918491,89948887.7796038,85481848.25,1.09729,1.1,Global,82
583,2,DALYs (Disability-Adjusted Life Years),1,Global,3,Both,31,85-89 years,493,Ischemic heart disease,1,Number,2021,11850738.2980473,12812384.7008103,10264621.8032435,45721791.0517717,46852862.726504,44709230.7009568,0.604519,0.6,Global,87
584,2,DALYs (Disability-Adjusted Life Years),1,Global,3,Both,32,90-94 years,493,Ischemic heart disease,1,Number,2021,6411579.51526902,7022058.45113008,5305547.34797608,17889373.591415,18289317.0157285,17518670.986049,0.246663,0.25,Global,92
585,2,DALYs (Disability-Adjusted Life Years),1,Global,3,Both,235,95+ years,493,Ischemic heart disease,1,Number,2021,2426629.74714545,2739284.40148989,1832197.18548405,5450308.67493343,5569992.58267677,5337366.13587716,0.0785092,0.08,Global,97
586,2,DALYs (Disability-Adjusted Life Years),1,Global,3,Both,10,25-29 years,495,Ischemic stroke,1,Number,2021,296196.259993147,355747.280287628,241980.901136931,588343218.626762,607422118.669863,570487097.318648,7.59144,7.59,Global,27
587,2,DALYs (Disability-Adjusted Life Years),1,Global,3,Both,11,30-34 years,495,Ischemic stroke,1,Number,2021,467006.513470674,549366.233781225,393380.131443028,604480174.775885,623603836.164416,586195014.793618,7.32171,7.32,Global,32
588,2,DALYs (Disability-Adjusted Life Years),1,Global,3,Both,12,35-39 years,495,Ischemic stroke,1,Number,2021,654824.210387283,758383.300065383,561063.789791678,560866105.914554,578297964.608428,544251815.345755,6.82805,6.83,Global,37
589,2,DALYs (Disability-Adjusted Life Years),1,Global,3,Both,13,40-44 years,495,Ischemic stroke,1,Number,2021,958817.61642714,1086086.64585121,835100.541892609,500250795.605694,515432478.206861,485928430.82182,6.14735,6.15,Global,42
590,2,DALYs (Disability-Adjusted Life Years),1,Global,3,Both,14,45-49 years,495,Ischemic stroke,1,Number,2021,1615379.92185426,1809190.91219278,1418003.17968749,473504625.903218,487919674.240222,460213135.719539,5.51133,5.51,Global,47
591,2,DALYs (Disability-Adjusted Life Years),1,Global,3,Both,15,50-54 years,495,Ischemic stroke,1,Number,2021,2751876.20542595,3053188.44916568,2438703.44020364,444922982.841121,458714304.258768,432300957.286386,4.91312,4.91,Global,52
592,2,DALYs (Disability-Adjusted Life Years),1,Global,3,Both,16,55-59 years,495,Ischemic stroke,1,Number,2021,4042040.2962067,4464336.03855071,3605344.91780328,395728004,407669300.348216,384764582.368839,4.34586,4.35,Global,57
593,2,DALYs (Disability-Adjusted Life Years),1,Global,3,Both,17,60-64 years,495,Ischemic stroke,1,Number,2021,6599094.83584214,7185269.3664116,6012729.80863232,320047853.312832,329387624.27068,311524379.587396,3.68223,3.68,Global,62
594,2,DALYs (Disability-Adjusted Life Years),1,Global,3,Both,18,65-69 years,495,Ischemic stroke,1,Number,2021,8900636.62528091,9680056.86589277,8100403.96253324,275842158.522357,284217678.194795,268116931.088218,2.98509,2.99,Global,67
595,2,DALYs (Disability-Adjusted Life Years),1,Global,3,Both,19,70-74 years,495,Ischemic stroke,1,Number,2021,11633984.9816747,12561186.2730842,10720345.8643531,205839220.385999,211972020.164289,200406728.542811,2.26526,2.27,Global,72
596,2,DALYs (Disability-Adjusted Life Years),1,Global,3,Both,20,75-79 years,495,Ischemic stroke,1,Number,2021,10262922.7408036,11083883.8940368,9396849.49545503,131884404.580217,135613447.4,128518633.372437,1.59758,1.6,Global,77
597,2,DALYs (Disability-Adjusted Life Years),1,Global,3,Both,30,80-84 years,495,Ischemic stroke,1,Number,2021,10130241.9967953,10926265.7842421,9104520.42889134,87583056.918491,89948887.7796038,85481848.25,1.09729,1.1,Global,82
598,2,DALYs (Disability-Adjusted Life Years),1,Global,3,Both,31,85-89 years,495,Ischemic stroke,1,Number,2021,6810479.77473092,7407562.76884392,5942208.0756102,45721791.0517717,46852862.726504,44709230.7009568,0.604519,0.6,Global,87
599,2,DALYs (Disability-Adjusted Life Years),1,Global,3,Both,32,90-94 years,495,Ischemic stroke,1,Number,2021,3286919.94928644,3622197.17468804,2720519.78025086,17889373.591415,18289317.0157285,17518670.986049,0.246663,0.25,Global,92
600,2,DALYs (Disability-Adjusted Life Years),1,Global,3,Both,235,95+ years,495,Ischemic stroke,1,Number,2021,1199105.96156407,1359116.29864134,921087.130278111,5450308.67493343,5569992.58267677,5337366.13587716,0.0785092,0.08,Global,97
601,2,DALYs (Disability-Adjusted Life Years),1,Global,3,Both,10,25-29 years,496,Intracerebral hemorrhage,1,Number,2021,787176.660914135,878364.233484439,705253.336334315,588343218.626762,607422118.669863,570487097.318648,7.59144,7.59,Global,27
602,2,DALYs (Disability-Adjusted Life Years),1,Global,3,Both,11,30-34 years,496,Intracerebral hemorrhage,1,Number,2021,1394961.44416563,1538941.27321591,1260911.03693862,604480174.775885,623603836.164416,586195014.793618,7.32171,7.32,Global,32
603,2,DALYs (Disability-Adjusted Life Years),1,Global,3,Both,12,35-39 years,496,Intracerebral hemorrhage,1,Number,2021,2101383.01581444,2305370.73292847,1916233.86704594,560866105.914554,578297964.608428,544251815.345755,6.82805,6.83,Global,37
604,2,DALYs (Disability-Adjusted Life Years),1,Global,3,Both,13,40-44 years,496,Intracerebral hemorrhage,1,Number,2021,3364142.47984128,3712825.71042594,3071742.56546993,500250795.605694,515432478.206861,485928430.82182,6.14735,6.15,Global,42
605,2,DALYs (Disability-Adjusted Life Years),1,Global,3,Both,14,45-49 years,496,Intracerebral hemorrhage,1,Number,2021,5045551.19631921,5529223.60011699,4605747.76739374,473504625.903218,487919674.240222,460213135.719539,5.51133,5.51,Global,47
606,2,DALYs (Disability-Adjusted Life Years),1,Global,3,Both,15,50-54 years,496,Intracerebral hemorrhage,1,Number,2021,7562266.72088577,8245306.7346232,6910646.54724838,444922982.841121,458714304.258768,432300957.286386,4.91312,4.91,Global,52
607,2,DALYs (Disability-Adjusted Life Years),1,Global,3,Both,16,55-59 years,496,Intracerebral hemorrhage,1,Number,2021,9485534.00613045,10335041.9099537,8699588.38329278,395728004,407669300.348216,384764582.368839,4.34586,4.35,Global,57
608,2,DALYs (Disability-Adjusted Life Years),1,Global,3,Both,17,60-64 years,496,Intracerebral hemorrhage,1,Number,2021,9744292.61352677,10497350.2209742,8973972.68209235,320047853.312832,329387624.27068,311524379.587396,3.68223,3.68,Global,62
609,2,DALYs (Disability-Adjusted Life Years),1,Global,3,Both,18,65-69 years,496,Intracerebral hemorrhage,1,Number,2021,11434131.6504158,12436983.6117758,10459729.5317209,275842158.522357,284217678.194795,268116931.088218,2.98509,2.99,Global,67
610,2,DALYs (Disability-Adjusted Life Years),1,Global,3,Both,19,70-74 years,496,Intracerebral hemorrhage,1,Number,2021,9438535.47375804,10331312.8308531,8591640.497,205839220.385999,211972020.164289,200406728.542811,2.26526,2.27,Global,72
611,2,DALYs (Disability-Adjusted Life Years),1,Global,3,Both,20,75-79 years,496,Intracerebral hemorrhage,1,Number,2021,7578097.11718893,8264898.1701187,6848869.14937799,131884404.580217,135613447.4,128518633.372437,1.59758,1.6,Global,77
612,2,DALYs (Disability-Adjusted Life Years),1,Global,3,Both,30,80-84 years,496,Intracerebral hemorrhage,1,Number,2021,4869639.06477314,5368674.50112778,4256024.08444307,87583056.918491,89948887.7796038,85481848.25,1.09729,1.1,Global,82
613,2,DALYs (Disability-Adjusted Life Years),1,Global,3,Both,31,85-89 years,496,Intracerebral hemorrhage,1,Number,2021,3034909.5577946,3393553.25321033,2587676.32395523,45721791.0517717,46852862.726504,44709230.7009568,0.604519,0.6,Global,87
614,2,DALYs (Disability-Adjusted Life Years),1,Global,3,Both,32,90-94 years,496,Intracerebral hemorrhage,1,Number,2021,1201360.35750104,1350194.50150294,991117.707047736,17889373.591415,18289317.0157285,17518670.986049,0.246663,0.25,Global,92
615,2,DALYs (Disability-Adjusted Life Years),1,Global,3,Both,235,95+ years,496,Intracerebral hemorrhage,1,Number,2021,339565.77816273,388429.783574957,258584.529239791,5450308.67493343,5569992.58267677,5337366.13587716,0.0785092,0.08,Global,97
616,2,DALYs (Disability-Adjusted Life Years),1,Global,3,Both,10,25-29 years,497,Subarachnoid hemorrhage,1,Number,2021,251056.594000728,310349.767773602,213709.824917663,588343218.626762,607422118.669863,570487097.318648,7.59144,7.59,Global,27
617,2,DALYs (Disability-Adjusted Life Years),1,Global,3,Both,11,30-34 years,497,Subarachnoid hemorrhage,1,Number,2021,384011.351179965,470666.117471271,324451.968348542,604480174.775885,623603836.164416,586195014.793618,7.32171,7.32,Global,32
618,2,DALYs (Disability-Adjusted Life Years),1,Global,3,Both,12,35-39 years,497,Subarachnoid hemorrhage,1,Number,2021,543603.898246902,635735.690248033,468296.127737623,560866105.914554,578297964.608428,544251815.345755,6.82805,6.83,Global,37
619,2,DALYs (Disability-Adjusted Life Years),1,Global,3,Both,13,40-44 years,497,Subarachnoid hemorrhage,1,Number,2021,774120.893180355,918738.35599224,666928.775985171,500250795.605694,515432478.206861,485928430.82182,6.14735,6.15,Global,42
620,2,DALYs (Disability-Adjusted Life Years),1,Global,3,Both,14,45-49 years,497,Subarachnoid hemorrhage,1,Number,2021,890888.278697036,1069900.6855086,770192.315341957,473504625.903218,487919674.240222,460213135.719539,5.51133,5.51,Global,47
621,2,DALYs (Disability-Adjusted Life Years),1,Global,3,Both,15,50-54 years,497,Subarachnoid hemorrhage,1,Number,2021,1137717.32449797,1342645.19159497,984691.959732289,444922982.841121,458714304.258768,432300957.286386,4.91312,4.91,Global,52
622,2,DALYs (Disability-Adjusted Life Years),1,Global,3,Both,16,55-59 years,497,Subarachnoid hemorrhage,1,Number,2021,1333365.24238305,1535308.37762085,1172938.69952913,395728004,407669300.348216,384764582.368839,4.34586,4.35,Global,57
623,2,DALYs (Disability-Adjusted Life Years),1,Global,3,Both,17,60-64 years,497,Subarachnoid hemorrhage,1,Number,2021,1038147.60594314,1198763.83434049,916749.849874006,320047853.312832,329387624.27068,311524379.587396,3.68223,3.68,Global,62
624,2,DALYs (Disability-Adjusted Life Years),1,Global,3,Both,18,65-69 years,497,Subarachnoid hemorrhage,1,Number,2021,1107857.45898902,1265539.53888607,969173.938874126,275842158.522357,284217678.194795,268116931.088218,2.98509,2.99,Global,67
625,2,DALYs (Disability-Adjusted Life Years),1,Global,3,Both,19,70-74 years,497,Subarachnoid hemorrhage,1,Number,2021,873722.898158065,984762.769613439,751659.176579468,205839220.385999,211972020.164289,200406728.542811,2.26526,2.27,Global,72
626,2,DALYs (Disability-Adjusted Life Years),1,Global,3,Both,20,75-79 years,497,Subarachnoid hemorrhage,1,Number,2021,667073.346472051,756182.281686512,578673.54331322,131884404.580217,135613447.4,128518633.372437,1.59758,1.6,Global,77
627,2,DALYs (Disability-Adjusted Life Years),1,Global,3,Both,30,80-84 years,497,Subarachnoid hemorrhage,1,Number,2021,483169.340092035,546384.073995114,413973.683567565,87583056.918491,89948887.7796038,85481848.25,1.09729,1.1,Global,82
628,2,DALYs (Disability-Adjusted Life Years),1,Global,3,Both,31,85-89 years,497,Subarachnoid hemorrhage,1,Number,2021,310424.839284538,351348.274174244,258777.092602392,45721791.0517717,46852862.726504,44709230.7009568,0.604519,0.6,Global,87
629,2,DALYs (Disability-Adjusted Life Years),1,Global,3,Both,32,90-94 years,497,Subarachnoid hemorrhage,1,Number,2021,144275.51459985,164509.496393938,117162.598454513,17889373.591415,18289317.0157285,17518670.986049,0.246663,0.25,Global,92
630,2,DALYs (Disability-Adjusted Life Years),1,Global,3,Both,235,95+ years,497,Subarachnoid hemorrhage,1,Number,2021,50111.6521935359,57355.040055821,38618.8333827541,5450308.67493343,5569992.58267677,5337366.13587716,0.0785092,0.08,Global,97
631,2,DALYs (Disability-Adjusted Life Years),1,Global,3,Both,10,25-29 years,498,Hypertensive heart disease,1,Number,2021,154071.791785742,175300.379587834,118736.227025771,588343218.626762,607422118.669863,570487097.318648,7.59144,7.59,Global,27
632,2,DALYs (Disability-Adjusted Life Years),1,Global,3,Both,11,30-34 years,498,Hypertensive heart disease,1,Number,2021,288863.635251503,322298.85470449,230188.245774769,604480174.775885,623603836.164416,586195014.793618,7.32171,7.32,Global,32
633,2,DALYs (Disability-Adjusted Life Years),1,Global,3,Both,12,35-39 years,498,Hypertensive heart disease,1,Number,2021,447006.475207305,499375.366438106,352022.893592428,560866105.914554,578297964.608428,544251815.345755,6.82805,6.83,Global,37
634,2,DALYs (Disability-Adjusted Life Years),1,Global,3,Both,13,40-44 years,498,Hypertensive heart disease,1,Number,2021,709919.387120575,798950.802246128,563007.985847695,500250795.605694,515432478.206861,485928430.82182,6.14735,6.15,Global,42
635,2,DALYs (Disability-Adjusted Life Years),1,Global,3,Both,14,45-49 years,498,Hypertensive heart disease,1,Number,2021,1116388.97487819,1262032.02038953,873209.047696301,473504625.903218,487919674.240222,460213135.719539,5.51133,5.51,Global,47
636,2,DALYs (Disability-Adjusted Life Years),1,Global,3,Both,15,50-54 years,498,Hypertensive heart disease,1,Number,2021,1632639.79834508,1827075.23789484,1333436.67542362,444922982.841121,458714304.258768,432300957.286386,4.91312,4.91,Global,52
637,2,DALYs (Disability-Adjusted Life Years),1,Global,3,Both,16,55-59 years,498,Hypertensive heart disease,1,Number,2021,2143115.24721349,2386157.03437738,1767173.9396715,395728004,407669300.348216,384764582.368839,4.34586,4.35,Global,57
638,2,DALYs (Disability-Adjusted Life Years),1,Global,3,Both,17,60-64 years,498,Hypertensive heart disease,1,Number,2021,2570648.36297169,2852631.23639735,2102218.6969936,320047853.312832,329387624.27068,311524379.587396,3.68223,3.68,Global,62
639,2,DALYs (Disability-Adjusted Life Years),1,Global,3,Both,18,65-69 years,498,Hypertensive heart disease,1,Number,2021,3126409.33936699,3453827.4819245,2649380.64638044,275842158.522357,284217678.194795,268116931.088218,2.98509,2.99,Global,67
640,2,DALYs (Disability-Adjusted Life Years),1,Global,3,Both,19,70-74 years,498,Hypertensive heart disease,1,Number,2021,3380711.1104598,3767616.22719313,2831968.74398781,205839220.385999,211972020.164289,200406728.542811,2.26526,2.27,Global,72
641,2,DALYs (Disability-Adjusted Life Years),1,Global,3,Both,20,75-79 years,498,Hypertensive heart disease,1,Number,2021,3017544.71618384,3360850.74009935,2548176.89284968,131884404.580217,135613447.4,128518633.372437,1.59758,1.6,Global,77
642,2,DALYs (Disability-Adjusted Life Years),1,Global,3,Both,30,80-84 years,498,Hypertensive heart disease,1,Number,2021,2826942.3469179,3165031.11867499,2360925.8226497,87583056.918491,89948887.7796038,85481848.25,1.09729,1.1,Global,82
643,2,DALYs (Disability-Adjusted Life Years),1,Global,3,Both,31,85-89 years,498,Hypertensive heart disease,1,Number,2021,2190158.38353858,2505448.0739792,1783612.91886435,45721791.0517717,46852862.726504,44709230.7009568,0.604519,0.6,Global,87
644,2,DALYs (Disability-Adjusted Life Years),1,Global,3,Both,32,90-94 years,498,Hypertensive heart disease,1,Number,2021,1197464.67653874,1368951.39829972,969310.338172556,17889373.591415,18289317.0157285,17518670.986049,0.246663,0.25,Global,92
645,2,DALYs (Disability-Adjusted Life Years),1,Global,3,Both,235,95+ years,498,Hypertensive heart disease,1,Number,2021,502787.419936376,577877.778454981,369756.005313006,5450308.67493343,5569992.58267677,5337366.13587716,0.0785092,0.08,Global,97
646,2,DALYs (Disability-Adjusted Life Years),1,Global,3,Both,10,25-29 years,500,Atrial fibrillation and flutter,1,Number,2021,0,0,0,588343218.626762,607422118.669863,570487097.318648,7.59144,7.59,Global,27
647,2,DALYs (Disability-Adjusted Life Years),1,Global,3,Both,11,30-34 years,500,Atrial fibrillation and flutter,1,Number,2021,10077.9162122356,13318.7495312262,7925.48747502867,604480174.775885,623603836.164416,586195014.793618,7.32171,7.32,Global,32
648,2,DALYs (Disability-Adjusted Life Years),1,Global,3,Both,12,35-39 years,500,Atrial fibrillation and flutter,1,Number,2021,30885.205068559,49681.8080925368,19366.6366835943,560866105.914554,578297964.608428,544251815.345755,6.82805,6.83,Global,37
649,2,DALYs (Disability-Adjusted Life Years),1,Global,3,Both,13,40-44 years,500,Atrial fibrillation and flutter,1,Number,2021,76383.0474166234,116783.018070447,51014.3808979462,500250795.605694,515432478.206861,485928430.82182,6.14735,6.15,Global,42
650,2,DALYs (Disability-Adjusted Life Years),1,Global,3,Both,14,45-49 years,500,Atrial fibrillation and flutter,1,Number,2021,158384.097540603,221257.749933915,106686.690534288,473504625.903218,487919674.240222,460213135.719539,5.51133,5.51,Global,47
651,2,DALYs (Disability-Adjusted Life Years),1,Global,3,Both,15,50-54 years,500,Atrial fibrillation and flutter,1,Number,2021,286617.827269075,396623.350137319,194177.240470793,444922982.841121,458714304.258768,432300957.286386,4.91312,4.91,Global,52
652,2,DALYs (Disability-Adjusted Life Years),1,Global,3,Both,16,55-59 years,500,Atrial fibrillation and flutter,1,Number,2021,463951.293128686,623476.936490561,331198.148039861,395728004,407669300.348216,384764582.368839,4.34586,4.35,Global,57
653,2,DALYs (Disability-Adjusted Life Years),1,Global,3,Both,17,60-64 years,500,Atrial fibrillation and flutter,1,Number,2021,628936.407866072,846124.477522033,461139.363675077,320047853.312832,329387624.27068,311524379.587396,3.68223,3.68,Global,62
654,2,DALYs (Disability-Adjusted Life Years),1,Global,3,Both,18,65-69 years,500,Atrial fibrillation and flutter,1,Number,2021,871575.429064568,1149175.61619768,659243.038439888,275842158.522357,284217678.194795,268116931.088218,2.98509,2.99,Global,67
655,2,DALYs (Disability-Adjusted Life Years),1,Global,3,Both,19,70-74 years,500,Atrial fibrillation and flutter,1,Number,2021,1124192.53595995,1448889.82453125,883394.919433342,205839220.385999,211972020.164289,200406728.542811,2.26526,2.27,Global,72
656,2,DALYs (Disability-Adjusted Life Years),1,Global,3,Both,20,75-79 years,500,Atrial fibrillation and flutter,1,Number,2021,1159412.6383912,1463210.3773228,922654.325099489,131884404.580217,135613447.4,128518633.372437,1.59758,1.6,Global,77
657,2,DALYs (Disability-Adjusted Life Years),1,Global,3,Both,30,80-84 years,500,Atrial fibrillation and flutter,1,Number,2021,1359427.83521196,1636165.04592869,1140383.74621541,87583056.918491,89948887.7796038,85481848.25,1.09729,1.1,Global,82
658,2,DALYs (Disability-Adjusted Life Years),1,Global,3,Both,31,85-89 years,500,Atrial fibrillation and flutter,1,Number,2021,1109712.94503322,1289735.78650299,941751.241351042,45721791.0517717,46852862.726504,44709230.7009568,0.604519,0.6,Global,87
659,2,DALYs (Disability-Adjusted Life Years),1,Global,3,Both,32,90-94 years,500,Atrial fibrillation and flutter,1,Number,2021,776006.679468854,886606.865922922,638256.550138829,17889373.591415,18289317.0157285,17518670.986049,0.246663,0.25,Global,92
660,2,DALYs (Disability-Adjusted Life Years),1,Global,3,Both,235,95+ years,500,Atrial fibrillation and flutter,1,Number,2021,303329.854339844,347976.032250488,235929.85039353,5450308.67493343,5569992.58267677,5337366.13587716,0.0785092,0.08,Global,97
661,2,DALYs (Disability-Adjusted Life Years),1,Global,3,Both,10,25-29 years,503,Endocarditis,1,Number,2021,110327.730889383,128575.594718972,84684.6997142551,588343218.626762,607422118.669863,570487097.318648,7.59144,7.59,Global,27
662,2,DALYs (Disability-Adjusted Life Years),1,Global,3,Both,11,30-34 years,503,Endocarditis,1,Number,2021,122801.486216172,143777.401256807,100566.542584595,604480174.775885,623603836.164416,586195014.793618,7.32171,7.32,Global,32
663,2,DALYs (Disability-Adjusted Life Years),1,Global,3,Both,12,35-39 years,503,Endocarditis,1,Number,2021,130101.258600665,152468.461579671,103571.083795574,560866105.914554,578297964.608428,544251815.345755,6.82805,6.83,Global,37
664,2,DALYs (Disability-Adjusted Life Years),1,Global,3,Both,13,40-44 years,503,Endocarditis,1,Number,2021,133918.760189668,163082.345468032,108336.38365486,500250795.605694,515432478.206861,485928430.82182,6.14735,6.15,Global,42
665,2,DALYs (Disability-Adjusted Life Years),1,Global,3,Both,14,45-49 years,503,Endocarditis,1,Number,2021,126786.108716659,153394.599395402,104309.799498138,473504625.903218,487919674.240222,460213135.719539,5.51133,5.51,Global,47
666,2,DALYs (Disability-Adjusted Life Years),1,Global,3,Both,15,50-54 years,503,Endocarditis,1,Number,2021,126925.706129352,152195.241822455,109874.253886133,444922982.841121,458714304.258768,432300957.286386,4.91312,4.91,Global,52
667,2,DALYs (Disability-Adjusted Life Years),1,Global,3,Both,16,55-59 years,503,Endocarditis,1,Number,2021,142590.855501204,171759.461747928,122257.370447704,395728004,407669300.348216,384764582.368839,4.34586,4.35,Global,57
668,2,DALYs (Disability-Adjusted Life Years),1,Global,3,Both,17,60-64 years,503,Endocarditis,1,Number,2021,139313.053720654,161243.73377765,119982.374983305,320047853.312832,329387624.27068,311524379.587396,3.68223,3.68,Global,62
669,2,DALYs (Disability-Adjusted Life Years),1,Global,3,Both,18,65-69 years,503,Endocarditis,1,Number,2021,143056.270467307,166071.423741107,125255.818093296,275842158.522357,284217678.194795,268116931.088218,2.98509,2.99,Global,67
670,2,DALYs (Disability-Adjusted Life Years),1,Global,3,Both,19,70-74 years,503,Endocarditis,1,Number,2021,138353.617618021,157975.519665182,122827.954230844,205839220.385999,211972020.164289,200406728.542811,2.26526,2.27,Global,72
671,2,DALYs (Disability-Adjusted Life Years),1,Global,3,Both,20,75-79 years,503,Endocarditis,1,Number,2021,117385.01818756,134167.019483999,104233.252617667,131884404.580217,135613447.4,128518633.372437,1.59758,1.6,Global,77
672,2,DALYs (Disability-Adjusted Life Years),1,Global,3,Both,30,80-84 years,503,Endocarditis,1,Number,2021,107119.547445015,122299.815441834,90653.8969871414,87583056.918491,89948887.7796038,85481848.25,1.09729,1.1,Global,82
673,2,DALYs (Disability-Adjusted Life Years),1,Global,3,Both,31,85-89 years,503,Endocarditis,1,Number,2021,92972.9210068826,103494.704377342,75310.4003387791,45721791.0517717,46852862.726504,44709230.7009568,0.604519,0.6,Global,87
674,2,DALYs (Disability-Adjusted Life Years),1,Global,3,Both,32,90-94 years,503,Endocarditis,1,Number,2021,67376.7512250674,75665.1513708366,51373.7055341603,17889373.591415,18289317.0157285,17518670.986049,0.246663,0.25,Global,92
675,2,DALYs (Disability-Adjusted Life Years),1,Global,3,Both,235,95+ years,503,Endocarditis,1,Number,2021,34110.0943925637,39351.6340395249,23994.29686,5450308.67493343,5569992.58267677,5337366.13587716,0.0785092,0.08,Global,97
676,2,DALYs (Disability-Adjusted Life Years),1,Global,3,Both,10,25-29 years,507,Other cardiovascular and circulatory diseases,1,Number,2021,216832.249604343,268645.352659725,173107.146190375,588343218.626762,607422118.669863,570487097.318648,7.59144,7.59,Global,27
677,2,DALYs (Disability-Adjusted Life Years),1,Global,3,Both,11,30-34 years,507,Other cardiovascular and circulatory diseases,1,Number,2021,284848.082130599,367210.110595323,226419.888336492,604480174.775885,623603836.164416,586195014.793618,7.32171,7.32,Global,32
678,2,DALYs (Disability-Adjusted Life Years),1,Global,3,Both,12,35-39 years,507,Other cardiovascular and circulatory diseases,1,Number,2021,352751.508860142,465505.13436088,277338.297809148,560866105.914554,578297964.608428,544251815.345755,6.82805,6.83,Global,37
679,2,DALYs (Disability-Adjusted Life Years),1,Global,3,Both,13,40-44 years,507,Other cardiovascular and circulatory diseases,1,Number,2021,529103.737334086,780557.029804055,392708.29392792,500250795.605694,515432478.206861,485928430.82182,6.14735,6.15,Global,42
680,2,DALYs (Disability-Adjusted Life Years),1,Global,3,Both,14,45-49 years,507,Other cardiovascular and circulatory diseases,1,Number,2021,608338.703456125,834773.076588068,450417.234906855,473504625.903218,487919674.240222,460213135.719539,5.51133,5.51,Global,47
681,2,DALYs (Disability-Adjusted Life Years),1,Global,3,Both,15,50-54 years,507,Other cardiovascular and circulatory diseases,1,Number,2021,660286.485516301,908354.751645846,496043.642387821,444922982.841121,458714304.258768,432300957.286386,4.91312,4.91,Global,52
682,2,DALYs (Disability-Adjusted Life Years),1,Global,3,Both,16,55-59 years,507,Other cardiovascular and circulatory diseases,1,Number,2021,734770.58189884,1008498.2267281,562886.944490884,395728004,407669300.348216,384764582.368839,4.34586,4.35,Global,57
683,2,DALYs (Disability-Adjusted Life Years),1,Global,3,Both,17,60-64 years,507,Other cardiovascular and circulatory diseases,1,Number,2021,856111.055825248,1153246.06661492,665493.555865225,320047853.312832,329387624.27068,311524379.587396,3.68223,3.68,Global,62
684,2,DALYs (Disability-Adjusted Life Years),1,Global,3,Both,18,65-69 years,507,Other cardiovascular and circulatory diseases,1,Number,2021,999404.019943272,1403755.73630848,724940.260861311,275842158.522357,284217678.194795,268116931.088218,2.98509,2.99,Global,67
685,2,DALYs (Disability-Adjusted Life Years),1,Global,3,Both,19,70-74 years,507,Other cardiovascular and circulatory diseases,1,Number,2021,1018460.8736771,1433488.11530337,755129.858954358,205839220.385999,211972020.164289,200406728.542811,2.26526,2.27,Global,72
686,2,DALYs (Disability-Adjusted Life Years),1,Global,3,Both,20,75-79 years,507,Other cardiovascular and circulatory diseases,1,Number,2021,825086.524935081,1130569.22962897,629748.321294122,131884404.580217,135613447.4,128518633.372437,1.59758,1.6,Global,77
687,2,DALYs (Disability-Adjusted Life Years),1,Global,3,Both,30,80-84 years,507,Other cardiovascular and circulatory diseases,1,Number,2021,660234.839444941,861356.23574551,517324.499489871,87583056.918491,89948887.7796038,85481848.25,1.09729,1.1,Global,82
688,2,DALYs (Disability-Adjusted Life Years),1,Global,3,Both,31,85-89 years,507,Other cardiovascular and circulatory diseases,1,Number,2021,428796.980736788,563582.744971107,331877.605009969,45721791.0517717,46852862.726504,44709230.7009568,0.604519,0.6,Global,87
689,2,DALYs (Disability-Adjusted Life Years),1,Global,3,Both,32,90-94 years,507,Other cardiovascular and circulatory diseases,1,Number,2021,215777.980287383,272494.747355679,170493.838828187,17889373.591415,18289317.0157285,17518670.986049,0.246663,0.25,Global,92
690,2,DALYs (Disability-Adjusted Life Years),1,Global,3,Both,235,95+ years,507,Other cardiovascular and circulatory diseases,1,Number,2021,82870.2218059769,106634.899329192,63138.1869179281,5450308.67493343,5569992.58267677,5337366.13587716,0.0785092,0.08,Global,97
691,2,DALYs (Disability-Adjusted Life Years),1,Global,3,Both,10,25-29 years,509,Chronic obstructive pulmonary disease,1,Number,2021,465672.720054911,525295.28014196,403852.844713165,588343218.626762,607422118.669863,570487097.318648,7.59144,7.59,Global,27
692,2,DALYs (Disability-Adjusted Life Years),1,Global,3,Both,11,30-34 years,509,Chronic obstructive pulmonary disease,1,Number,2021,650328.962346243,725341.290219659,572821.490423907,604480174.775885,623603836.164416,586195014.793618,7.32171,7.32,Global,32
693,2,DALYs (Disability-Adjusted Life Years),1,Global,3,Both,12,35-39 years,509,Chronic obstructive pulmonary disease,1,Number,2021,824718.318697775,913709.395887911,731263.089652749,560866105.914554,578297964.608428,544251815.345755,6.82805,6.83,Global,37
694,2,DALYs (Disability-Adjusted Life Years),1,Global,3,Both,13,40-44 years,509,Chronic obstructive pulmonary disease,1,Number,2021,1201540.54095713,1309007.88063416,1079758.32485522,500250795.605694,515432478.206861,485928430.82182,6.14735,6.15,Global,42
695,2,DALYs (Disability-Adjusted Life Years),1,Global,3,Both,14,45-49 years,509,Chronic obstructive pulmonary disease,1,Number,2021,2055810.05658925,2290879.54515751,1842796.42868538,473504625.903218,487919674.240222,460213135.719539,5.51133,5.51,Global,47
696,2,DALYs (Disability-Adjusted Life Years),1,Global,3,Both,15,50-54 years,509,Chronic obstructive pulmonary disease,1,Number,2021,3683334.62166742,4070570.5645384,3327246.7271689,444922982.841121,458714304.258768,432300957.286386,4.91312,4.91,Global,52
697,2,DALYs (Disability-Adjusted Life Years),1,Global,3,Both,16,55-59 years,509,Chronic obstructive pulmonary disease,1,Number,2021,5714430.49494843,6246779.20482296,5219237.16366283,395728004,407669300.348216,384764582.368839,4.34586,4.35,Global,57
698,2,DALYs (Disability-Adjusted Life Years),1,Global,3,Both,17,60-64 years,509,Chronic obstructive pulmonary disease,1,Number,2021,8112861.72551354,8722968.23525585,7471732.72873488,320047853.312832,329387624.27068,311524379.587396,3.68223,3.68,Global,62
699,2,DALYs (Disability-Adjusted Life Years),1,Global,3,Both,18,65-69 years,509,Chronic obstructive pulmonary disease,1,Number,2021,11023605.4968937,11937208.8910028,10195459.5082102,275842158.522357,284217678.194795,268116931.088218,2.98509,2.99,Global,67
700,2,DALYs (Disability-Adjusted Life Years),1,Global,3,Both,19,70-74 years,509,Chronic obstructive pulmonary disease,1,Number,2021,13295738.6277743,14395993.9028532,12298612.073672,205839220.385999,211972020.164289,200406728.542811,2.26526,2.27,Global,72
701,2,DALYs (Disability-Adjusted Life Years),1,Global,3,Both,20,75-79 years,509,Chronic obstructive pulmonary disease,1,Number,2021,11734974.9599808,12804314.5678292,10741451.8571993,131884404.580217,135613447.4,128518633.372437,1.59758,1.6,Global,77
702,2,DALYs (Disability-Adjusted Life Years),1,Global,3,Both,30,80-84 years,509,Chronic obstructive pulmonary disease,1,Number,2021,10097861.4803129,11015520.3105897,9049127.1624685,87583056.918491,89948887.7796038,85481848.25,1.09729,1.1,Global,82
703,2,DALYs (Disability-Adjusted Life Years),1,Global,3,Both,31,85-89 years,509,Chronic obstructive pulmonary disease,1,Number,2021,6563197.16856352,7205898.8558728,5723783.97009799,45721791.0517717,46852862.726504,44709230.7009568,0.604519,0.6,Global,87
704,2,DALYs (Disability-Adjusted Life Years),1,Global,3,Both,32,90-94 years,509,Chronic obstructive pulmonary disease,1,Number,2021,2852657.56492842,3200004.92298788,2399827.41157025,17889373.591415,18289317.0157285,17518670.986049,0.246663,0.25,Global,92
705,2,DALYs (Disability-Adjusted Life Years),1,Global,3,Both,235,95+ years,509,Chronic obstructive pulmonary disease,1,Number,2021,885741.382280858,1019093.25359419,703387.215593993,5450308.67493343,5569992.58267677,5337366.13587716,0.0785092,0.08,Global,97
706,2,DALYs (Disability-Adjusted Life Years),1,Global,3,Both,10,25-29 years,511,Silicosis,1,Number,2021,2072.24851605748,2586.4971682553,1610.66276712017,588343218.626762,607422118.669863,570487097.318648,7.59144,7.59,Global,27
707,2,DALYs (Disability-Adjusted Life Years),1,Global,3,Both,11,30-34 years,511,Silicosis,1,Number,2021,4252.98033568674,5209.46808838559,3317.16550548968,604480174.775885,623603836.164416,586195014.793618,7.32171,7.32,Global,32
708,2,DALYs (Disability-Adjusted Life Years),1,Global,3,Both,12,35-39 years,511,Silicosis,1,Number,2021,7875.26579005038,9732.81313552975,6046.1269961242,560866105.914554,578297964.608428,544251815.345755,6.82805,6.83,Global,37
709,2,DALYs (Disability-Adjusted Life Years),1,Global,3,Both,13,40-44 years,511,Silicosis,1,Number,2021,11900.4358780264,15040.8734229485,9242.56553180319,500250795.605694,515432478.206861,485928430.82182,6.14735,6.15,Global,42
710,2,DALYs (Disability-Adjusted Life Years),1,Global,3,Both,14,45-49 years,511,Silicosis,1,Number,2021,18075.2737706824,23064.2556882535,13381.410066853,473504625.903218,487919674.240222,460213135.719539,5.51133,5.51,Global,47
711,2,DALYs (Disability-Adjusted Life Years),1,Global,3,Both,15,50-54 years,511,Silicosis,1,Number,2021,26879.1542430996,34382.1279485439,20615.0860833093,444922982.841121,458714304.258768,432300957.286386,4.91312,4.91,Global,52
712,2,DALYs (Disability-Adjusted Life Years),1,Global,3,Both,16,55-59 years,511,Silicosis,1,Number,2021,29570.9622178056,37127.8518360887,23447.7605881363,395728004,407669300.348216,384764582.368839,4.34586,4.35,Global,57
713,2,DALYs (Disability-Adjusted Life Years),1,Global,3,Both,17,60-64 years,511,Silicosis,1,Number,2021,26849.9864672652,32984.396635965,20926.011530461,320047853.312832,329387624.27068,311524379.587396,3.68223,3.68,Global,62
714,2,DALYs (Disability-Adjusted Life Years),1,Global,3,Both,18,65-69 years,511,Silicosis,1,Number,2021,32541.1103658207,40159.7816529495,25410.6629924124,275842158.522357,284217678.194795,268116931.088218,2.98509,2.99,Global,67
715,2,DALYs (Disability-Adjusted Life Years),1,Global,3,Both,19,70-74 years,511,Silicosis,1,Number,2021,34142.5083040943,41072.2462135019,27291.0795679872,205839220.385999,211972020.164289,200406728.542811,2.26526,2.27,Global,72
716,2,DALYs (Disability-Adjusted Life Years),1,Global,3,Both,20,75-79 years,511,Silicosis,1,Number,2021,27760.7216859405,32870.8655189966,22638.485104874,131884404.580217,135613447.4,128518633.372437,1.59758,1.6,Global,77
717,2,DALYs (Disability-Adjusted Life Years),1,Global,3,Both,30,80-84 years,511,Silicosis,1,Number,2021,20832.6233137532,24389.7380580203,17116.4008015305,87583056.918491,89948887.7796038,85481848.25,1.09729,1.1,Global,82
718,2,DALYs (Disability-Adjusted Life Years),1,Global,3,Both,31,85-89 years,511,Silicosis,1,Number,2021,12713.1186087329,14862.6077729726,10643.5428888721,45721791.0517717,46852862.726504,44709230.7009568,0.604519,0.6,Global,87
719,2,DALYs (Disability-Adjusted Life Years),1,Global,3,Both,32,90-94 years,511,Silicosis,1,Number,2021,3870.80349789231,4403.51217206947,3205.95641265546,17889373.591415,18289317.0157285,17518670.986049,0.246663,0.25,Global,92
720,2,DALYs (Disability-Adjusted Life Years),1,Global,3,Both,235,95+ years,511,Silicosis,1,Number,2021,772.97297294956,898.002658122649,618.621746003587,5450308.67493343,5569992.58267677,5337366.13587716,0.0785092,0.08,Global,97
721,2,DALYs (Disability-Adjusted Life Years),1,Global,3,Both,10,25-29 years,512,Asbestosis,1,Number,2021,598.406904351099,817.671802546976,403.720635655146,588343218.626762,607422118.669863,570487097.318648,7.59144,7.59,Global,27
722,2,DALYs (Disability-Adjusted Life Years),1,Global,3,Both,11,30-34 years,512,Asbestosis,1,Number,2021,861.882209887372,1199.04676904158,557.249358860384,604480174.775885,623603836.164416,586195014.793618,7.32171,7.32,Global,32
723,2,DALYs (Disability-Adjusted Life Years),1,Global,3,Both,12,35-39 years,512,Asbestosis,1,Number,2021,1028.85382495079,1448.91277374824,666.136019198234,560866105.914554,578297964.608428,544251815.345755,6.82805,6.83,Global,37
724,2,DALYs (Disability-Adjusted Life Years),1,Global,3,Both,13,40-44 years,512,Asbestosis,1,Number,2021,1492.1656165559,2053.70832799169,896.838981836086,500250795.605694,515432478.206861,485928430.82182,6.14735,6.15,Global,42
725,2,DALYs (Disability-Adjusted Life Years),1,Global,3,Both,14,45-49 years,512,Asbestosis,1,Number,2021,2041.15941034062,2906.03514402521,1078.31746244058,473504625.903218,487919674.240222,460213135.719539,5.51133,5.51,Global,47
726,2,DALYs (Disability-Adjusted Life Years),1,Global,3,Both,15,50-54 years,512,Asbestosis,1,Number,2021,3159.53428869637,4481.2972829907,1866.95992540189,444922982.841121,458714304.258768,432300957.286386,4.91312,4.91,Global,52
727,2,DALYs (Disability-Adjusted Life Years),1,Global,3,Both,16,55-59 years,512,Asbestosis,1,Number,2021,4831.74129673849,6629.81357014034,2981.61149181994,395728004,407669300.348216,384764582.368839,4.34586,4.35,Global,57
728,2,DALYs (Disability-Adjusted Life Years),1,Global,3,Both,17,60-64 years,512,Asbestosis,1,Number,2021,6181.807076,8636.38798783085,3911.79489361679,320047853.312832,329387624.27068,311524379.587396,3.68223,3.68,Global,62
729,2,DALYs (Disability-Adjusted Life Years),1,Global,3,Both,18,65-69 years,512,Asbestosis,1,Number,2021,7775.51484296845,9897.88090025758,5716.64338685871,275842158.522357,284217678.194795,268116931.088218,2.98509,2.99,Global,67
730,2,DALYs (Disability-Adjusted Life Years),1,Global,3,Both,19,70-74 years,512,Asbestosis,1,Number,2021,10483.4434780011,12588.5010900702,8135.68122174512,205839220.385999,211972020.164289,200406728.542811,2.26526,2.27,Global,72
731,2,DALYs (Disability-Adjusted Life Years),1,Global,3,Both,20,75-79 years,512,Asbestosis,1,Number,2021,10474.4329102782,12268.3760301051,8742.94120474236,131884404.580217,135613447.4,128518633.372437,1.59758,1.6,Global,77
732,2,DALYs (Disability-Adjusted Life Years),1,Global,3,Both,10,25-29 years,618,Other hemoglobinopathies and hemolytic anemias,1,Number,2021,238924.692468924,337426.083085281,163431.185326203,588343218.626762,607422118.669863,570487097.318648,7.59144,7.59,Global,27
733,2,DALYs (Disability-Adjusted Life Years),1,Global,3,Both,11,30-34 years,618,Other hemoglobinopathies and hemolytic anemias,1,Number,2021,233171.070202753,331344.758752736,159392.414476987,604480174.775885,623603836.164416,586195014.793618,7.32171,7.32,Global,32
734,2,DALYs (Disability-Adjusted Life Years),1,Global,3,Both,12,35-39 years,618,Other hemoglobinopathies and hemolytic anemias,1,Number,2021,214457.004420785,303519.552098982,144891.315974785,560866105.914554,578297964.608428,544251815.345755,6.82805,6.83,Global,37
735,2,DALYs (Disability-Adjusted Life Years),1,Global,3,Both,13,40-44 years,618,Other hemoglobinopathies and hemolytic anemias,1,Number,2021,194887.93050278,276514.203751375,135635.952181363,500250795.605694,515432478.206861,485928430.82182,6.14735,6.15,Global,42
736,2,DALYs (Disability-Adjusted Life Years),1,Global,3,Both,14,45-49 years,618,Other hemoglobinopathies and hemolytic anemias,1,Number,2021,174610.697852076,234158.088917182,120711.190983443,473504625.903218,487919674.240222,460213135.719539,5.51133,5.51,Global,47
737,2,DALYs (Disability-Adjusted Life Years),1,Global,3,Both,15,50-54 years,618,Other hemoglobinopathies and hemolytic anemias,1,Number,2021,160579.777996229,219660.823088703,114431.759562471,444922982.841121,458714304.258768,432300957.286386,4.91312,4.91,Global,52
738,2,DALYs (Disability-Adjusted Life Years),1,Global,3,Both,16,55-59 years,618,Other hemoglobinopathies and hemolytic anemias,1,Number,2021,169089.588568529,222741.767123535,122569.021555598,395728004,407669300.348216,384764582.368839,4.34586,4.35,Global,57
739,2,DALYs (Disability-Adjusted Life Years),1,Global,3,Both,17,60-64 years,618,Other hemoglobinopathies and hemolytic anemias,1,Number,2021,232002.357990942,300928.296839574,175906.906493454,320047853.312832,329387624.27068,311524379.587396,3.68223,3.68,Global,62
740,2,DALYs (Disability-Adjusted Life Years),1,Global,3,Both,18,65-69 years,618,Other hemoglobinopathies and hemolytic anemias,1,Number,2021,224437.682094296,286425.780106915,177996.179734804,275842158.522357,284217678.194795,268116931.088218,2.98509,2.99,Global,67
741,2,DALYs (Disability-Adjusted Life Years),1,Global,3,Both,19,70-74 years,618,Other hemoglobinopathies and hemolytic anemias,1,Number,2021,197940.795499507,248423.108840762,158678.460344912,205839220.385999,211972020.164289,200406728.542811,2.26526,2.27,Global,72
742,2,DALYs (Disability-Adjusted Life Years),1,Global,3,Both,20,75-79 years,618,Other hemoglobinopathies and hemolytic anemias,1,Number,2021,162321.719718874,200975.231989032,130570.430124402,131884404.580217,135613447.4,128518633.372437,1.59758,1.6,Global,77
743,2,DALYs (Disability-Adjusted Life Years),1,Global,3,Both,30,80-84 years,618,Other hemoglobinopathies and hemolytic anemias,1,Number,2021,111940.576109211,134091.845503357,91920.7772074291,87583056.918491,89948887.7796038,85481848.25,1.09729,1.1,Global,82
744,2,DALYs (Disability-Adjusted Life Years),1,Global,3,Both,31,85-89 years,618,Other hemoglobinopathies and hemolytic anemias,1,Number,2021,68510.6840801863,81928.0287716364,56594.5247945658,45721791.0517717,46852862.726504,44709230.7009568,0.604519,0.6,Global,87
745,2,DALYs (Disability-Adjusted Life Years),1,Global,3,Both,32,90-94 years,618,Other hemoglobinopathies and hemolytic anemias,1,Number,2021,35204.0154325731,42889.9145813912,28460.7049374926,17889373.591415,18289317.0157285,17518670.986049,0.246663,0.25,Global,92
746,2,DALYs (Disability-Adjusted Life Years),1,Global,3,Both,235,95+ years,618,Other hemoglobinopathies and hemolytic anemias,1,Number,2021,15136.4507606495,18604.4737332294,12035.0254808487,5450308.67493343,5569992.58267677,5337366.13587716,0.0785092,0.08,Global,97
747,2,DALYs (Disability-Adjusted Life Years),1,Global,3,Both,10,25-29 years,713,Pulmonary aspiration and foreign body in airway,1,Number,2021,128287.182687846,140341.084409456,101392.327746265,588343218.626762,607422118.669863,570487097.318648,7.59144,7.59,Global,27
748,2,DALYs (Disability-Adjusted Life Years),1,Global,3,Both,11,30-34 years,713,Pulmonary aspiration and foreign body in airway,1,Number,2021,142055.867308399,153393.636498894,113151.659127591,604480174.775885,623603836.164416,586195014.793618,7.32171,7.32,Global,32
749,2,DALYs (Disability-Adjusted Life Years),1,Global,3,Both,12,35-39 years,713,Pulmonary aspiration and foreign body in airway,1,Number,2021,148260.56126847,160572.455703045,122887.208262731,560866105.914554,578297964.608428,544251815.345755,6.82805,6.83,Global,37
750,2,DALYs (Disability-Adjusted Life Years),1,Global,3,Both,13,40-44 years,713,Pulmonary aspiration and foreign body in airway,1,Number,2021,147148.920670274,159108.460104949,122492.770711139,500250795.605694,515432478.206861,485928430.82182,6.14735,6.15,Global,42
751,2,DALYs (Disability-Adjusted Life Years),1,Global,3,Both,14,45-49 years,713,Pulmonary aspiration and foreign body in airway,1,Number,2021,142656.453877941,155121.228183832,117774.36282386,473504625.903218,487919674.240222,460213135.719539,5.51133,5.51,Global,47
752,2,DALYs (Disability-Adjusted Life Years),1,Global,3,Both,15,50-54 years,713,Pulmonary aspiration and foreign body in airway,1,Number,2021,147741.682136262,159386.760600535,124193.008316721,444922982.841121,458714304.258768,432300957.286386,4.91312,4.91,Global,52
753,2,DALYs (Disability-Adjusted Life Years),1,Global,3,Both,16,55-59 years,713,Pulmonary aspiration and foreign body in airway,1,Number,2021,152325.500586664,163225.884170998,126121.141114267,395728004,407669300.348216,384764582.368839,4.34586,4.35,Global,57
754,2,DALYs (Disability-Adjusted Life Years),1,Global,3,Both,17,60-64 years,713,Pulmonary aspiration and foreign body in airway,1,Number,2021,143058.652210704,151959.592081171,124992.403046624,320047853.312832,329387624.27068,311524379.587396,3.68223,3.68,Global,62
755,2,DALYs (Disability-Adjusted Life Years),1,Global,3,Both,18,65-69 years,713,Pulmonary aspiration and foreign body in airway,1,Number,2021,132135.582061057,141760.975665177,112714.210255888,275842158.522357,284217678.194795,268116931.088218,2.98509,2.99,Global,67
756,2,DALYs (Disability-Adjusted Life Years),1,Global,3,Both,19,70-74 years,713,Pulmonary aspiration and foreign body in airway,1,Number,2021,128252.69517457,137668.10061298,106655.569308293,205839220.385999,211972020.164289,200406728.542811,2.26526,2.27,Global,72
757,2,DALYs (Disability-Adjusted Life Years),1,Global,3,Both,20,75-79 years,713,Pulmonary aspiration and foreign body in airway,1,Number,2021,107554.990012208,115598.16788206,90839.7565152788,131884404.580217,135613447.4,128518633.372437,1.59758,1.6,Global,77
758,2,DALYs (Disability-Adjusted Life Years),1,Global,3,Both,30,80-84 years,713,Pulmonary aspiration and foreign body in airway,1,Number,2021,101176.092673086,110361.570160295,83915.2811797068,87583056.918491,89948887.7796038,85481848.25,1.09729,1.1,Global,82
759,2,DALYs (Disability-Adjusted Life Years),1,Global,3,Both,31,85-89 years,713,Pulmonary aspiration and foreign body in airway,1,Number,2021,87419.4665290281,96774.5762951874,70423.8609139432,45721791.0517717,46852862.726504,44709230.7009568,0.604519,0.6,Global,87
760,2,DALYs (Disability-Adjusted Life Years),1,Global,3,Both,32,90-94 years,713,Pulmonary aspiration and foreign body in airway,1,Number,2021,62808.7190384503,70515.0639914626,49506.6510677957,17889373.591415,18289317.0157285,17518670.986049,0.246663,0.25,Global,92
761,2,DALYs (Disability-Adjusted Life Years),1,Global,3,Both,235,95+ years,713,Pulmonary aspiration and foreign body in airway,1,Number,2021,31890.3367958431,36990.5851200194,23066.2090830293,5450308.67493343,5569992.58267677,5337366.13587716,0.0785092,0.08,Global,97
762,2,DALYs (Disability-Adjusted Life Years),1,Global,3,Both,10,25-29 years,721,Self-harm by firearm,1,Number,2021,363476.266327746,507408.769685044,251078.367209768,588343218.626762,607422118.669863,570487097.318648,7.59144,7.59,Global,27
763,2,DALYs (Disability-Adjusted Life Years),1,Global,3,Both,11,30-34 years,721,Self-harm by firearm,1,Number,2021,262759.267640553,350812.742059438,191565.990724587,604480174.775885,623603836.164416,586195014.793618,7.32171,7.32,Global,32
764,2,DALYs (Disability-Adjusted Life Years),1,Global,3,Both,12,35-39 years,721,Self-harm by firearm,1,Number,2021,213166.943942506,265812.853010545,163794.47080145,560866105.914554,578297964.608428,544251815.345755,6.82805,6.83,Global,37
765,2,DALYs (Disability-Adjusted Life Years),1,Global,3,Both,13,40-44 years,721,Self-harm by firearm,1,Number,2021,188735.237396826,230988.759307064,146403.440862615,500250795.605694,515432478.206861,485928430.82182,6.14735,6.15,Global,42
766,2,DALYs (Disability-Adjusted Life Years),1,Global,3,Both,14,45-49 years,721,Self-harm by firearm,1,Number,2021,161744.661359447,189993.686333991,132856.128962711,473504625.903218,487919674.240222,460213135.719539,5.51133,5.51,Global,47
767,2,DALYs (Disability-Adjusted Life Years),1,Global,3,Both,15,50-54 years,721,Self-harm by firearm,1,Number,2021,155051.593004522,179795.164484709,129812.711683963,444922982.841121,458714304.258768,432300957.286386,4.91312,4.91,Global,52
768,2,DALYs (Disability-Adjusted Life Years),1,Global,3,Both,16,55-59 years,721,Self-harm by firearm,1,Number,2021,145429.125636009,164350.106185432,125994.869668017,395728004,407669300.348216,384764582.368839,4.34586,4.35,Global,57
769,2,DALYs (Disability-Adjusted Life Years),1,Global,3,Both,17,60-64 years,721,Self-harm by firearm,1,Number,2021,112298.092720406,124286.480744649,99331.8519900115,320047853.312832,329387624.27068,311524379.587396,3.68223,3.68,Global,62
770,2,DALYs (Disability-Adjusted Life Years),1,Global,3,Both,18,65-69 years,721,Self-harm by firearm,1,Number,2021,83213.7677208407,92247.9055420026,74073.9047511794,275842158.522357,284217678.194795,268116931.088218,2.98509,2.99,Global,67
771,2,DALYs (Disability-Adjusted Life Years),1,Global,3,Both,19,70-74 years,721,Self-harm by firearm,1,Number,2021,61568.5610861556,67441.1586912865,55769.5855940133,205839220.385999,211972020.164289,200406728.542811,2.26526,2.27,Global,72
772,2,DALYs (Disability-Adjusted Life Years),1,Global,3,Both,20,75-79 years,721,Self-harm by firearm,1,Number,2021,41008.0479366458,45034.4336472882,36985.0072391119,131884404.580217,135613447.4,128518633.372437,1.59758,1.6,Global,77
773,2,DALYs (Disability-Adjusted Life Years),1,Global,3,Both,30,80-84 years,721,Self-harm by firearm,1,Number,2021,24211.0958231038,26692.8338552131,21326.7526871831,87583056.918491,89948887.7796038,85481848.25,1.09729,1.1,Global,82
774,2,DALYs (Disability-Adjusted Life Years),1,Global,3,Both,31,85-89 years,721,Self-harm by firearm,1,Number,2021,12835.9655824865,14198.6985989647,10785.5778607608,45721791.0517717,46852862.726504,44709230.7009568,0.604519,0.6,Global,87
775,2,DALYs (Disability-Adjusted Life Years),1,Global,3,Both,32,90-94 years,721,Self-harm by firearm,1,Number,2021,4755.98704387382,5260.47023410487,3893.11182358742,17889373.591415,18289317.0157285,17518670.986049,0.246663,0.25,Global,92
776,2,DALYs (Disability-Adjusted Life Years),1,Global,3,Both,235,95+ years,721,Self-harm by firearm,1,Number,2021,1026.1188218986,1169.46520170626,781.101365306745,5450308.67493343,5569992.58267677,5337366.13587716,0.0785092,0.08,Global,97
777,2,DALYs (Disability-Adjusted Life Years),1,Global,3,Both,10,25-29 years,729,Exposure to forces of nature,1,Number,2021,88299.4374382345,113933.768986715,69981.9406490444,588343218.626762,607422118.669863,570487097.318648,7.59144,7.59,Global,27
778,2,DALYs (Disability-Adjusted Life Years),1,Global,3,Both,11,30-34 years,729,Exposure to forces of nature,1,Number,2021,109185.820158048,142777.705477976,83778.9763631613,604480174.775885,623603836.164416,586195014.793618,7.32171,7.32,Global,32
779,2,DALYs (Disability-Adjusted Life Years),1,Global,3,Both,12,35-39 years,729,Exposure to forces of nature,1,Number,2021,73528.9901860978,98320.7760007584,55327.5347287258,560866105.914554,578297964.608428,544251815.345755,6.82805,6.83,Global,37
780,2,DALYs (Disability-Adjusted Life Years),1,Global,3,Both,13,40-44 years,729,Exposure to forces of nature,1,Number,2021,60181.9540899353,80510.0997358191,45275.1564644281,500250795.605694,515432478.206861,485928430.82182,6.14735,6.15,Global,42
781,2,DALYs (Disability-Adjusted Life Years),1,Global,3,Both,14,45-49 years,729,Exposure to forces of nature,1,Number,2021,40925.0410057417,54831.9051354331,30992.1998719298,473504625.903218,487919674.240222,460213135.719539,5.51133,5.51,Global,47
782,2,DALYs (Disability-Adjusted Life Years),1,Global,3,Both,15,50-54 years,729,Exposure to forces of nature,1,Number,2021,29559.2952050238,38978.7031418824,22943.1666061516,444922982.841121,458714304.258768,432300957.286386,4.91312,4.91,Global,52
783,2,DALYs (Disability-Adjusted Life Years),1,Global,3,Both,16,55-59 years,729,Exposure to forces of nature,1,Number,2021,25162.662075326,31694.8558605063,20677.5231380766,395728004,407669300.348216,384764582.368839,4.34586,4.35,Global,57
784,2,DALYs (Disability-Adjusted Life Years),1,Global,3,Both,17,60-64 years,729,Exposure to forces of nature,1,Number,2021,19263.7995925451,24400.7366102709,15679.5257516592,320047853.312832,329387624.27068,311524379.587396,3.68223,3.68,Global,62
785,2,DALYs (Disability-Adjusted Life Years),1,Global,3,Both,18,65-69 years,729,Exposure to forces of nature,1,Number,2021,25828.6665593657,30333.3384703273,22393.9148707311,275842158.522357,284217678.194795,268116931.088218,2.98509,2.99,Global,67
786,2,DALYs (Disability-Adjusted Life Years),1,Global,3,Both,19,70-74 years,729,Exposure to forces of nature,1,Number,2021,19138.1721236671,22377.8700449577,16543.6692600328,205839220.385999,211972020.164289,200406728.542811,2.26526,2.27,Global,72
787,2,DALYs (Disability-Adjusted Life Years),1,Global,3,Both,20,75-79 years,729,Exposure to forces of nature,1,Number,2021,14062.0871690199,16267.8834265639,12263.404134847,131884404.580217,135613447.4,128518633.372437,1.59758,1.6,Global,77
788,2,DALYs (Disability-Adjusted Life Years),1,Global,3,Both,30,80-84 years,729,Exposure to forces of nature,1,Number,2021,10515.2728089548,12308.3448835344,9068.45906926428,87583056.918491,89948887.7796038,85481848.25,1.09729,1.1,Global,82
789,2,DALYs (Disability-Adjusted Life Years),1,Global,3,Both,31,85-89 years,729,Exposure to forces of nature,1,Number,2021,6117.8128515431,7221.29636298232,5221.29586491055,45721791.0517717,46852862.726504,44709230.7009568,0.604519,0.6,Global,87
790,2,DALYs (Disability-Adjusted Life Years),1,Global,3,Both,32,90-94 years,729,Exposure to forces of nature,1,Number,2021,2283.70005259626,2785.55430847554,1906.31742291209,17889373.591415,18289317.0157285,17518670.986049,0.246663,0.25,Global,92
791,2,DALYs (Disability-Adjusted Life Years),1,Global,3,Both,235,95+ years,729,Exposure to forces of nature,1,Number,2021,797.005340113812,986.054480754015,664.59023881983,5450308.67493343,5569992.58267677,5337366.13587716,0.0785092,0.08,Global,97
792,2,DALYs (Disability-Adjusted Life Years),1,Global,3,Both,10,25-29 years,839,G6PD trait,1,Number,2021,1221.83434353424,1788.07029473736,802.763925713697,588343218.626762,607422118.669863,570487097.318648,7.59144,7.59,Global,27
793,2,DALYs (Disability-Adjusted Life Years),1,Global,3,Both,11,30-34 years,839,G6PD trait,1,Number,2021,1172.1123766522,1707.24610874048,768.125345348001,604480174.775885,623603836.164416,586195014.793618,7.32171,7.32,Global,32
794,2,DALYs (Disability-Adjusted Life Years),1,Global,3,Both,12,35-39 years,839,G6PD trait,1,Number,2021,1107.5741320638,1607.33717220193,731.309374553189,560866105.914554,578297964.608428,544251815.345755,6.82805,6.83,Global,37
795,2,DALYs (Disability-Adjusted Life Years),1,Global,3,Both,13,40-44 years,839,G6PD trait,1,Number,2021,952.311790814784,1356.87670363826,623.473299338134,500250795.605694,515432478.206861,485928430.82182,6.14735,6.15,Global,42
796,2,DALYs (Disability-Adjusted Life Years),1,Global,3,Both,14,45-49 years,839,G6PD trait,1,Number,2021,785.598937316555,1157.03787099037,505.902950247813,473504625.903218,487919674.240222,460213135.719539,5.51133,5.51,Global,47
797,2,DALYs (Disability-Adjusted Life Years),1,Global,3,Both,15,50-54 years,839,G6PD trait,1,Number,2021,697.07784677417,1019.49926743322,452.980500885449,444922982.841121,458714304.258768,432300957.286386,4.91312,4.91,Global,52
798,2,DALYs (Disability-Adjusted Life Years),1,Global,3,Both,16,55-59 years,839,G6PD trait,1,Number,2021,580.867284435872,861.993592985853,381.941804349623,395728004,407669300.348216,384764582.368839,4.34586,4.35,Global,57
799,2,DALYs (Disability-Adjusted Life Years),1,Global,3,Both,17,60-64 years,839,G6PD trait,1,Number,2021,469.545450949479,686.754965540132,310.7401717,320047853.312832,329387624.27068,311524379.587396,3.68223,3.68,Global,62
800,2,DALYs (Disability-Adjusted Life Years),1,Global,3,Both,18,65-69 years,839,G6PD trait,1,Number,2021,426.360728356216,617.782930422306,280.897242581393,275842158.522357,284217678.194795,268116931.088218,2.98509,2.99,Global,67
801,2,DALYs (Disability-Adjusted Life Years),1,Global,3,Both,19,70-74 years,839,G6PD trait,1,Number,2021,301.698627694688,443.486140505346,206.983494088211,205839220.385999,211972020.164289,200406728.542811,2.26526,2.27,Global,72
802,2,DALYs (Disability-Adjusted Life Years),1,Global,3,Both,20,75-79 years,839,G6PD trait,1,Number,2021,207.754362135669,299.260177106723,142.089282089143,131884404.580217,135613447.4,128518633.372437,1.59758,1.6,Global,77
803,2,DALYs (Disability-Adjusted Life Years),1,Global,3,Both,30,80-84 years,839,G6PD trait,1,Number,2021,133.249336432167,193.880314818948,88.9063741736819,87583056.918491,89948887.7796038,85481848.25,1.09729,1.1,Global,82
804,2,DALYs (Disability-Adjusted Life Years),1,Global,3,Both,31,85-89 years,839,G6PD trait,1,Number,2021,73.9073786274374,106.241375758544,49.8268302607579,45721791.0517717,46852862.726504,44709230.7009568,0.604519,0.6,Global,87
805,2,DALYs (Disability-Adjusted Life Years),1,Global,3,Both,32,90-94 years,839,G6PD trait,1,Number,2021,43.0866042826329,63.2566283527799,28.4455292509331,17889373.591415,18289317.0157285,17518670.986049,0.246663,0.25,Global,92
806,2,DALYs (Disability-Adjusted Life Years),1,Global,3,Both,235,95+ years,839,G6PD trait,1,Number,2021,16.2717887652597,22.9784371812137,10.9937476676776,5450308.67493343,5569992.58267677,5337366.13587716,0.0785092,0.08,Global,97
807,2,DALYs (Disability-Adjusted Life Years),1,Global,3,Both,10,25-29 years,842,Environmental heat and cold exposure,1,Number,2021,79261.8190631221,102048.093908591,54933.9313103647,588343218.626762,607422118.669863,570487097.318648,7.59144,7.59,Global,27
808,2,DALYs (Disability-Adjusted Life Years),1,Global,3,Both,11,30-34 years,842,Environmental heat and cold exposure,1,Number,2021,109271.175991006,137001.535184575,80090.0634407142,604480174.775885,623603836.164416,586195014.793618,7.32171,7.32,Global,32
809,2,DALYs (Disability-Adjusted Life Years),1,Global,3,Both,12,35-39 years,842,Environmental heat and cold exposure,1,Number,2021,122221.810719036,148153.455037227,94090.4538440653,560866105.914554,578297964.608428,544251815.345755,6.82805,6.83,Global,37
810,2,DALYs (Disability-Adjusted Life Years),1,Global,3,Both,13,40-44 years,842,Environmental heat and cold exposure,1,Number,2021,133215.890643127,159156.514314481,102534.150633111,500250795.605694,515432478.206861,485928430.82182,6.14735,6.15,Global,42
811,2,DALYs (Disability-Adjusted Life Years),1,Global,3,Both,14,45-49 years,842,Environmental heat and cold exposure,1,Number,2021,136124.023684822,162681.04208536,108772.401661439,473504625.903218,487919674.240222,460213135.719539,5.51133,5.51,Global,47
812,2,DALYs (Disability-Adjusted Life Years),1,Global,3,Both,15,50-54 years,842,Environmental heat and cold exposure,1,Number,2021,151440.270351404,179765.292955033,116151.709087961,444922982.841121,458714304.258768,432300957.286386,4.91312,4.91,Global,52
813,2,DALYs (Disability-Adjusted Life Years),1,Global,3,Both,16,55-59 years,842,Environmental heat and cold exposure,1,Number,2021,148837.457662313,177100.579047096,113692.999599272,395728004,407669300.348216,384764582.368839,4.34586,4.35,Global,57
814,2,DALYs (Disability-Adjusted Life Years),1,Global,3,Both,17,60-64 years,842,Environmental heat and cold exposure,1,Number,2021,133873.813974434,157794.47427658,104998.442058996,320047853.312832,329387624.27068,311524379.587396,3.68223,3.68,Global,62
815,2,DALYs (Disability-Adjusted Life Years),1,Global,3,Both,18,65-69 years,842,Environmental heat and cold exposure,1,Number,2021,108416.889778474,132356.70072577,78791.0785741727,275842158.522357,284217678.194795,268116931.088218,2.98509,2.99,Global,67
816,2,DALYs (Disability-Adjusted Life Years),1,Global,3,Both,19,70-74 years,842,Environmental heat and cold exposure,1,Number,2021,89682.3354145753,111296.874195047,61622.0307732322,205839220.385999,211972020.164289,200406728.542811,2.26526,2.27,Global,72
817,2,DALYs (Disability-Adjusted Life Years),1,Global,3,Both,20,75-79 years,842,Environmental heat and cold exposure,1,Number,2021,66938.9779245792,84164.0368222508,43616.6252073907,131884404.580217,135613447.4,128518633.372437,1.59758,1.6,Global,77
818,2,DALYs (Disability-Adjusted Life Years),1,Global,3,Both,30,80-84 years,842,Environmental heat and cold exposure,1,Number,2021,50998.0045826229,62676.4812021348,36295.0250590465,87583056.918491,89948887.7796038,85481848.25,1.09729,1.1,Global,82
819,2,DALYs (Disability-Adjusted Life Years),1,Global,3,Both,31,85-89 years,842,Environmental heat and cold exposure,1,Number,2021,33690.6624195172,41010.553823845,25121.8148074624,45721791.0517717,46852862.726504,44709230.7009568,0.604519,0.6,Global,87
820,2,DALYs (Disability-Adjusted Life Years),1,Global,3,Both,32,90-94 years,842,Environmental heat and cold exposure,1,Number,2021,17411.7263044194,20977.3068228361,13596.8080013106,17889373.591415,18289317.0157285,17518670.986049,0.246663,0.25,Global,92
821,2,DALYs (Disability-Adjusted Life Years),1,Global,3,Both,235,95+ years,842,Environmental heat and cold exposure,1,Number,2021,6377.0881022936,7724.76968175686,5070.04265335663,5450308.67493343,5569992.58267677,5337366.13587716,0.0785092,0.08,Global,97
822,2,DALYs (Disability-Adjusted Life Years),1,Global,3,Both,10,25-29 years,845,Acute lymphoid leukemia,1,Number,2021,195511.934366947,231509.960050529,128989.756922958,588343218.626762,607422118.669863,570487097.318648,7.59144,7.59,Global,27
823,2,DALYs (Disability-Adjusted Life Years),1,Global,3,Both,11,30-34 years,845,Acute lymphoid leukemia,1,Number,2021,178123.887209055,211902.62881791,116881.653621596,604480174.775885,623603836.164416,586195014.793618,7.32171,7.32,Global,32
824,2,DALYs (Disability-Adjusted Life Years),1,Global,3,Both,12,35-39 years,845,Acute lymphoid leukemia,1,Number,2021,156748.334630978,184107.498119237,100140.107516339,560866105.914554,578297964.608428,544251815.345755,6.82805,6.83,Global,37
825,2,DALYs (Disability-Adjusted Life Years),1,Global,3,Both,13,40-44 years,845,Acute lymphoid leukemia,1,Number,2021,140105.29909752,179302.375063152,93326.0598170201,500250795.605694,515432478.206861,485928430.82182,6.14735,6.15,Global,42
826,2,DALYs (Disability-Adjusted Life Years),1,Global,3,Both,14,45-49 years,845,Acute lymphoid leukemia,1,Number,2021,135842.06028001,168819.6879,84065.8810115018,473504625.903218,487919674.240222,460213135.719539,5.51133,5.51,Global,47
827,2,DALYs (Disability-Adjusted Life Years),1,Global,3,Both,15,50-54 years,845,Acute lymphoid leukemia,1,Number,2021,135794.922706275,172487.837324805,82901.540045949,444922982.841121,458714304.258768,432300957.286386,4.91312,4.91,Global,52
828,2,DALYs (Disability-Adjusted Life Years),1,Global,3,Both,16,55-59 years,845,Acute lymphoid leukemia,1,Number,2021,144190.329836647,180588.402662164,89261.4093957493,395728004,407669300.348216,384764582.368839,4.34586,4.35,Global,57
829,2,DALYs (Disability-Adjusted Life Years),1,Global,3,Both,17,60-64 years,845,Acute lymphoid leukemia,1,Number,2021,117685.859103462,153548.666140106,79650.0984321257,320047853.312832,329387624.27068,311524379.587396,3.68223,3.68,Global,62
830,2,DALYs (Disability-Adjusted Life Years),1,Global,3,Both,18,65-69 years,845,Acute lymphoid leukemia,1,Number,2021,109212.926290817,137548.417115967,70735.4926628204,275842158.522357,284217678.194795,268116931.088218,2.98509,2.99,Global,67
831,2,DALYs (Disability-Adjusted Life Years),1,Global,3,Both,19,70-74 years,845,Acute lymphoid leukemia,1,Number,2021,84815.9157377426,110475.842804242,56840.6246140119,205839220.385999,211972020.164289,200406728.542811,2.26526,2.27,Global,72
832,2,DALYs (Disability-Adjusted Life Years),1,Global,3,Both,20,75-79 years,845,Acute lymphoid leukemia,1,Number,2021,51825.970686579,65944.7097343325,35023.619948446,131884404.580217,135613447.4,128518633.372437,1.59758,1.6,Global,77
833,2,DALYs (Disability-Adjusted Life Years),1,Global,3,Both,30,80-84 years,845,Acute lymphoid leukemia,1,Number,2021,30632.4796125615,37511.1681027509,22515.222795529,87583056.918491,89948887.7796038,85481848.25,1.09729,1.1,Global,82
834,2,DALYs (Disability-Adjusted Life Years),1,Global,3,Both,31,85-89 years,845,Acute lymphoid leukemia,1,Number,2021,14957.8698820736,18546.3003889283,11035.4050041154,45721791.0517717,46852862.726504,44709230.7009568,0.604519,0.6,Global,87
835,2,DALYs (Disability-Adjusted Life Years),1,Global,3,Both,32,90-94 years,845,Acute lymphoid leukemia,1,Number,2021,5593.8142490838,6861.82615770905,4323.81548884775,17889373.591415,18289317.0157285,17518670.986049,0.246663,0.25,Global,92
836,2,DALYs (Disability-Adjusted Life Years),1,Global,3,Both,235,95+ years,845,Acute lymphoid leukemia,1,Number,2021,1362.52918702436,1604.13092631582,1001.15778946602,5450308.67493343,5569992.58267677,5337366.13587716,0.0785092,0.08,Global,97
837,2,DALYs (Disability-Adjusted Life Years),1,Global,3,Both,10,25-29 years,846,Chronic lymphoid leukemia,1,Number,2021,14228.6715328628,18561.5351310268,7555.48938910009,588343218.626762,607422118.669863,570487097.318648,7.59144,7.59,Global,27
838,2,DALYs (Disability-Adjusted Life Years),1,Global,3,Both,11,30-34 years,846,Chronic lymphoid leukemia,1,Number,2021,24830.7857985895,33176.4533713468,14048.3038418243,604480174.775885,623603836.164416,586195014.793618,7.32171,7.32,Global,32
839,2,DALYs (Disability-Adjusted Life Years),1,Global,3,Both,12,35-39 years,846,Chronic lymphoid leukemia,1,Number,2021,28277.1855079148,36652.2105070866,16975.680546347,560866105.914554,578297964.608428,544251815.345755,6.82805,6.83,Global,37
840,2,DALYs (Disability-Adjusted Life Years),1,Global,3,Both,13,40-44 years,846,Chronic lymphoid leukemia,1,Number,2021,32427.677544962,39960.342177989,19816.5458788834,500250795.605694,515432478.206861,485928430.82182,6.14735,6.15,Global,42
841,2,DALYs (Disability-Adjusted Life Years),1,Global,3,Both,14,45-49 years,846,Chronic lymphoid leukemia,1,Number,2021,42530.7115846596,53298.9525445774,27197.7692237854,473504625.903218,487919674.240222,460213135.719539,5.51133,5.51,Global,47
842,2,DALYs (Disability-Adjusted Life Years),1,Global,3,Both,15,50-54 years,846,Chronic lymphoid leukemia,1,Number,2021,65324.7613304028,80880.2277782605,42591.9761002413,444922982.841121,458714304.258768,432300957.286386,4.91312,4.91,Global,52
843,2,DALYs (Disability-Adjusted Life Years),1,Global,3,Both,16,55-59 years,846,Chronic lymphoid leukemia,1,Number,2021,87853.3719970116,109139.664538312,62557.2186712144,395728004,407669300.348216,384764582.368839,4.34586,4.35,Global,57
844,2,DALYs (Disability-Adjusted Life Years),1,Global,3,Both,17,60-64 years,846,Chronic lymphoid leukemia,1,Number,2021,108260.995524506,123595.037041607,82285.4138902686,320047853.312832,329387624.27068,311524379.587396,3.68223,3.68,Global,62
845,2,DALYs (Disability-Adjusted Life Years),1,Global,3,Both,18,65-69 years,846,Chronic lymphoid leukemia,1,Number,2021,130024.544344103,149969.011883604,98309.3550353052,275842158.522357,284217678.194795,268116931.088218,2.98509,2.99,Global,67
846,2,DALYs (Disability-Adjusted Life Years),1,Global,3,Both,19,70-74 years,846,Chronic lymphoid leukemia,1,Number,2021,133469.154277774,150545.244085501,106047.873152987,205839220.385999,211972020.164289,200406728.542811,2.26526,2.27,Global,72
847,2,DALYs (Disability-Adjusted Life Years),1,Global,3,Both,20,75-79 years,846,Chronic lymphoid leukemia,1,Number,2021,109926.092528017,122215.851090107,92446.5864583454,131884404.580217,135613447.4,128518633.372437,1.59758,1.6,Global,77
848,2,DALYs (Disability-Adjusted Life Years),1,Global,3,Both,30,80-84 years,846,Chronic lymphoid leukemia,1,Number,2021,94268.3326658316,104174.909500139,79402.8053746228,87583056.918491,89948887.7796038,85481848.25,1.09729,1.1,Global,82
849,2,DALYs (Disability-Adjusted Life Years),1,Global,3,Both,31,85-89 years,846,Chronic lymphoid leukemia,1,Number,2021,65160.9816938558,72930.4815707482,53941.7646208261,45721791.0517717,46852862.726504,44709230.7009568,0.604519,0.6,Global,87
850,2,DALYs (Disability-Adjusted Life Years),1,Global,3,Both,32,90-94 years,846,Chronic lymphoid leukemia,1,Number,2021,37518.7927794725,42098.4541932197,29787.8792311424,17889373.591415,18289317.0157285,17518670.986049,0.246663,0.25,Global,92
851,2,DALYs (Disability-Adjusted Life Years),1,Global,3,Both,10,25-29 years,390,Dietary iron deficiency,1,Number,2021,2002530.19265049,2912687.71854524,1317979.12362842,588343218.626762,607422118.669863,570487097.318648,7.59144,7.59,Global,27
852,2,DALYs (Disability-Adjusted Life Years),1,Global,3,Both,11,30-34 years,390,Dietary iron deficiency,1,Number,2021,1967322.23999314,2829677.81032598,1296987.68234801,604480174.775885,623603836.164416,586195014.793618,7.32171,7.32,Global,32
853,2,DALYs (Disability-Adjusted Life Years),1,Global,3,Both,12,35-39 years,390,Dietary iron deficiency,1,Number,2021,1880616.118,2667858.88530682,1258875.10096744,560866105.914554,578297964.608428,544251815.345755,6.82805,6.83,Global,37
854,2,DALYs (Disability-Adjusted Life Years),1,Global,3,Both,13,40-44 years,390,Dietary iron deficiency,1,Number,2021,1701125.49118263,2490873.04130082,1142904.43646505,500250795.605694,515432478.206861,485928430.82182,6.14735,6.15,Global,42
855,2,DALYs (Disability-Adjusted Life Years),1,Global,3,Both,14,45-49 years,390,Dietary iron deficiency,1,Number,2021,1499581.95304401,2140246.02190105,999701.041595046,473504625.903218,487919674.240222,460213135.719539,5.51133,5.51,Global,47
856,2,DALYs (Disability-Adjusted Life Years),1,Global,3,Both,15,50-54 years,390,Dietary iron deficiency,1,Number,2021,1261646.57772027,1804967.54565356,851845.143921132,444922982.841121,458714304.258768,432300957.286386,4.91312,4.91,Global,52
857,2,DALYs (Disability-Adjusted Life Years),1,Global,3,Both,16,55-59 years,390,Dietary iron deficiency,1,Number,2021,1174087.27659535,1655464.03557595,789765.271099588,395728004,407669300.348216,384764582.368839,4.34586,4.35,Global,57
858,2,DALYs (Disability-Adjusted Life Years),1,Global,3,Both,17,60-64 years,390,Dietary iron deficiency,1,Number,2021,932571.038345885,1309940.28926731,635724.940829524,320047853.312832,329387624.27068,311524379.587396,3.68223,3.68,Global,62
859,2,DALYs (Disability-Adjusted Life Years),1,Global,3,Both,18,65-69 years,390,Dietary iron deficiency,1,Number,2021,805612.944641992,1142112.11827322,554013.595396994,275842158.522357,284217678.194795,268116931.088218,2.98509,2.99,Global,67
860,2,DALYs (Disability-Adjusted Life Years),1,Global,3,Both,19,70-74 years,390,Dietary iron deficiency,1,Number,2021,652250.167012061,911159.138283301,445273.853931284,205839220.385999,211972020.164289,200406728.542811,2.26526,2.27,Global,72
861,2,DALYs (Disability-Adjusted Life Years),1,Global,3,Both,20,75-79 years,390,Dietary iron deficiency,1,Number,2021,522070.842066144,729279.968710514,365769.778048154,131884404.580217,135613447.4,128518633.372437,1.59758,1.6,Global,77
862,2,DALYs (Disability-Adjusted Life Years),1,Global,3,Both,30,80-84 years,390,Dietary iron deficiency,1,Number,2021,331904.666611105,445775.024288477,230166.059860163,87583056.918491,89948887.7796038,85481848.25,1.09729,1.1,Global,82
863,2,DALYs (Disability-Adjusted Life Years),1,Global,3,Both,31,85-89 years,390,Dietary iron deficiency,1,Number,2021,179680.977935671,244003.669387319,129692.357676581,45721791.0517717,46852862.726504,44709230.7009568,0.604519,0.6,Global,87
864,2,DALYs (Disability-Adjusted Life Years),1,Global,3,Both,32,90-94 years,390,Dietary iron deficiency,1,Number,2021,81479.4541404906,118299.498866764,54680.9904338303,17889373.591415,18289317.0157285,17518670.986049,0.246663,0.25,Global,92
865,2,DALYs (Disability-Adjusted Life Years),1,Global,3,Both,235,95+ years,390,Dietary iron deficiency,1,Number,2021,39803.665225059,57353.2364673717,26615.5477349339,5450308.67493343,5569992.58267677,5337366.13587716,0.0785092,0.08,Global,97
866,2,DALYs (Disability-Adjusted Life Years),1,Global,3,Both,30,80-84 years,512,Asbestosis,1,Number,2021,9224.41169667427,10650.2371835419,7938.20214653646,87583056.918491,89948887.7796038,85481848.25,1.09729,1.1,Global,82
867,2,DALYs (Disability-Adjusted Life Years),1,Global,3,Both,31,85-89 years,512,Asbestosis,1,Number,2021,5919.60608394646,6648.75221064591,5092.65785300423,45721791.0517717,46852862.726504,44709230.7009568,0.604519,0.6,Global,87
868,2,DALYs (Disability-Adjusted Life Years),1,Global,3,Both,32,90-94 years,512,Asbestosis,1,Number,2021,2618.48366515655,3001.54422651042,2191.23867391329,17889373.591415,18289317.0157285,17518670.986049,0.246663,0.25,Global,92
869,2,DALYs (Disability-Adjusted Life Years),1,Global,3,Both,235,95+ years,512,Asbestosis,1,Number,2021,636.873942466457,728.069298756952,500.250311280554,5450308.67493343,5569992.58267677,5337366.13587716,0.0785092,0.08,Global,97
870,2,DALYs (Disability-Adjusted Life Years),1,Global,3,Both,10,25-29 years,513,Coal workers pneumoconiosis,1,Number,2021,376.539480425768,528.115237043437,278.998366255033,588343218.626762,607422118.669863,570487097.318648,7.59144,7.59,Global,27
871,2,DALYs (Disability-Adjusted Life Years),1,Global,3,Both,11,30-34 years,513,Coal workers pneumoconiosis,1,Number,2021,686.763872669688,965.554328918699,481.033791183961,604480174.775885,623603836.164416,586195014.793618,7.32171,7.32,Global,32
872,2,DALYs (Disability-Adjusted Life Years),1,Global,3,Both,12,35-39 years,513,Coal workers pneumoconiosis,1,Number,2021,1179.8710222136,1867.94864389383,879.317458355329,560866105.914554,578297964.608428,544251815.345755,6.82805,6.83,Global,37
873,2,DALYs (Disability-Adjusted Life Years),1,Global,3,Both,13,40-44 years,513,Coal workers pneumoconiosis,1,Number,2021,1832.03202171633,3132.95352494867,1313.3669569007,500250795.605694,515432478.206861,485928430.82182,6.14735,6.15,Global,42
874,2,DALYs (Disability-Adjusted Life Years),1,Global,3,Both,14,45-49 years,513,Coal workers pneumoconiosis,1,Number,2021,2782.02770242808,5347.48177645414,1900.49023368067,473504625.903218,487919674.240222,460213135.719539,5.51133,5.51,Global,47
875,2,DALYs (Disability-Adjusted Life Years),1,Global,3,Both,15,50-54 years,513,Coal workers pneumoconiosis,1,Number,2021,4173.85817625882,7663.15302953211,2953.77057478592,444922982.841121,458714304.258768,432300957.286386,4.91312,4.91,Global,52
876,2,DALYs (Disability-Adjusted Life Years),1,Global,3,Both,16,55-59 years,513,Coal workers pneumoconiosis,1,Number,2021,4584.3676224198,6882.81205618797,3455.70332146947,395728004,407669300.348216,384764582.368839,4.34586,4.35,Global,57
877,2,DALYs (Disability-Adjusted Life Years),1,Global,3,Both,17,60-64 years,513,Coal workers pneumoconiosis,1,Number,2021,5918.70440816184,8323.80335105114,4696.70103212494,320047853.312832,329387624.27068,311524379.587396,3.68223,3.68,Global,62
878,2,DALYs (Disability-Adjusted Life Years),1,Global,3,Both,18,65-69 years,513,Coal workers pneumoconiosis,1,Number,2021,7658.4310782163,11338.3720725397,6045.44217150866,275842158.522357,284217678.194795,268116931.088218,2.98509,2.99,Global,67
879,2,DALYs (Disability-Adjusted Life Years),1,Global,3,Both,19,70-74 years,513,Coal workers pneumoconiosis,1,Number,2021,8637.4555138153,12148.7937450819,6599.20103063182,205839220.385999,211972020.164289,200406728.542811,2.26526,2.27,Global,72
880,2,DALYs (Disability-Adjusted Life Years),1,Global,3,Both,20,75-79 years,513,Coal workers pneumoconiosis,1,Number,2021,8391.70211843837,11015.0964578636,6684.11769642763,131884404.580217,135613447.4,128518633.372437,1.59758,1.6,Global,77
881,2,DALYs (Disability-Adjusted Life Years),1,Global,3,Both,30,80-84 years,513,Coal workers pneumoconiosis,1,Number,2021,6334.71927811677,8441.44067715176,5120.65785032925,87583056.918491,89948887.7796038,85481848.25,1.09729,1.1,Global,82
882,2,DALYs (Disability-Adjusted Life Years),1,Global,3,Both,31,85-89 years,513,Coal workers pneumoconiosis,1,Number,2021,3695.78997696803,5012.64980832291,2998.89534906106,45721791.0517717,46852862.726504,44709230.7009568,0.604519,0.6,Global,87
883,2,DALYs (Disability-Adjusted Life Years),1,Global,3,Both,32,90-94 years,513,Coal workers pneumoconiosis,1,Number,2021,1160.08072253387,1463.84005543311,952.003303824024,17889373.591415,18289317.0157285,17518670.986049,0.246663,0.25,Global,92
884,2,DALYs (Disability-Adjusted Life Years),1,Global,3,Both,235,95+ years,513,Coal workers pneumoconiosis,1,Number,2021,277.269283290543,323.840895085048,219.393623724589,5450308.67493343,5569992.58267677,5337366.13587716,0.0785092,0.08,Global,97
885,2,DALYs (Disability-Adjusted Life Years),1,Global,3,Both,10,25-29 years,514,Other pneumoconiosis,1,Number,2021,1226.69974090263,1737.61696857776,897.896887311898,588343218.626762,607422118.669863,570487097.318648,7.59144,7.59,Global,27
886,2,DALYs (Disability-Adjusted Life Years),1,Global,3,Both,11,30-34 years,514,Other pneumoconiosis,1,Number,2021,2068.53690494419,2891.28490917146,1585.17386651821,604480174.775885,623603836.164416,586195014.793618,7.32171,7.32,Global,32
887,2,DALYs (Disability-Adjusted Life Years),1,Global,3,Both,12,35-39 years,514,Other pneumoconiosis,1,Number,2021,2732.62073855321,3581.4675036069,2108.09258106656,560866105.914554,578297964.608428,544251815.345755,6.82805,6.83,Global,37
888,2,DALYs (Disability-Adjusted Life Years),1,Global,3,Both,13,40-44 years,514,Other pneumoconiosis,1,Number,2021,3013.43523089575,4386.94430422386,2302.38582089363,500250795.605694,515432478.206861,485928430.82182,6.14735,6.15,Global,42
889,2,DALYs (Disability-Adjusted Life Years),1,Global,3,Both,14,45-49 years,514,Other pneumoconiosis,1,Number,2021,3864.51350272612,5901.52509340399,2827.06610610666,473504625.903218,487919674.240222,460213135.719539,5.51133,5.51,Global,47
890,2,DALYs (Disability-Adjusted Life Years),1,Global,3,Both,15,50-54 years,514,Other pneumoconiosis,1,Number,2021,5461.81362854865,8528.31581704763,4119.58515692571,444922982.841121,458714304.258768,432300957.286386,4.91312,4.91,Global,52
891,2,DALYs (Disability-Adjusted Life Years),1,Global,3,Both,16,55-59 years,514,Other pneumoconiosis,1,Number,2021,6219.21317773335,9238.8815186927,4629.76283763401,395728004,407669300.348216,384764582.368839,4.34586,4.35,Global,57
892,2,DALYs (Disability-Adjusted Life Years),1,Global,3,Both,17,60-64 years,514,Other pneumoconiosis,1,Number,2021,6823.5677672043,9211.7234983913,5202.21223170077,320047853.312832,329387624.27068,311524379.587396,3.68223,3.68,Global,62
893,2,DALYs (Disability-Adjusted Life Years),1,Global,3,Both,18,65-69 years,514,Other pneumoconiosis,1,Number,2021,7015.07545267894,9578.7921445115,5515.04626923033,275842158.522357,284217678.194795,268116931.088218,2.98509,2.99,Global,67
894,2,DALYs (Disability-Adjusted Life Years),1,Global,3,Both,19,70-74 years,514,Other pneumoconiosis,1,Number,2021,7120.38150958458,9659.47887211487,5555.33187699681,205839220.385999,211972020.164289,200406728.542811,2.26526,2.27,Global,72
895,2,DALYs (Disability-Adjusted Life Years),1,Global,3,Both,20,75-79 years,514,Other pneumoconiosis,1,Number,2021,5404.51114754376,7155.46130409994,4237.18062298963,131884404.580217,135613447.4,128518633.372437,1.59758,1.6,Global,77
896,2,DALYs (Disability-Adjusted Life Years),1,Global,3,Both,30,80-84 years,514,Other pneumoconiosis,1,Number,2021,3868.2034807537,4986.10475991194,3124.42190005393,87583056.918491,89948887.7796038,85481848.25,1.09729,1.1,Global,82
897,2,DALYs (Disability-Adjusted Life Years),1,Global,3,Both,31,85-89 years,514,Other pneumoconiosis,1,Number,2021,2262.2632618269,2840.81305395765,1843.39597556247,45721791.0517717,46852862.726504,44709230.7009568,0.604519,0.6,Global,87
898,2,DALYs (Disability-Adjusted Life Years),1,Global,3,Both,32,90-94 years,514,Other pneumoconiosis,1,Number,2021,978.018983119761,1174.09504664307,798.472021104871,17889373.591415,18289317.0157285,17518670.986049,0.246663,0.25,Global,92
899,2,DALYs (Disability-Adjusted Life Years),1,Global,3,Both,235,95+ years,514,Other pneumoconiosis,1,Number,2021,316.419150487999,385.13211623734,240.34061971998,5450308.67493343,5569992.58267677,5337366.13587716,0.0785092,0.08,Global,97
900,2,DALYs (Disability-Adjusted Life Years),1,Global,3,Both,10,25-29 years,515,Asthma,1,Number,2021,754533.544146372,1002213.96985103,555956.43820887,588343218.626762,607422118.669863,570487097.318648,7.59144,7.59,Global,27
901,2,DALYs (Disability-Adjusted Life Years),1,Global,3,Both,11,30-34 years,515,Asthma,1,Number,2021,846787.853250117,1118291.02389087,639260.789664774,604480174.775885,623603836.164416,586195014.793618,7.32171,7.32,Global,32
902,2,DALYs (Disability-Adjusted Life Years),1,Global,3,Both,12,35-39 years,515,Asthma,1,Number,2021,943267.439045133,1213803.7720281,737950.997231923,560866105.914554,578297964.608428,544251815.345755,6.82805,6.83,Global,37
903,2,DALYs (Disability-Adjusted Life Years),1,Global,3,Both,13,40-44 years,515,Asthma,1,Number,2021,1035624.88714725,1286254.67635209,825490.795043844,500250795.605694,515432478.206861,485928430.82182,6.14735,6.15,Global,42
904,2,DALYs (Disability-Adjusted Life Years),1,Global,3,Both,14,45-49 years,515,Asthma,1,Number,2021,1173771.99703448,1466678.66365776,963368.156828361,473504625.903218,487919674.240222,460213135.719539,5.51133,5.51,Global,47
905,2,DALYs (Disability-Adjusted Life Years),1,Global,3,Both,15,50-54 years,515,Asthma,1,Number,2021,1302806.61811589,1618938.34846624,1064204.71379362,444922982.841121,458714304.258768,432300957.286386,4.91312,4.91,Global,52
906,2,DALYs (Disability-Adjusted Life Years),1,Global,3,Both,16,55-59 years,515,Asthma,1,Number,2021,1582308.73141429,2007504.91371914,1280223.79205701,395728004,407669300.348216,384764582.368839,4.34586,4.35,Global,57
907,2,DALYs (Disability-Adjusted Life Years),1,Global,3,Both,17,60-64 years,515,Asthma,1,Number,2021,1638101.03337745,2094919.54037433,1309905.14965661,320047853.312832,329387624.27068,311524379.587396,3.68223,3.68,Global,62
908,2,DALYs (Disability-Adjusted Life Years),1,Global,3,Both,18,65-69 years,515,Asthma,1,Number,2021,1659127.76180091,2095733.63481643,1332095.17703907,275842158.522357,284217678.194795,268116931.088218,2.98509,2.99,Global,67
909,2,DALYs (Disability-Adjusted Life Years),1,Global,3,Both,19,70-74 years,515,Asthma,1,Number,2021,1535954.41923454,2001721.08024668,1237865.59387692,205839220.385999,211972020.164289,200406728.542811,2.26526,2.27,Global,72
910,2,DALYs (Disability-Adjusted Life Years),1,Global,3,Both,20,75-79 years,515,Asthma,1,Number,2021,1140038.47380693,1438628.0392067,913884.776295976,131884404.580217,135613447.4,128518633.372437,1.59758,1.6,Global,77
911,2,DALYs (Disability-Adjusted Life Years),1,Global,3,Both,30,80-84 years,515,Asthma,1,Number,2021,842259.816373615,1056159.30255848,681275.643010523,87583056.918491,89948887.7796038,85481848.25,1.09729,1.1,Global,82
912,2,DALYs (Disability-Adjusted Life Years),1,Global,3,Both,31,85-89 years,515,Asthma,1,Number,2021,442100.677335086,545174.620847788,361871.063166915,45721791.0517717,46852862.726504,44709230.7009568,0.604519,0.6,Global,87
913,2,DALYs (Disability-Adjusted Life Years),1,Global,3,Both,32,90-94 years,515,Asthma,1,Number,2021,182149.318696263,222075.183551943,149196.932352886,17889373.591415,18289317.0157285,17518670.986049,0.246663,0.25,Global,92
914,2,DALYs (Disability-Adjusted Life Years),1,Global,3,Both,235,95+ years,515,Asthma,1,Number,2021,60812.3111258952,78141.2059629953,48272.0454772482,5450308.67493343,5569992.58267677,5337366.13587716,0.0785092,0.08,Global,97
915,2,DALYs (Disability-Adjusted Life Years),1,Global,3,Both,10,25-29 years,516,Interstitial lung disease and pulmonary sarcoidosis,1,Number,2021,41574.760363393,49214.9168081235,34413.1112209001,588343218.626762,607422118.669863,570487097.318648,7.59144,7.59,Global,27
916,2,DALYs (Disability-Adjusted Life Years),1,Global,3,Both,11,30-34 years,516,Interstitial lung disease and pulmonary sarcoidosis,1,Number,2021,62193.449599559,74477.7194151988,48212.1572004989,604480174.775885,623603836.164416,586195014.793618,7.32171,7.32,Global,32
917,2,DALYs (Disability-Adjusted Life Years),1,Global,3,Both,12,35-39 years,516,Interstitial lung disease and pulmonary sarcoidosis,1,Number,2021,86301.4896864003,102999.736970017,70633.0275193552,560866105.914554,578297964.608428,544251815.345755,6.82805,6.83,Global,37
918,2,DALYs (Disability-Adjusted Life Years),1,Global,3,Both,13,40-44 years,516,Interstitial lung disease and pulmonary sarcoidosis,1,Number,2021,114509.014381552,137452.232560665,92099.6191987406,500250795.605694,515432478.206861,485928430.82182,6.14735,6.15,Global,42
919,2,DALYs (Disability-Adjusted Life Years),1,Global,3,Both,14,45-49 years,516,Interstitial lung disease and pulmonary sarcoidosis,1,Number,2021,160193.505291179,193353.847055338,129614.293426838,473504625.903218,487919674.240222,460213135.719539,5.51133,5.51,Global,47
920,2,DALYs (Disability-Adjusted Life Years),1,Global,3,Both,15,50-54 years,516,Interstitial lung disease and pulmonary sarcoidosis,1,Number,2021,221371.973632138,267162.998204807,177304.604540393,444922982.841121,458714304.258768,432300957.286386,4.91312,4.91,Global,52
921,2,DALYs (Disability-Adjusted Life Years),1,Global,3,Both,16,55-59 years,516,Interstitial lung disease and pulmonary sarcoidosis,1,Number,2021,330651.59998197,388739.686451901,266121.540557132,395728004,407669300.348216,384764582.368839,4.34586,4.35,Global,57
922,2,DALYs (Disability-Adjusted Life Years),1,Global,3,Both,17,60-64 years,516,Interstitial lung disease and pulmonary sarcoidosis,1,Number,2021,419878.383123762,501939.701459535,344893.882659997,320047853.312832,329387624.27068,311524379.587396,3.68223,3.68,Global,62
923,2,DALYs (Disability-Adjusted Life Years),1,Global,3,Both,18,65-69 years,516,Interstitial lung disease and pulmonary sarcoidosis,1,Number,2021,522370.0359,604072.93232819,434191.571790667,275842158.522357,284217678.194795,268116931.088218,2.98509,2.99,Global,67
924,2,DALYs (Disability-Adjusted Life Years),1,Global,3,Both,19,70-74 years,516,Interstitial lung disease and pulmonary sarcoidosis,1,Number,2021,610775.303060551,715439.21830782,514813.624615597,205839220.385999,211972020.164289,200406728.542811,2.26526,2.27,Global,72
925,2,DALYs (Disability-Adjusted Life Years),1,Global,3,Both,20,75-79 years,516,Interstitial lung disease and pulmonary sarcoidosis,1,Number,2021,538844.876949972,607654.967591897,470898.59127984,131884404.580217,135613447.4,128518633.372437,1.59758,1.6,Global,77
926,2,DALYs (Disability-Adjusted Life Years),1,Global,3,Both,30,80-84 years,516,Interstitial lung disease and pulmonary sarcoidosis,1,Number,2021,422882.231673407,483633.263764786,360008.954632511,87583056.918491,89948887.7796038,85481848.25,1.09729,1.1,Global,82
927,2,DALYs (Disability-Adjusted Life Years),1,Global,3,Both,31,85-89 years,516,Interstitial lung disease and pulmonary sarcoidosis,1,Number,2021,265665.817056799,298319.827015559,222273.469504862,45721791.0517717,46852862.726504,44709230.7009568,0.604519,0.6,Global,87
928,2,DALYs (Disability-Adjusted Life Years),1,Global,3,Both,32,90-94 years,516,Interstitial lung disease and pulmonary sarcoidosis,1,Number,2021,127031.406538147,144301.052799071,100800.390236842,17889373.591415,18289317.0157285,17518670.986049,0.246663,0.25,Global,92
929,2,DALYs (Disability-Adjusted Life Years),1,Global,3,Both,235,95+ years,516,Interstitial lung disease and pulmonary sarcoidosis,1,Number,2021,46154.0731886278,53418.9739015626,33944.372808869,5450308.67493343,5569992.58267677,5337366.13587716,0.0785092,0.08,Global,97
930,2,DALYs (Disability-Adjusted Life Years),1,Global,3,Both,10,25-29 years,523,Chronic hepatitis C including cirrhosis,1,Number,2021,460809.603104193,645365.183928336,313918.787148536,588343218.626762,607422118.669863,570487097.318648,7.59144,7.59,Global,27
931,2,DALYs (Disability-Adjusted Life Years),1,Global,3,Both,11,30-34 years,523,Chronic hepatitis C including cirrhosis,1,Number,2021,727199.341882564,930010.376657841,555036.644135313,604480174.775885,623603836.164416,586195014.793618,7.32171,7.32,Global,32
932,2,DALYs (Disability-Adjusted Life Years),1,Global,3,Both,12,35-39 years,523,Chronic hepatitis C including cirrhosis,1,Number,2021,994461.107290089,1346422.62409423,699711.435768769,560866105.914554,578297964.608428,544251815.345755,6.82805,6.83,Global,37
933,2,DALYs (Disability-Adjusted Life Years),1,Global,3,Both,13,40-44 years,523,Chronic hepatitis C including cirrhosis,1,Number,2021,1257171.81962057,1616843.73101005,922123.078610483,500250795.605694,515432478.206861,485928430.82182,6.14735,6.15,Global,42
934,2,DALYs (Disability-Adjusted Life Years),1,Global,3,Both,14,45-49 years,523,Chronic hepatitis C including cirrhosis,1,Number,2021,1307438.33504435,1714936.92841132,964359.094511885,473504625.903218,487919674.240222,460213135.719539,5.51133,5.51,Global,47
935,2,DALYs (Disability-Adjusted Life Years),1,Global,3,Both,15,50-54 years,523,Chronic hepatitis C including cirrhosis,1,Number,2021,1387905.46376429,1859920.51512815,1025946.95012669,444922982.841121,458714304.258768,432300957.286386,4.91312,4.91,Global,52
936,2,DALYs (Disability-Adjusted Life Years),1,Global,3,Both,16,55-59 years,523,Chronic hepatitis C including cirrhosis,1,Number,2021,1407900.86507141,1841411.24625231,1013180.35865163,395728004,407669300.348216,384764582.368839,4.34586,4.35,Global,57
937,2,DALYs (Disability-Adjusted Life Years),1,Global,3,Both,17,60-64 years,523,Chronic hepatitis C including cirrhosis,1,Number,2021,1246763.65207769,1653742.23249384,875859.840664573,320047853.312832,329387624.27068,311524379.587396,3.68223,3.68,Global,62
938,2,DALYs (Disability-Adjusted Life Years),1,Global,3,Both,18,65-69 years,523,Chronic hepatitis C including cirrhosis,1,Number,2021,1048916.90541628,1319482.35055759,792462.412862035,275842158.522357,284217678.194795,268116931.088218,2.98509,2.99,Global,67
939,2,DALYs (Disability-Adjusted Life Years),1,Global,3,Both,19,70-74 years,523,Chronic hepatitis C including cirrhosis,1,Number,2021,728431.690112444,900706.506526794,564407.749104061,205839220.385999,211972020.164289,200406728.542811,2.26526,2.27,Global,72
940,2,DALYs (Disability-Adjusted Life Years),1,Global,3,Both,20,75-79 years,523,Chronic hepatitis C including cirrhosis,1,Number,2021,447367.8222,579417.086951526,330884.098084764,131884404.580217,135613447.4,128518633.372437,1.59758,1.6,Global,77
941,2,DALYs (Disability-Adjusted Life Years),1,Global,3,Both,30,80-84 years,523,Chronic hepatitis C including cirrhosis,1,Number,2021,270754.993167866,348878.156026322,200693.964585775,87583056.918491,89948887.7796038,85481848.25,1.09729,1.1,Global,82
942,2,DALYs (Disability-Adjusted Life Years),1,Global,3,Both,31,85-89 years,523,Chronic hepatitis C including cirrhosis,1,Number,2021,134551.92642377,164665.580312217,104399.408079103,45721791.0517717,46852862.726504,44709230.7009568,0.604519,0.6,Global,87
943,2,DALYs (Disability-Adjusted Life Years),1,Global,3,Both,32,90-94 years,523,Chronic hepatitis C including cirrhosis,1,Number,2021,49775.862149319,63629.6291206423,36943.2098361623,17889373.591415,18289317.0157285,17518670.986049,0.246663,0.25,Global,92
944,2,DALYs (Disability-Adjusted Life Years),1,Global,3,Both,235,95+ years,523,Chronic hepatitis C including cirrhosis,1,Number,2021,16262.9410981648,22589.9565734253,10745.7470486415,5450308.67493343,5569992.58267677,5337366.13587716,0.0785092,0.08,Global,97
945,2,DALYs (Disability-Adjusted Life Years),1,Global,3,Both,10,25-29 years,525,Cirrhosis due to other causes,1,Number,2021,509326.403346976,713874.210848611,330031.392992492,588343218.626762,607422118.669863,570487097.318648,7.59144,7.59,Global,27
946,2,DALYs (Disability-Adjusted Life Years),1,Global,3,Both,11,30-34 years,525,Cirrhosis due to other causes,1,Number,2021,444605.57163428,673664.442396817,256377.794948892,604480174.775885,623603836.164416,586195014.793618,7.32171,7.32,Global,32
947,2,DALYs (Disability-Adjusted Life Years),1,Global,3,Both,12,35-39 years,525,Cirrhosis due to other causes,1,Number,2021,350626.335870428,545913.837642577,208840.059747251,560866105.914554,578297964.608428,544251815.345755,6.82805,6.83,Global,37
948,2,DALYs (Disability-Adjusted Life Years),1,Global,3,Both,13,40-44 years,525,Cirrhosis due to other causes,1,Number,2021,336357.892255854,567557.582515171,198810.621397667,500250795.605694,515432478.206861,485928430.82182,6.14735,6.15,Global,42
949,2,DALYs (Disability-Adjusted Life Years),1,Global,3,Both,14,45-49 years,525,Cirrhosis due to other causes,1,Number,2021,349631.558330116,568360.181838159,202017.958816727,473504625.903218,487919674.240222,460213135.719539,5.51133,5.51,Global,47
950,2,DALYs (Disability-Adjusted Life Years),1,Global,3,Both,15,50-54 years,525,Cirrhosis due to other causes,1,Number,2021,384123.828888555,630349.549090695,217798.479656286,444922982.841121,458714304.258768,432300957.286386,4.91312,4.91,Global,52
951,2,DALYs (Disability-Adjusted Life Years),1,Global,3,Both,16,55-59 years,525,Cirrhosis due to other causes,1,Number,2021,446891.526067916,734044.065139789,260836.535858357,395728004,407669300.348216,384764582.368839,4.34586,4.35,Global,57
952,2,DALYs (Disability-Adjusted Life Years),1,Global,3,Both,17,60-64 years,525,Cirrhosis due to other causes,1,Number,2021,449876.080666006,702815.783066335,258577.890863005,320047853.312832,329387624.27068,311524379.587396,3.68223,3.68,Global,62
953,2,DALYs (Disability-Adjusted Life Years),1,Global,3,Both,18,65-69 years,525,Cirrhosis due to other causes,1,Number,2021,435330.358526452,709951.417126603,238271.885262737,275842158.522357,284217678.194795,268116931.088218,2.98509,2.99,Global,67
954,2,DALYs (Disability-Adjusted Life Years),1,Global,3,Both,19,70-74 years,525,Cirrhosis due to other causes,1,Number,2021,333546.696105203,554450.39272226,194823.9792,205839220.385999,211972020.164289,200406728.542811,2.26526,2.27,Global,72
955,2,DALYs (Disability-Adjusted Life Years),1,Global,3,Both,20,75-79 years,525,Cirrhosis due to other causes,1,Number,2021,209630.06936244,320163.46914546,123918.331746061,131884404.580217,135613447.4,128518633.372437,1.59758,1.6,Global,77
956,2,DALYs (Disability-Adjusted Life Years),1,Global,3,Both,30,80-84 years,525,Cirrhosis due to other causes,1,Number,2021,131607.588026217,200555.452902467,76421.2821235595,87583056.918491,89948887.7796038,85481848.25,1.09729,1.1,Global,82
957,2,DALYs (Disability-Adjusted Life Years),1,Global,3,Both,31,85-89 years,525,Cirrhosis due to other causes,1,Number,2021,62929.0201643897,94154.4209804298,39755.8407430983,45721791.0517717,46852862.726504,44709230.7009568,0.604519,0.6,Global,87
958,2,DALYs (Disability-Adjusted Life Years),1,Global,3,Both,32,90-94 years,525,Cirrhosis due to other causes,1,Number,2021,23238.481608706,36599.3176454592,13524.549219698,17889373.591415,18289317.0157285,17518670.986049,0.246663,0.25,Global,92
959,2,DALYs (Disability-Adjusted Life Years),1,Global,3,Both,235,95+ years,525,Cirrhosis due to other causes,1,Number,2021,7564.77583473289,13042.4162628941,3667.84600258605,5450308.67493343,5569992.58267677,5337366.13587716,0.0785092,0.08,Global,97
960,2,DALYs (Disability-Adjusted Life Years),1,Global,3,Both,10,25-29 years,527,Peptic ulcer disease,1,Number,2021,202245.007262979,239210.14402308,164832.259027656,588343218.626762,607422118.669863,570487097.318648,7.59144,7.59,Global,27
961,2,DALYs (Disability-Adjusted Life Years),1,Global,3,Both,11,30-34 years,527,Peptic ulcer disease,1,Number,2021,230095.313956275,274333.278692093,188492.407131069,604480174.775885,623603836.164416,586195014.793618,7.32171,7.32,Global,32
962,2,DALYs (Disability-Adjusted Life Years),1,Global,3,Both,12,35-39 years,527,Peptic ulcer disease,1,Number,2021,290237.635628048,347118.432261935,236270.063169453,560866105.914554,578297964.608428,544251815.345755,6.82805,6.83,Global,37
963,2,DALYs (Disability-Adjusted Life Years),1,Global,3,Both,13,40-44 years,527,Peptic ulcer disease,1,Number,2021,336836.175146797,405630.043619068,279909.575241491,500250795.605694,515432478.206861,485928430.82182,6.14735,6.15,Global,42
964,2,DALYs (Disability-Adjusted Life Years),1,Global,3,Both,14,45-49 years,527,Peptic ulcer disease,1,Number,2021,424625.537069182,516501.067844284,351217.876383093,473504625.903218,487919674.240222,460213135.719539,5.51133,5.51,Global,47
965,2,DALYs (Disability-Adjusted Life Years),1,Global,3,Both,15,50-54 years,527,Peptic ulcer disease,1,Number,2021,519729.895167891,626914.435804448,440816.747367164,444922982.841121,458714304.258768,432300957.286386,4.91312,4.91,Global,52
966,2,DALYs (Disability-Adjusted Life Years),1,Global,3,Both,16,55-59 years,527,Peptic ulcer disease,1,Number,2021,601284.542000897,721055.672520599,504246.236423381,395728004,407669300.348216,384764582.368839,4.34586,4.35,Global,57
967,2,DALYs (Disability-Adjusted Life Years),1,Global,3,Both,17,60-64 years,527,Peptic ulcer disease,1,Number,2021,591180.747859775,697268.62239458,503910.002740218,320047853.312832,329387624.27068,311524379.587396,3.68223,3.68,Global,62
968,2,DALYs (Disability-Adjusted Life Years),1,Global,3,Both,18,65-69 years,527,Peptic ulcer disease,1,Number,2021,650086.606109701,767688.261904536,542646.713514589,275842158.522357,284217678.194795,268116931.088218,2.98509,2.99,Global,67
969,2,DALYs (Disability-Adjusted Life Years),1,Global,3,Both,19,70-74 years,527,Peptic ulcer disease,1,Number,2021,578813.07986878,678236.747003623,480584.022317821,205839220.385999,211972020.164289,200406728.542811,2.26526,2.27,Global,72
970,2,DALYs (Disability-Adjusted Life Years),1,Global,3,Both,20,75-79 years,527,Peptic ulcer disease,1,Number,2021,474667.563172028,558768.237083482,394219.647054094,131884404.580217,135613447.4,128518633.372437,1.59758,1.6,Global,77
971,2,DALYs (Disability-Adjusted Life Years),1,Global,3,Both,30,80-84 years,527,Peptic ulcer disease,1,Number,2021,364341.846649604,427304.021719912,303747.096509129,87583056.918491,89948887.7796038,85481848.25,1.09729,1.1,Global,82
972,2,DALYs (Disability-Adjusted Life Years),1,Global,3,Both,31,85-89 years,527,Peptic ulcer disease,1,Number,2021,229231.509456151,271780.934128941,184346.125162161,45721791.0517717,46852862.726504,44709230.7009568,0.604519,0.6,Global,87
973,2,DALYs (Disability-Adjusted Life Years),1,Global,3,Both,32,90-94 years,527,Peptic ulcer disease,1,Number,2021,102113.878434257,119631.660930223,81992.4144214774,17889373.591415,18289317.0157285,17518670.986049,0.246663,0.25,Global,92
974,2,DALYs (Disability-Adjusted Life Years),1,Global,3,Both,235,95+ years,527,Peptic ulcer disease,1,Number,2021,34653.4509137863,41000.8636827362,26162.386216747,5450308.67493343,5569992.58267677,5337366.13587716,0.0785092,0.08,Global,97
975,2,DALYs (Disability-Adjusted Life Years),1,Global,3,Both,10,25-29 years,530,Paralytic ileus and intestinal obstruction,1,Number,2021,245440.343485821,288535.551923175,185300.286549052,588343218.626762,607422118.669863,570487097.318648,7.59144,7.59,Global,27
976,2,DALYs (Disability-Adjusted Life Years),1,Global,3,Both,11,30-34 years,530,Paralytic ileus and intestinal obstruction,1,Number,2021,228604.330280948,268214.871367999,182443.672999118,604480174.775885,623603836.164416,586195014.793618,7.32171,7.32,Global,32
977,2,DALYs (Disability-Adjusted Life Years),1,Global,3,Both,12,35-39 years,530,Paralytic ileus and intestinal obstruction,1,Number,2021,265095.747975338,315453.573298206,210236.958554054,560866105.914554,578297964.608428,544251815.345755,6.82805,6.83,Global,37
978,2,DALYs (Disability-Adjusted Life Years),1,Global,3,Both,13,40-44 years,530,Paralytic ileus and intestinal obstruction,1,Number,2021,333385.439488567,397885.586193332,254896.155619658,500250795.605694,515432478.206861,485928430.82182,6.14735,6.15,Global,42
979,2,DALYs (Disability-Adjusted Life Years),1,Global,3,Both,14,45-49 years,530,Paralytic ileus and intestinal obstruction,1,Number,2021,336210.718947451,399994.087084507,277508.673598016,473504625.903218,487919674.240222,460213135.719539,5.51133,5.51,Global,47
980,2,DALYs (Disability-Adjusted Life Years),1,Global,3,Both,15,50-54 years,530,Paralytic ileus and intestinal obstruction,1,Number,2021,354192.60315067,408790.839919442,291952.380193848,444922982.841121,458714304.258768,432300957.286386,4.91312,4.91,Global,52
981,2,DALYs (Disability-Adjusted Life Years),1,Global,3,Both,16,55-59 years,530,Paralytic ileus and intestinal obstruction,1,Number,2021,448104.01349697,532134.885652926,373828.138731489,395728004,407669300.348216,384764582.368839,4.34586,4.35,Global,57
982,2,DALYs (Disability-Adjusted Life Years),1,Global,3,Both,17,60-64 years,530,Paralytic ileus and intestinal obstruction,1,Number,2021,451404.501903678,530446.808763593,380029.290145029,320047853.312832,329387624.27068,311524379.587396,3.68223,3.68,Global,62
983,2,DALYs (Disability-Adjusted Life Years),1,Global,3,Both,18,65-69 years,530,Paralytic ileus and intestinal obstruction,1,Number,2021,485683.377757059,565610.142720498,414479.931950732,275842158.522357,284217678.194795,268116931.088218,2.98509,2.99,Global,67
984,2,DALYs (Disability-Adjusted Life Years),1,Global,3,Both,19,70-74 years,530,Paralytic ileus and intestinal obstruction,1,Number,2021,449452.426965533,531895.71189224,384906.020014296,205839220.385999,211972020.164289,200406728.542811,2.26526,2.27,Global,72
985,2,DALYs (Disability-Adjusted Life Years),1,Global,3,Both,20,75-79 years,530,Paralytic ileus and intestinal obstruction,1,Number,2021,381006.440404964,444258.946887413,329194.257673482,131884404.580217,135613447.4,128518633.372437,1.59758,1.6,Global,77
986,2,DALYs (Disability-Adjusted Life Years),1,Global,3,Both,30,80-84 years,530,Paralytic ileus and intestinal obstruction,1,Number,2021,347578.504731981,398111.652785352,294328.035239451,87583056.918491,89948887.7796038,85481848.25,1.09729,1.1,Global,82
987,2,DALYs (Disability-Adjusted Life Years),1,Global,3,Both,31,85-89 years,530,Paralytic ileus and intestinal obstruction,1,Number,2021,268539.000379368,304870.235847796,220802.993697359,45721791.0517717,46852862.726504,44709230.7009568,0.604519,0.6,Global,87
988,2,DALYs (Disability-Adjusted Life Years),1,Global,3,Both,32,90-94 years,530,Paralytic ileus and intestinal obstruction,1,Number,2021,167391.996254958,188804.306774618,131758.152839321,17889373.591415,18289317.0157285,17518670.986049,0.246663,0.25,Global,92
989,2,DALYs (Disability-Adjusted Life Years),1,Global,3,Both,235,95+ years,530,Paralytic ileus and intestinal obstruction,1,Number,2021,73757.7284819584,84654.773464117,53990.7781833597,5450308.67493343,5569992.58267677,5337366.13587716,0.0785092,0.08,Global,97
990,2,DALYs (Disability-Adjusted Life Years),1,Global,3,Both,10,25-29 years,533,Vascular intestinal disorders,1,Number,2021,21489.5013766962,25381.8305268868,18184.3797047478,588343218.626762,607422118.669863,570487097.318648,7.59144,7.59,Global,27
991,2,DALYs (Disability-Adjusted Life Years),1,Global,3,Both,11,30-34 years,533,Vascular intestinal disorders,1,Number,2021,22821.7187941432,25842.7603494151,19355.1491074099,604480174.775885,623603836.164416,586195014.793618,7.32171,7.32,Global,32
992,2,DALYs (Disability-Adjusted Life Years),1,Global,3,Both,12,35-39 years,533,Vascular intestinal disorders,1,Number,2021,28241.7268870905,31754.5388370994,25563.6856802523,560866105.914554,578297964.608428,544251815.345755,6.82805,6.83,Global,37
993,2,DALYs (Disability-Adjusted Life Years),1,Global,3,Both,13,40-44 years,533,Vascular intestinal disorders,1,Number,2021,37763.124880374,41408.994650485,34610.4448321579,500250795.605694,515432478.206861,485928430.82182,6.14735,6.15,Global,42
994,2,DALYs (Disability-Adjusted Life Years),1,Global,3,Both,14,45-49 years,533,Vascular intestinal disorders,1,Number,2021,58875.0068578502,64405.2141277396,54212.6386331696,473504625.903218,487919674.240222,460213135.719539,5.51133,5.51,Global,47
995,2,DALYs (Disability-Adjusted Life Years),1,Global,3,Both,15,50-54 years,533,Vascular intestinal disorders,1,Number,2021,81819.1738597509,88775.6263639056,76059.6554542932,444922982.841121,458714304.258768,432300957.286386,4.91312,4.91,Global,52
996,2,DALYs (Disability-Adjusted Life Years),1,Global,3,Both,16,55-59 years,533,Vascular intestinal disorders,1,Number,2021,121071.396332318,129948.481031496,112527.337958624,395728004,407669300.348216,384764582.368839,4.34586,4.35,Global,57
997,2,DALYs (Disability-Adjusted Life Years),1,Global,3,Both,17,60-64 years,533,Vascular intestinal disorders,1,Number,2021,163573.786167909,174656.918093486,154651.331676826,320047853.312832,329387624.27068,311524379.587396,3.68223,3.68,Global,62
998,2,DALYs (Disability-Adjusted Life Years),1,Global,3,Both,18,65-69 years,533,Vascular intestinal disorders,1,Number,2021,203320.503818197,217554.516309318,191280.689077961,275842158.522357,284217678.194795,268116931.088218,2.98509,2.99,Global,67
999,2,DALYs (Disability-Adjusted Life Years),1,Global,3,Both,19,70-74 years,533,Vascular intestinal disorders,1,Number,2021,236620.363325918,253764.697567314,220861.371165549,205839220.385999,211972020.164289,200406728.542811,2.26526,2.27,Global,72
1000,2,DALYs (Disability-Adjusted Life Years),1,Global,3,Both,20,75-79 years,533,Vascular intestinal disorders,1,Number,2021,208886.79749113,225393.439320751,192258.189163838,131884404.580217,135613447.4,128518633.372437,1.59758,1.6,Global,77
1001,2,DALYs (Disability-Adjusted Life Years),1,Global,3,Both,30,80-84 years,533,Vascular intestinal disorders,1,Number,2021,210088.078956082,227912.803829041,185456.991399223,87583056.918491,89948887.7796038,85481848.25,1.09729,1.1,Global,82
1002,2,DALYs (Disability-Adjusted Life Years),1,Global,3,Both,31,85-89 years,533,Vascular intestinal disorders,1,Number,2021,142449.496199913,156428.693395833,117424.113121159,45721791.0517717,46852862.726504,44709230.7009568,0.604519,0.6,Global,87
1003,2,DALYs (Disability-Adjusted Life Years),1,Global,3,Both,32,90-94 years,533,Vascular intestinal disorders,1,Number,2021,82976.6425667198,92591.5072238611,65132.1780774003,17889373.591415,18289317.0157285,17518670.986049,0.246663,0.25,Global,92
1004,2,DALYs (Disability-Adjusted Life Years),1,Global,3,Both,235,95+ years,533,Vascular intestinal disorders,1,Number,2021,32341.7005078807,37275.0610950552,23622.9352275842,5450308.67493343,5569992.58267677,5337366.13587716,0.0785092,0.08,Global,97
1005,2,DALYs (Disability-Adjusted Life Years),1,Global,3,Both,10,25-29 years,656,Cellulitis,1,Number,2021,20080.316714757,24160.7024295083,16164.4261014098,588343218.626762,607422118.669863,570487097.318648,7.59144,7.59,Global,27
1006,2,DALYs (Disability-Adjusted Life Years),1,Global,3,Both,11,30-34 years,656,Cellulitis,1,Number,2021,33104.2569869525,39664.3977783223,24172.6113591494,604480174.775885,623603836.164416,586195014.793618,7.32171,7.32,Global,32
1007,2,DALYs (Disability-Adjusted Life Years),1,Global,3,Both,12,35-39 years,656,Cellulitis,1,Number,2021,35917.6979768028,42320.24035,30618.7129651537,560866105.914554,578297964.608428,544251815.345755,6.82805,6.83,Global,37
1008,2,DALYs (Disability-Adjusted Life Years),1,Global,3,Both,13,40-44 years,656,Cellulitis,1,Number,2021,42951.2909308212,49260.4535389695,35618.8602514011,500250795.605694,515432478.206861,485928430.82182,6.14735,6.15,Global,42
1009,2,DALYs (Disability-Adjusted Life Years),1,Global,3,Both,14,45-49 years,656,Cellulitis,1,Number,2021,58431.8068918438,66094.073072229,47548.9942992015,473504625.903218,487919674.240222,460213135.719539,5.51133,5.51,Global,47
1010,2,DALYs (Disability-Adjusted Life Years),1,Global,3,Both,15,50-54 years,656,Cellulitis,1,Number,2021,62269.9848459661,72210.6593129837,52870.5563367275,444922982.841121,458714304.258768,432300957.286386,4.91312,4.91,Global,52
1011,2,DALYs (Disability-Adjusted Life Years),1,Global,3,Both,16,55-59 years,656,Cellulitis,1,Number,2021,79666.2845080196,92677.974869708,67886.6551948343,395728004,407669300.348216,384764582.368839,4.34586,4.35,Global,57
1012,2,DALYs (Disability-Adjusted Life Years),1,Global,3,Both,17,60-64 years,656,Cellulitis,1,Number,2021,90603.80215,105769.555005666,78061.1569255715,320047853.312832,329387624.27068,311524379.587396,3.68223,3.68,Global,62
1013,2,DALYs (Disability-Adjusted Life Years),1,Global,3,Both,18,65-69 years,656,Cellulitis,1,Number,2021,80914.0169147164,96882.6665685645,67695.8660206305,275842158.522357,284217678.194795,268116931.088218,2.98509,2.99,Global,67
1014,2,DALYs (Disability-Adjusted Life Years),1,Global,3,Both,19,70-74 years,656,Cellulitis,1,Number,2021,76675.8787934701,92457.182403338,65412.6133394957,205839220.385999,211972020.164289,200406728.542811,2.26526,2.27,Global,72
1015,2,DALYs (Disability-Adjusted Life Years),1,Global,3,Both,20,75-79 years,656,Cellulitis,1,Number,2021,61680.098500781,75775.3679059317,52877.9382502457,131884404.580217,135613447.4,128518633.372437,1.59758,1.6,Global,77
1016,2,DALYs (Disability-Adjusted Life Years),1,Global,3,Both,30,80-84 years,656,Cellulitis,1,Number,2021,41792.0899942672,49275.1646073623,35623.5650421816,87583056.918491,89948887.7796038,85481848.25,1.09729,1.1,Global,82
1017,2,DALYs (Disability-Adjusted Life Years),1,Global,3,Both,31,85-89 years,656,Cellulitis,1,Number,2021,29087.2010045543,35423.2763854411,23959.399755495,45721791.0517717,46852862.726504,44709230.7009568,0.604519,0.6,Global,87
1018,2,DALYs (Disability-Adjusted Life Years),1,Global,3,Both,32,90-94 years,656,Cellulitis,1,Number,2021,18411.3075186348,22131.8438476666,14261.2309492187,17889373.591415,18289317.0157285,17518670.986049,0.246663,0.25,Global,92
1019,2,DALYs (Disability-Adjusted Life Years),1,Global,3,Both,235,95+ years,656,Cellulitis,1,Number,2021,8479.02651785328,10308.9386949005,6147.17914983252,5450308.67493343,5569992.58267677,5337366.13587716,0.0785092,0.08,Global,97
1020,2,DALYs (Disability-Adjusted Life Years),1,Global,3,Both,10,25-29 years,657,Pyoderma,1,Number,2021,33751.2762099961,48689.7960270572,25002.707471042,588343218.626762,607422118.669863,570487097.318648,7.59144,7.59,Global,27
1021,2,DALYs (Disability-Adjusted Life Years),1,Global,3,Both,11,30-34 years,657,Pyoderma,1,Number,2021,48835.7544316787,64410.5184168186,36798.116180071,604480174.775885,623603836.164416,586195014.793618,7.32171,7.32,Global,32
1022,2,DALYs (Disability-Adjusted Life Years),1,Global,3,Both,12,35-39 years,657,Pyoderma,1,Number,2021,44230.7838786927,57219.3707778614,36059.9759834428,560866105.914554,578297964.608428,544251815.345755,6.82805,6.83,Global,37
1023,2,DALYs (Disability-Adjusted Life Years),1,Global,3,Both,13,40-44 years,657,Pyoderma,1,Number,2021,52661.3003437455,64946.499887741,44237.1530941983,500250795.605694,515432478.206861,485928430.82182,6.14735,6.15,Global,42
1024,2,DALYs (Disability-Adjusted Life Years),1,Global,3,Both,14,45-49 years,657,Pyoderma,1,Number,2021,65664.210464271,77884.0371000093,56429.279838391,473504625.903218,487919674.240222,460213135.719539,5.51133,5.51,Global,47
1025,2,DALYs (Disability-Adjusted Life Years),1,Global,3,Both,15,50-54 years,657,Pyoderma,1,Number,2021,71564.630632121,84076.6873799248,62771.8573460893,444922982.841121,458714304.258768,432300957.286386,4.91312,4.91,Global,52
1026,2,DALYs (Disability-Adjusted Life Years),1,Global,3,Both,16,55-59 years,657,Pyoderma,1,Number,2021,87387.3792307533,102052.9271,76284.1949952288,395728004,407669300.348216,384764582.368839,4.34586,4.35,Global,57
1027,2,DALYs (Disability-Adjusted Life Years),1,Global,3,Both,17,60-64 years,657,Pyoderma,1,Number,2021,92769.6404267956,107496.875673973,82138.0137495713,320047853.312832,329387624.27068,311524379.587396,3.68223,3.68,Global,62
1028,2,DALYs (Disability-Adjusted Life Years),1,Global,3,Both,18,65-69 years,657,Pyoderma,1,Number,2021,93397.5043332412,109042.85697382,82007.9265207725,275842158.522357,284217678.194795,268116931.088218,2.98509,2.99,Global,67
1029,2,DALYs (Disability-Adjusted Life Years),1,Global,3,Both,19,70-74 years,657,Pyoderma,1,Number,2021,98133.9165695157,113253.509570468,85309.5412389871,205839220.385999,211972020.164289,200406728.542811,2.26526,2.27,Global,72
1030,2,DALYs (Disability-Adjusted Life Years),1,Global,3,Both,20,75-79 years,657,Pyoderma,1,Number,2021,96000.9892401758,110244.06267431,84361.0745815856,131884404.580217,135613447.4,128518633.372437,1.59758,1.6,Global,77
1031,2,DALYs (Disability-Adjusted Life Years),1,Global,3,Both,30,80-84 years,657,Pyoderma,1,Number,2021,70520.3513941182,82770.414647533,60614.8665516494,87583056.918491,89948887.7796038,85481848.25,1.09729,1.1,Global,82
1032,2,DALYs (Disability-Adjusted Life Years),1,Global,3,Both,31,85-89 years,657,Pyoderma,1,Number,2021,56380.0636183158,67326.9281789599,45972.6379263756,45721791.0517717,46852862.726504,44709230.7009568,0.604519,0.6,Global,87
1033,2,DALYs (Disability-Adjusted Life Years),1,Global,3,Both,32,90-94 years,657,Pyoderma,1,Number,2021,36524.3289503973,43449.7372747066,28547.5269217109,17889373.591415,18289317.0157285,17518670.986049,0.246663,0.25,Global,92
1034,2,DALYs (Disability-Adjusted Life Years),1,Global,3,Both,235,95+ years,657,Pyoderma,1,Number,2021,17547.9622432738,21184.1723437592,13128.9507855367,5450308.67493343,5569992.58267677,5337366.13587716,0.0785092,0.08,Global,97
1035,2,DALYs (Disability-Adjusted Life Years),1,Global,3,Both,10,25-29 years,659,Fungal skin diseases,1,Number,2021,188983.546522663,411583.286845027,72157.2149161581,588343218.626762,607422118.669863,570487097.318648,7.59144,7.59,Global,27
1036,2,DALYs (Disability-Adjusted Life Years),1,Global,3,Both,11,30-34 years,659,Fungal skin diseases,1,Number,2021,195865.650378269,422004.800051975,74570.9567469664,604480174.775885,623603836.164416,586195014.793618,7.32171,7.32,Global,32
1037,2,DALYs (Disability-Adjusted Life Years),1,Global,3,Both,12,35-39 years,659,Fungal skin diseases,1,Number,2021,192791.342854296,397311.017150509,76165.0965745035,560866105.914554,578297964.608428,544251815.345755,6.82805,6.83,Global,37
1038,2,DALYs (Disability-Adjusted Life Years),1,Global,3,Both,13,40-44 years,659,Fungal skin diseases,1,Number,2021,184916.848793447,382237.422320184,73329.6274527881,500250795.605694,515432478.206861,485928430.82182,6.14735,6.15,Global,42
1039,2,DALYs (Disability-Adjusted Life Years),1,Global,3,Both,14,45-49 years,659,Fungal skin diseases,1,Number,2021,183587.973850888,373556.470229284,72057.6082054695,473504625.903218,487919674.240222,460213135.719539,5.51133,5.51,Global,47
1040,2,DALYs (Disability-Adjusted Life Years),1,Global,3,Both,15,50-54 years,659,Fungal skin diseases,1,Number,2021,180323.077530715,368720.202966802,72409.5752231105,444922982.841121,458714304.258768,432300957.286386,4.91312,4.91,Global,52
1041,2,DALYs (Disability-Adjusted Life Years),1,Global,3,Both,16,55-59 years,659,Fungal skin diseases,1,Number,2021,167667.728702599,360693.956799192,66270.7317593332,395728004,407669300.348216,384764582.368839,4.34586,4.35,Global,57
1042,2,DALYs (Disability-Adjusted Life Years),1,Global,3,Both,17,60-64 years,659,Fungal skin diseases,1,Number,2021,145977.222422447,319014.851049212,57221.4347330446,320047853.312832,329387624.27068,311524379.587396,3.68223,3.68,Global,62
1043,2,DALYs (Disability-Adjusted Life Years),1,Global,3,Both,18,65-69 years,659,Fungal skin diseases,1,Number,2021,148995.803889203,320892.990766354,59282.0364183719,275842158.522357,284217678.194795,268116931.088218,2.98509,2.99,Global,67
1044,2,DALYs (Disability-Adjusted Life Years),1,Global,3,Both,19,70-74 years,659,Fungal skin diseases,1,Number,2021,149772.32525363,319527.25304598,62527.5148350206,205839220.385999,211972020.164289,200406728.542811,2.26526,2.27,Global,72
1045,2,DALYs (Disability-Adjusted Life Years),1,Global,3,Both,20,75-79 years,659,Fungal skin diseases,1,Number,2021,118522.990413555,252032.301736927,46818.7711187496,131884404.580217,135613447.4,128518633.372437,1.59758,1.6,Global,77
1046,2,DALYs (Disability-Adjusted Life Years),1,Global,3,Both,30,80-84 years,659,Fungal skin diseases,1,Number,2021,106328.404644407,220759.236898861,43538.68624,87583056.918491,89948887.7796038,85481848.25,1.09729,1.1,Global,82
1047,2,DALYs (Disability-Adjusted Life Years),1,Global,3,Both,31,85-89 years,659,Fungal skin diseases,1,Number,2021,74965.4725289903,153155.893838068,29776.0373091815,45721791.0517717,46852862.726504,44709230.7009568,0.604519,0.6,Global,87
1048,2,DALYs (Disability-Adjusted Life Years),1,Global,3,Both,32,90-94 years,659,Fungal skin diseases,1,Number,2021,35961.6473428324,76005.0050265447,14088.7254577427,17889373.591415,18289317.0157285,17518670.986049,0.246663,0.25,Global,92
1049,2,DALYs (Disability-Adjusted Life Years),1,Global,3,Both,235,95+ years,659,Fungal skin diseases,1,Number,2021,12662.1613255088,27131.6942427822,4953.02949019841,5450308.67493343,5569992.58267677,5337366.13587716,0.0785092,0.08,Global,97
1050,2,DALYs (Disability-Adjusted Life Years),1,Global,3,Both,235,95+ years,846,Chronic lymphoid leukemia,1,Number,2021,13964.3834193626,16028.1487179315,10351.9444996811,5450308.67493343,5569992.58267677,5337366.13587716,0.0785092,0.08,Global,97
1051,2,DALYs (Disability-Adjusted Life Years),1,Global,3,Both,10,25-29 years,847,Acute myeloid leukemia,1,Number,2021,196967.599728538,242421.039537028,156525.287740972,588343218.626762,607422118.669863,570487097.318648,7.59144,7.59,Global,27
1052,2,DALYs (Disability-Adjusted Life Years),1,Global,3,Both,11,30-34 years,847,Acute myeloid leukemia,1,Number,2021,201626.076159095,246021.71958718,156154.224627404,604480174.775885,623603836.164416,586195014.793618,7.32171,7.32,Global,32
1053,2,DALYs (Disability-Adjusted Life Years),1,Global,3,Both,12,35-39 years,847,Acute myeloid leukemia,1,Number,2021,205854.709989718,245699.098848867,154666.624106544,560866105.914554,578297964.608428,544251815.345755,6.82805,6.83,Global,37
1054,2,DALYs (Disability-Adjusted Life Years),1,Global,3,Both,13,40-44 years,847,Acute myeloid leukemia,1,Number,2021,211848.87508042,255488.029191831,167693.079576025,500250795.605694,515432478.206861,485928430.82182,6.14735,6.15,Global,42
1055,2,DALYs (Disability-Adjusted Life Years),1,Global,3,Both,14,45-49 years,847,Acute myeloid leukemia,1,Number,2021,220111.449442919,271209.29851093,178874.111558296,473504625.903218,487919674.240222,460213135.719539,5.51133,5.51,Global,47
1056,2,DALYs (Disability-Adjusted Life Years),1,Global,3,Both,15,50-54 years,847,Acute myeloid leukemia,1,Number,2021,248635.433619875,297130.567941438,199994.647977282,444922982.841121,458714304.258768,432300957.286386,4.91312,4.91,Global,52
1057,2,DALYs (Disability-Adjusted Life Years),1,Global,3,Both,16,55-59 years,847,Acute myeloid leukemia,1,Number,2021,295319.061873977,353865.091917942,243264.755277867,395728004,407669300.348216,384764582.368839,4.34586,4.35,Global,57
1058,2,DALYs (Disability-Adjusted Life Years),1,Global,3,Both,17,60-64 years,847,Acute myeloid leukemia,1,Number,2021,317299.71956874,369913.078419389,270250.108692843,320047853.312832,329387624.27068,311524379.587396,3.68223,3.68,Global,62
1059,2,DALYs (Disability-Adjusted Life Years),1,Global,3,Both,18,65-69 years,847,Acute myeloid leukemia,1,Number,2021,343235.123920309,400244.253366537,294801.9009,275842158.522357,284217678.194795,268116931.088218,2.98509,2.99,Global,67
1060,2,DALYs (Disability-Adjusted Life Years),1,Global,3,Both,19,70-74 years,847,Acute myeloid leukemia,1,Number,2021,330781.139820283,371962.448781779,292000.733203418,205839220.385999,211972020.164289,200406728.542811,2.26526,2.27,Global,72
1061,2,DALYs (Disability-Adjusted Life Years),1,Global,3,Both,20,75-79 years,847,Acute myeloid leukemia,1,Number,2021,238442.946799119,267918.37684464,214653.144293588,131884404.580217,135613447.4,128518633.372437,1.59758,1.6,Global,77
1062,2,DALYs (Disability-Adjusted Life Years),1,Global,3,Both,30,80-84 years,847,Acute myeloid leukemia,1,Number,2021,159932.4598,178339.931204615,136733.607682321,87583056.918491,89948887.7796038,85481848.25,1.09729,1.1,Global,82
1063,2,DALYs (Disability-Adjusted Life Years),1,Global,3,Both,31,85-89 years,847,Acute myeloid leukemia,1,Number,2021,84997.2037888285,95582.9625865963,70207.4973213321,45721791.0517717,46852862.726504,44709230.7009568,0.604519,0.6,Global,87
1064,2,DALYs (Disability-Adjusted Life Years),1,Global,3,Both,32,90-94 years,847,Acute myeloid leukemia,1,Number,2021,33316.6151212109,37886.6074552692,26265.713604692,17889373.591415,18289317.0157285,17518670.986049,0.246663,0.25,Global,92
1065,2,DALYs (Disability-Adjusted Life Years),1,Global,3,Both,235,95+ years,847,Acute myeloid leukemia,1,Number,2021,8980.99398588166,10416.0431622919,6638.57648572714,5450308.67493343,5569992.58267677,5337366.13587716,0.0785092,0.08,Global,97
1066,2,DALYs (Disability-Adjusted Life Years),1,Global,3,Both,10,25-29 years,848,Chronic myeloid leukemia,1,Number,2021,40957.2648713192,55736.0537405739,25305.066351343,588343218.626762,607422118.669863,570487097.318648,7.59144,7.59,Global,27
1067,2,DALYs (Disability-Adjusted Life Years),1,Global,3,Both,11,30-34 years,848,Chronic myeloid leukemia,1,Number,2021,45811.7363617674,60317.3292211678,27759.9786400403,604480174.775885,623603836.164416,586195014.793618,7.32171,7.32,Global,32
1068,2,DALYs (Disability-Adjusted Life Years),1,Global,3,Both,12,35-39 years,848,Chronic myeloid leukemia,1,Number,2021,46480.3024069848,61530.3578658233,30167.1601147403,560866105.914554,578297964.608428,544251815.345755,6.82805,6.83,Global,37
1069,2,DALYs (Disability-Adjusted Life Years),1,Global,3,Both,13,40-44 years,848,Chronic myeloid leukemia,1,Number,2021,46540.0139092713,60258.8923470045,30147.5616944525,500250795.605694,515432478.206861,485928430.82182,6.14735,6.15,Global,42
1070,2,DALYs (Disability-Adjusted Life Years),1,Global,3,Both,14,45-49 years,848,Chronic myeloid leukemia,1,Number,2021,45679.7705987665,61989.4477340189,29493.8783,473504625.903218,487919674.240222,460213135.719539,5.51133,5.51,Global,47
1071,2,DALYs (Disability-Adjusted Life Years),1,Global,3,Both,15,50-54 years,848,Chronic myeloid leukemia,1,Number,2021,46980.9786349344,61947.5946078488,32009.0538723087,444922982.841121,458714304.258768,432300957.286386,4.91312,4.91,Global,52
1072,2,DALYs (Disability-Adjusted Life Years),1,Global,3,Both,16,55-59 years,848,Chronic myeloid leukemia,1,Number,2021,51327.6187838131,66191.9636057332,36375.4753564189,395728004,407669300.348216,384764582.368839,4.34586,4.35,Global,57
1073,2,DALYs (Disability-Adjusted Life Years),1,Global,3,Both,17,60-64 years,848,Chronic myeloid leukemia,1,Number,2021,51960.2680983036,64852.5298048545,35320.387698425,320047853.312832,329387624.27068,311524379.587396,3.68223,3.68,Global,62
1074,2,DALYs (Disability-Adjusted Life Years),1,Global,3,Both,18,65-69 years,848,Chronic myeloid leukemia,1,Number,2021,52438.3751436279,70554.1982019006,37528.4045805163,275842158.522357,284217678.194795,268116931.088218,2.98509,2.99,Global,67
1075,2,DALYs (Disability-Adjusted Life Years),1,Global,3,Both,19,70-74 years,848,Chronic myeloid leukemia,1,Number,2021,50212.3913837173,66299.0119062049,37113.6281357981,205839220.385999,211972020.164289,200406728.542811,2.26526,2.27,Global,72
1076,2,DALYs (Disability-Adjusted Life Years),1,Global,3,Both,20,75-79 years,848,Chronic myeloid leukemia,1,Number,2021,38736.0655606411,47674.3411401164,28824.5789293349,131884404.580217,135613447.4,128518633.372437,1.59758,1.6,Global,77
1077,2,DALYs (Disability-Adjusted Life Years),1,Global,3,Both,30,80-84 years,848,Chronic myeloid leukemia,1,Number,2021,31713.4171188913,38239.3794101779,25662.7384489542,87583056.918491,89948887.7796038,85481848.25,1.09729,1.1,Global,82
1078,2,DALYs (Disability-Adjusted Life Years),1,Global,3,Both,31,85-89 years,848,Chronic myeloid leukemia,1,Number,2021,20607.3357730397,24538.5905826496,16246.9154347162,45721791.0517717,46852862.726504,44709230.7009568,0.604519,0.6,Global,87
1079,2,DALYs (Disability-Adjusted Life Years),1,Global,3,Both,32,90-94 years,848,Chronic myeloid leukemia,1,Number,2021,10450.3665649547,12193.8723477068,8103.05277366431,17889373.591415,18289317.0157285,17518670.986049,0.246663,0.25,Global,92
1080,2,DALYs (Disability-Adjusted Life Years),1,Global,3,Both,235,95+ years,848,Chronic myeloid leukemia,1,Number,2021,3021.59692838164,3542.02383558406,2202.22929220873,5450308.67493343,5569992.58267677,5337366.13587716,0.0785092,0.08,Global,97
1081,2,DALYs (Disability-Adjusted Life Years),1,Global,3,Both,10,25-29 years,849,Non-melanoma skin cancer (squamous-cell carcinoma),1,Number,2021,15560.7278050133,17478.1709763232,12498.1526824043,588343218.626762,607422118.669863,570487097.318648,7.59144,7.59,Global,27
1082,2,DALYs (Disability-Adjusted Life Years),1,Global,3,Both,11,30-34 years,849,Non-melanoma skin cancer (squamous-cell carcinoma),1,Number,2021,27796.4763557594,32277.0821823412,20053.6757816223,604480174.775885,623603836.164416,586195014.793618,7.32171,7.32,Global,32
1083,2,DALYs (Disability-Adjusted Life Years),1,Global,3,Both,12,35-39 years,849,Non-melanoma skin cancer (squamous-cell carcinoma),1,Number,2021,32397.7805347737,36515.6032788938,27370.1156920945,560866105.914554,578297964.608428,544251815.345755,6.82805,6.83,Global,37
1084,2,DALYs (Disability-Adjusted Life Years),1,Global,3,Both,13,40-44 years,849,Non-melanoma skin cancer (squamous-cell carcinoma),1,Number,2021,44680.5130559688,50326.9567217032,36833.7123149177,500250795.605694,515432478.206861,485928430.82182,6.14735,6.15,Global,42
1085,2,DALYs (Disability-Adjusted Life Years),1,Global,3,Both,14,45-49 years,849,Non-melanoma skin cancer (squamous-cell carcinoma),1,Number,2021,56298.5499031757,63344.2481648701,47326.5103039406,473504625.903218,487919674.240222,460213135.719539,5.51133,5.51,Global,47
1086,2,DALYs (Disability-Adjusted Life Years),1,Global,3,Both,15,50-54 years,849,Non-melanoma skin cancer (squamous-cell carcinoma),1,Number,2021,81120.0205606179,90642.7932192442,70115.8320122014,444922982.841121,458714304.258768,432300957.286386,4.91312,4.91,Global,52
1087,2,DALYs (Disability-Adjusted Life Years),1,Global,3,Both,16,55-59 years,849,Non-melanoma skin cancer (squamous-cell carcinoma),1,Number,2021,103920.418511518,116284.810289841,91495.2316736266,395728004,407669300.348216,384764582.368839,4.34586,4.35,Global,57
1088,2,DALYs (Disability-Adjusted Life Years),1,Global,3,Both,17,60-64 years,849,Non-melanoma skin cancer (squamous-cell carcinoma),1,Number,2021,132330.862586549,148000.433753833,115359.423461029,320047853.312832,329387624.27068,311524379.587396,3.68223,3.68,Global,62
1089,2,DALYs (Disability-Adjusted Life Years),1,Global,3,Both,18,65-69 years,849,Non-melanoma skin cancer (squamous-cell carcinoma),1,Number,2021,155378.050467432,174148.184036757,131810.770701056,275842158.522357,284217678.194795,268116931.088218,2.98509,2.99,Global,67
1090,2,DALYs (Disability-Adjusted Life Years),1,Global,3,Both,19,70-74 years,849,Non-melanoma skin cancer (squamous-cell carcinoma),1,Number,2021,153534.466997484,171595.318321858,132225.614149661,205839220.385999,211972020.164289,200406728.542811,2.26526,2.27,Global,72
1091,2,DALYs (Disability-Adjusted Life Years),1,Global,3,Both,20,75-79 years,849,Non-melanoma skin cancer (squamous-cell carcinoma),1,Number,2021,122833.489874031,136653.789427792,108936.885886442,131884404.580217,135613447.4,128518633.372437,1.59758,1.6,Global,77
1092,2,DALYs (Disability-Adjusted Life Years),1,Global,3,Both,30,80-84 years,849,Non-melanoma skin cancer (squamous-cell carcinoma),1,Number,2021,110361.676303048,121556.406603138,96152.5147407417,87583056.918491,89948887.7796038,85481848.25,1.09729,1.1,Global,82
1093,2,DALYs (Disability-Adjusted Life Years),1,Global,3,Both,31,85-89 years,849,Non-melanoma skin cancer (squamous-cell carcinoma),1,Number,2021,84920.8063847676,94195.6289397288,72203.6597362992,45721791.0517717,46852862.726504,44709230.7009568,0.604519,0.6,Global,87
1094,2,DALYs (Disability-Adjusted Life Years),1,Global,3,Both,32,90-94 years,849,Non-melanoma skin cancer (squamous-cell carcinoma),1,Number,2021,52940.1279293129,58987.8854041961,43626.6417452279,17889373.591415,18289317.0157285,17518670.986049,0.246663,0.25,Global,92
1095,2,DALYs (Disability-Adjusted Life Years),1,Global,3,Both,235,95+ years,849,Non-melanoma skin cancer (squamous-cell carcinoma),1,Number,2021,26436.6711362415,29965.7081040775,19736.3943239208,5450308.67493343,5569992.58267677,5337366.13587716,0.0785092,0.08,Global,97
1096,2,DALYs (Disability-Adjusted Life Years),1,Global,3,Both,10,25-29 years,850,Non-melanoma skin cancer (basal-cell carcinoma),1,Number,2021,12.2307700150762,25.9323874665856,4.78623139938173,588343218.626762,607422118.669863,570487097.318648,7.59144,7.59,Global,27
1097,2,DALYs (Disability-Adjusted Life Years),1,Global,3,Both,11,30-34 years,850,Non-melanoma skin cancer (basal-cell carcinoma),1,Number,2021,25.8868857381052,53.0237755968444,9.70485355959406,604480174.775885,623603836.164416,586195014.793618,7.32171,7.32,Global,32
1098,2,DALYs (Disability-Adjusted Life Years),1,Global,3,Both,12,35-39 years,850,Non-melanoma skin cancer (basal-cell carcinoma),1,Number,2021,41.133002041007,78.9837687138727,15.4889420513961,560866105.914554,578297964.608428,544251815.345755,6.82805,6.83,Global,37
1099,2,DALYs (Disability-Adjusted Life Years),1,Global,3,Both,13,40-44 years,850,Non-melanoma skin cancer (basal-cell carcinoma),1,Number,2021,60.8734831340277,119.416189661012,26.2842940836771,500250795.605694,515432478.206861,485928430.82182,6.14735,6.15,Global,42
1100,2,DALYs (Disability-Adjusted Life Years),1,Global,3,Both,14,45-49 years,850,Non-melanoma skin cancer (basal-cell carcinoma),1,Number,2021,91.6470161483828,196.054317055302,41.1418776289285,473504625.903218,487919674.240222,460213135.719539,5.51133,5.51,Global,47
1101,2,DALYs (Disability-Adjusted Life Years),1,Global,3,Both,15,50-54 years,850,Non-melanoma skin cancer (basal-cell carcinoma),1,Number,2021,137.236508005171,283.152575633079,63.7272689277222,444922982.841121,458714304.258768,432300957.286386,4.91312,4.91,Global,52
1102,2,DALYs (Disability-Adjusted Life Years),1,Global,3,Both,16,55-59 years,850,Non-melanoma skin cancer (basal-cell carcinoma),1,Number,2021,182.415124887413,364.739054791433,77.9061850984178,395728004,407669300.348216,384764582.368839,4.34586,4.35,Global,57
1103,2,DALYs (Disability-Adjusted Life Years),1,Global,3,Both,17,60-64 years,850,Non-melanoma skin cancer (basal-cell carcinoma),1,Number,2021,232.767948222152,444.314768378632,104.857311051536,320047853.312832,329387624.27068,311524379.587396,3.68223,3.68,Global,62
1104,2,DALYs (Disability-Adjusted Life Years),1,Global,3,Both,18,65-69 years,850,Non-melanoma skin cancer (basal-cell carcinoma),1,Number,2021,298.51760462856,565.591252024906,139.395025746481,275842158.522357,284217678.194795,268116931.088218,2.98509,2.99,Global,67
1105,2,DALYs (Disability-Adjusted Life Years),1,Global,3,Both,19,70-74 years,850,Non-melanoma skin cancer (basal-cell carcinoma),1,Number,2021,310.586187485753,594.886162565441,141.927121783658,205839220.385999,211972020.164289,200406728.542811,2.26526,2.27,Global,72
1106,2,DALYs (Disability-Adjusted Life Years),1,Global,3,Both,20,75-79 years,850,Non-melanoma skin cancer (basal-cell carcinoma),1,Number,2021,246.813196486949,486.569230609232,108.961148706432,131884404.580217,135613447.4,128518633.372437,1.59758,1.6,Global,77
1107,2,DALYs (Disability-Adjusted Life Years),1,Global,3,Both,30,80-84 years,850,Non-melanoma skin cancer (basal-cell carcinoma),1,Number,2021,181.663525680144,363.199849934857,79.546648728053,87583056.918491,89948887.7796038,85481848.25,1.09729,1.1,Global,82
1108,2,DALYs (Disability-Adjusted Life Years),1,Global,3,Both,31,85-89 years,850,Non-melanoma skin cancer (basal-cell carcinoma),1,Number,2021,105.174562467775,200.427155645885,49.1499579382547,45721791.0517717,46852862.726504,44709230.7009568,0.604519,0.6,Global,87
1109,2,DALYs (Disability-Adjusted Life Years),1,Global,3,Both,32,90-94 years,850,Non-melanoma skin cancer (basal-cell carcinoma),1,Number,2021,48.5346621831642,91.4997362432942,21.5183374545831,17889373.591415,18289317.0157285,17518670.986049,0.246663,0.25,Global,92
1110,2,DALYs (Disability-Adjusted Life Years),1,Global,3,Both,235,95+ years,850,Non-melanoma skin cancer (basal-cell carcinoma),1,Number,2021,16.3893286372454,31.7553506412109,6.77891925553243,5450308.67493343,5569992.58267677,5337366.13587716,0.0785092,0.08,Global,97
1111,2,DALYs (Disability-Adjusted Life Years),1,Global,3,Both,10,25-29 years,942,Myocarditis,1,Number,2021,39385.8787989225,53633.3489933396,31149.4743144118,588343218.626762,607422118.669863,570487097.318648,7.59144,7.59,Global,27
1112,2,DALYs (Disability-Adjusted Life Years),1,Global,3,Both,11,30-34 years,942,Myocarditis,1,Number,2021,45788.974679413,58591.836544426,36160.5813073343,604480174.775885,623603836.164416,586195014.793618,7.32171,7.32,Global,32
1113,2,DALYs (Disability-Adjusted Life Years),1,Global,3,Both,12,35-39 years,942,Myocarditis,1,Number,2021,50630.2869845138,64966.3900086378,38480.8841144256,560866105.914554,578297964.608428,544251815.345755,6.82805,6.83,Global,37
1114,2,DALYs (Disability-Adjusted Life Years),1,Global,3,Both,13,40-44 years,942,Myocarditis,1,Number,2021,50664.7765272324,67409.4411799874,39364.8797373688,500250795.605694,515432478.206861,485928430.82182,6.14735,6.15,Global,42
1115,2,DALYs (Disability-Adjusted Life Years),1,Global,3,Both,14,45-49 years,942,Myocarditis,1,Number,2021,52871.4674974824,69852.2381496198,40547.8724705245,473504625.903218,487919674.240222,460213135.719539,5.51133,5.51,Global,47
1116,2,DALYs (Disability-Adjusted Life Years),1,Global,3,Both,15,50-54 years,942,Myocarditis,1,Number,2021,52457.258123529,65655.5261899918,39882.7019044976,444922982.841121,458714304.258768,432300957.286386,4.91312,4.91,Global,52
1117,2,DALYs (Disability-Adjusted Life Years),1,Global,3,Both,16,55-59 years,942,Myocarditis,1,Number,2021,54400.9364083421,66153.9458752986,39308.5224952621,395728004,407669300.348216,384764582.368839,4.34586,4.35,Global,57
1118,2,DALYs (Disability-Adjusted Life Years),1,Global,3,Both,17,60-64 years,942,Myocarditis,1,Number,2021,43866.8787578632,52016.9792948864,34177.7108691017,320047853.312832,329387624.27068,311524379.587396,3.68223,3.68,Global,62
1119,2,DALYs (Disability-Adjusted Life Years),1,Global,3,Both,18,65-69 years,942,Myocarditis,1,Number,2021,47752.159869681,58545.6427322269,37110.4060444926,275842158.522357,284217678.194795,268116931.088218,2.98509,2.99,Global,67
1120,2,DALYs (Disability-Adjusted Life Years),1,Global,3,Both,19,70-74 years,942,Myocarditis,1,Number,2021,45301.9258510262,54478.4830184111,34578.1966726821,205839220.385999,211972020.164289,200406728.542811,2.26526,2.27,Global,72
1121,2,DALYs (Disability-Adjusted Life Years),1,Global,3,Both,20,75-79 years,942,Myocarditis,1,Number,2021,40812.2442212367,49339.6026459545,30255.5551223753,131884404.580217,135613447.4,128518633.372437,1.59758,1.6,Global,77
1122,2,DALYs (Disability-Adjusted Life Years),1,Global,3,Both,30,80-84 years,942,Myocarditis,1,Number,2021,46020.6687249887,54358.3568790973,35363.5949534779,87583056.918491,89948887.7796038,85481848.25,1.09729,1.1,Global,82
1123,2,DALYs (Disability-Adjusted Life Years),1,Global,3,Both,31,85-89 years,942,Myocarditis,1,Number,2021,42187.3455587244,50349.8007673809,32079.2973768016,45721791.0517717,46852862.726504,44709230.7009568,0.604519,0.6,Global,87
1124,2,DALYs (Disability-Adjusted Life Years),1,Global,3,Both,32,90-94 years,942,Myocarditis,1,Number,2021,29101.5799631635,35263.6596331664,21455.113380341,17889373.591415,18289317.0157285,17518670.986049,0.246663,0.25,Global,92
1125,2,DALYs (Disability-Adjusted Life Years),1,Global,3,Both,235,95+ years,942,Myocarditis,1,Number,2021,13057.8361316942,16321.3616335204,9206.18054969146,5450308.67493343,5569992.58267677,5337366.13587716,0.0785092,0.08,Global,97
1126,2,DALYs (Disability-Adjusted Life Years),1,Global,3,Both,10,25-29 years,943,Other leukemia,1,Number,2021,60872.6061877341,89296.9214722714,34361.9549097496,588343218.626762,607422118.669863,570487097.318648,7.59144,7.59,Global,27
1127,2,DALYs (Disability-Adjusted Life Years),1,Global,3,Both,11,30-34 years,943,Other leukemia,1,Number,2021,77587.5899463974,105238.194734406,45976.5585262764,604480174.775885,623603836.164416,586195014.793618,7.32171,7.32,Global,32
1128,2,DALYs (Disability-Adjusted Life Years),1,Global,3,Both,12,35-39 years,943,Other leukemia,1,Number,2021,82611.9726323505,121118.976394386,53205.7131431674,560866105.914554,578297964.608428,544251815.345755,6.82805,6.83,Global,37
1129,2,DALYs (Disability-Adjusted Life Years),1,Global,3,Both,13,40-44 years,943,Other leukemia,1,Number,2021,85123.2811231428,138100.448475571,50254.6623248974,500250795.605694,515432478.206861,485928430.82182,6.14735,6.15,Global,42
1130,2,DALYs (Disability-Adjusted Life Years),1,Global,3,Both,14,45-49 years,943,Other leukemia,1,Number,2021,91221.6938727945,138067.495766851,55646.9331137775,473504625.903218,487919674.240222,460213135.719539,5.51133,5.51,Global,47
1131,2,DALYs (Disability-Adjusted Life Years),1,Global,3,Both,15,50-54 years,943,Other leukemia,1,Number,2021,111162.918874473,156704.595349897,70688.8630777503,444922982.841121,458714304.258768,432300957.286386,4.91312,4.91,Global,52
1132,2,DALYs (Disability-Adjusted Life Years),1,Global,3,Both,16,55-59 years,943,Other leukemia,1,Number,2021,126123.891931716,183601.142002811,80299.857363603,395728004,407669300.348216,384764582.368839,4.34586,4.35,Global,57
1133,2,DALYs (Disability-Adjusted Life Years),1,Global,3,Both,17,60-64 years,943,Other leukemia,1,Number,2021,130788.789381067,179007.565803197,85435.9554595952,320047853.312832,329387624.27068,311524379.587396,3.68223,3.68,Global,62
1134,2,DALYs (Disability-Adjusted Life Years),1,Global,3,Both,18,65-69 years,943,Other leukemia,1,Number,2021,149678.598332231,195156.436289747,106284.244192311,275842158.522357,284217678.194795,268116931.088218,2.98509,2.99,Global,67
1135,2,DALYs (Disability-Adjusted Life Years),1,Global,3,Both,19,70-74 years,943,Other leukemia,1,Number,2021,135063.938107798,174287.171561529,99844.4265881191,205839220.385999,211972020.164289,200406728.542811,2.26526,2.27,Global,72
1136,2,DALYs (Disability-Adjusted Life Years),1,Global,3,Both,20,75-79 years,943,Other leukemia,1,Number,2021,95324.8910542955,123880.552402699,70287.9525687198,131884404.580217,135613447.4,128518633.372437,1.59758,1.6,Global,77
1137,2,DALYs (Disability-Adjusted Life Years),1,Global,3,Both,30,80-84 years,943,Other leukemia,1,Number,2021,67485.3053311293,83822.158884695,53095.8752639889,87583056.918491,89948887.7796038,85481848.25,1.09729,1.1,Global,82
1138,2,DALYs (Disability-Adjusted Life Years),1,Global,3,Both,31,85-89 years,943,Other leukemia,1,Number,2021,38226.852429444,45600.4689154117,30104.9748050038,45721791.0517717,46852862.726504,44709230.7009568,0.604519,0.6,Global,87
1139,2,DALYs (Disability-Adjusted Life Years),1,Global,3,Both,32,90-94 years,943,Other leukemia,1,Number,2021,17336.0832460679,19965.349554129,13559.4192610217,17889373.591415,18289317.0157285,17518670.986049,0.246663,0.25,Global,92
1140,2,DALYs (Disability-Adjusted Life Years),1,Global,3,Both,235,95+ years,943,Other leukemia,1,Number,2021,5493.79535734335,6447.430962,4064.45245145627,5450308.67493343,5569992.58267677,5337366.13587716,0.0785092,0.08,Global,97
1141,2,DALYs (Disability-Adjusted Life Years),1,Global,3,Both,10,25-29 years,944,Other cardiomyopathy,1,Number,2021,272877.838282634,315746.252793541,237241.651825355,588343218.626762,607422118.669863,570487097.318648,7.59144,7.59,Global,27
1142,2,DALYs (Disability-Adjusted Life Years),1,Global,3,Both,11,30-34 years,944,Other cardiomyopathy,1,Number,2021,353946.062267876,397059.862461663,316369.694481687,604480174.775885,623603836.164416,586195014.793618,7.32171,7.32,Global,32
1143,2,DALYs (Disability-Adjusted Life Years),1,Global,3,Both,12,35-39 years,944,Other cardiomyopathy,1,Number,2021,441850.247336031,494586.451447768,396012.958325401,560866105.914554,578297964.608428,544251815.345755,6.82805,6.83,Global,37
1144,2,DALYs (Disability-Adjusted Life Years),1,Global,3,Both,13,40-44 years,944,Other cardiomyopathy,1,Number,2021,543604.282027059,617080.869702706,486244.276402661,500250795.605694,515432478.206861,485928430.82182,6.14735,6.15,Global,42
1145,2,DALYs (Disability-Adjusted Life Years),1,Global,3,Both,14,45-49 years,944,Other cardiomyopathy,1,Number,2021,584232.125397213,660182.660349643,518482.078847259,473504625.903218,487919674.240222,460213135.719539,5.51133,5.51,Global,47
1146,2,DALYs (Disability-Adjusted Life Years),1,Global,3,Both,15,50-54 years,944,Other cardiomyopathy,1,Number,2021,622435.068678793,700671.724129052,541341.561612573,444922982.841121,458714304.258768,432300957.286386,4.91312,4.91,Global,52
1147,2,DALYs (Disability-Adjusted Life Years),1,Global,3,Both,16,55-59 years,944,Other cardiomyopathy,1,Number,2021,752920.346433836,843759.300918607,659421.114526518,395728004,407669300.348216,384764582.368839,4.34586,4.35,Global,57
1148,2,DALYs (Disability-Adjusted Life Years),1,Global,3,Both,17,60-64 years,944,Other cardiomyopathy,1,Number,2021,708008.48599773,789495.420723281,638419.647190704,320047853.312832,329387624.27068,311524379.587396,3.68223,3.68,Global,62
1149,2,DALYs (Disability-Adjusted Life Years),1,Global,3,Both,18,65-69 years,944,Other cardiomyopathy,1,Number,2021,649813.739136308,720672.016400891,597096.797351883,275842158.522357,284217678.194795,268116931.088218,2.98509,2.99,Global,67
1150,2,DALYs (Disability-Adjusted Life Years),1,Global,3,Both,19,70-74 years,944,Other cardiomyopathy,1,Number,2021,580243.442240317,641820.086046358,527678.688181875,205839220.385999,211972020.164289,200406728.542811,2.26526,2.27,Global,72
1151,2,DALYs (Disability-Adjusted Life Years),1,Global,3,Both,20,75-79 years,944,Other cardiomyopathy,1,Number,2021,482660.685595165,533118.680074854,438754.16385649,131884404.580217,135613447.4,128518633.372437,1.59758,1.6,Global,77
1152,2,DALYs (Disability-Adjusted Life Years),1,Global,3,Both,30,80-84 years,944,Other cardiomyopathy,1,Number,2021,469772.966471416,510151.969485864,412781.40939984,87583056.918491,89948887.7796038,85481848.25,1.09729,1.1,Global,82
1153,2,DALYs (Disability-Adjusted Life Years),1,Global,3,Both,31,85-89 years,944,Other cardiomyopathy,1,Number,2021,357448.234847532,390006.188254641,301154.463970527,45721791.0517717,46852862.726504,44709230.7009568,0.604519,0.6,Global,87
1154,2,DALYs (Disability-Adjusted Life Years),1,Global,3,Both,32,90-94 years,944,Other cardiomyopathy,1,Number,2021,204589.599742253,227138.444431162,167121.940242593,17889373.591415,18289317.0157285,17518670.986049,0.246663,0.25,Global,92
1155,2,DALYs (Disability-Adjusted Life Years),1,Global,3,Both,235,95+ years,944,Other cardiomyopathy,1,Number,2021,88734.2953422873,101144.133325531,66539.5519402504,5450308.67493343,5569992.58267677,5337366.13587716,0.0785092,0.08,Global,97
1156,2,DALYs (Disability-Adjusted Life Years),1,Global,3,Both,10,25-29 years,947,Extensively drug-resistant tuberculosis,1,Number,2021,17010.190397473,32054.8846268004,7360.61371929662,588343218.626762,607422118.669863,570487097.318648,7.59144,7.59,Global,27
1157,2,DALYs (Disability-Adjusted Life Years),1,Global,3,Both,11,30-34 years,947,Extensively drug-resistant tuberculosis,1,Number,2021,21764.0932483381,40508.8838555799,9771.24466752644,604480174.775885,623603836.164416,586195014.793618,7.32171,7.32,Global,32
1158,2,DALYs (Disability-Adjusted Life Years),1,Global,3,Both,12,35-39 years,947,Extensively drug-resistant tuberculosis,1,Number,2021,22876.030299075,43063.7580007042,9900.45583465245,560866105.914554,578297964.608428,544251815.345755,6.82805,6.83,Global,37
1159,2,DALYs (Disability-Adjusted Life Years),1,Global,3,Both,13,40-44 years,947,Extensively drug-resistant tuberculosis,1,Number,2021,24073.3981219799,45344.3189271343,10624.6931781023,500250795.605694,515432478.206861,485928430.82182,6.14735,6.15,Global,42
1160,2,DALYs (Disability-Adjusted Life Years),1,Global,3,Both,14,45-49 years,947,Extensively drug-resistant tuberculosis,1,Number,2021,28315.725398965,50652.2199189618,13601.9334993242,473504625.903218,487919674.240222,460213135.719539,5.51133,5.51,Global,47
1161,2,DALYs (Disability-Adjusted Life Years),1,Global,3,Both,15,50-54 years,947,Extensively drug-resistant tuberculosis,1,Number,2021,27517.910898696,50669.2903413801,12668.7271175212,444922982.841121,458714304.258768,432300957.286386,4.91312,4.91,Global,52
1162,2,DALYs (Disability-Adjusted Life Years),1,Global,3,Both,16,55-59 years,947,Extensively drug-resistant tuberculosis,1,Number,2021,26723.6693492229,48976.4595894181,12129.822343498,395728004,407669300.348216,384764582.368839,4.34586,4.35,Global,57
1163,2,DALYs (Disability-Adjusted Life Years),1,Global,3,Both,17,60-64 years,947,Extensively drug-resistant tuberculosis,1,Number,2021,23166.5537325699,43286.1403656402,10104.643304729,320047853.312832,329387624.27068,311524379.587396,3.68223,3.68,Global,62
1164,2,DALYs (Disability-Adjusted Life Years),1,Global,3,Both,18,65-69 years,947,Extensively drug-resistant tuberculosis,1,Number,2021,19370.5631566569,36999.8606042504,8030.56363043703,275842158.522357,284217678.194795,268116931.088218,2.98509,2.99,Global,67
1165,2,DALYs (Disability-Adjusted Life Years),1,Global,3,Both,19,70-74 years,947,Extensively drug-resistant tuberculosis,1,Number,2021,14340.8683426263,28051.5879339693,5669.33146653554,205839220.385999,211972020.164289,200406728.542811,2.26526,2.27,Global,72
1166,2,DALYs (Disability-Adjusted Life Years),1,Global,3,Both,20,75-79 years,947,Extensively drug-resistant tuberculosis,1,Number,2021,9562.90374954717,19061.2429253528,3759.75730603419,131884404.580217,135613447.4,128518633.372437,1.59758,1.6,Global,77
1167,2,DALYs (Disability-Adjusted Life Years),1,Global,3,Both,30,80-84 years,947,Extensively drug-resistant tuberculosis,1,Number,2021,6630.5299662533,12675.334738921,2554.83737026108,87583056.918491,89948887.7796038,85481848.25,1.09729,1.1,Global,82
1168,2,DALYs (Disability-Adjusted Life Years),1,Global,3,Both,31,85-89 years,947,Extensively drug-resistant tuberculosis,1,Number,2021,3088.81226161541,6047.8895809484,1178.45882256422,45721791.0517717,46852862.726504,44709230.7009568,0.604519,0.6,Global,87
1169,2,DALYs (Disability-Adjusted Life Years),1,Global,3,Both,32,90-94 years,947,Extensively drug-resistant tuberculosis,1,Number,2021,1080.16190681028,2084.57730423219,433.552916831653,17889373.591415,18289317.0157285,17518670.986049,0.246663,0.25,Global,92
1170,2,DALYs (Disability-Adjusted Life Years),1,Global,3,Both,235,95+ years,947,Extensively drug-resistant tuberculosis,1,Number,2021,271.386681282171,523.414392563333,109.419926872181,5450308.67493343,5569992.58267677,5337366.13587716,0.0785092,0.08,Global,97
1171,2,DALYs (Disability-Adjusted Life Years),1,Global,3,Both,10,25-29 years,403,Acute hepatitis C,1,Number,2021,12391.9192804982,23214.5174299085,5409.59203445193,588343218.626762,607422118.669863,570487097.318648,7.59144,7.59,Global,27
1172,2,DALYs (Disability-Adjusted Life Years),1,Global,3,Both,11,30-34 years,403,Acute hepatitis C,1,Number,2021,15829.2237119945,28502.8832415621,6894.20286693524,604480174.775885,623603836.164416,586195014.793618,7.32171,7.32,Global,32
1173,2,DALYs (Disability-Adjusted Life Years),1,Global,3,Both,12,35-39 years,403,Acute hepatitis C,1,Number,2021,18364.2928206355,30972.0543925376,8143.80044309786,560866105.914554,578297964.608428,544251815.345755,6.82805,6.83,Global,37
1174,2,DALYs (Disability-Adjusted Life Years),1,Global,3,Both,13,40-44 years,403,Acute hepatitis C,1,Number,2021,23423.6981043228,40943.3500088356,10382.363977294,500250795.605694,515432478.206861,485928430.82182,6.14735,6.15,Global,42
1175,2,DALYs (Disability-Adjusted Life Years),1,Global,3,Both,14,45-49 years,403,Acute hepatitis C,1,Number,2021,19847.4781186099,34409.217381908,8831.05925066053,473504625.903218,487919674.240222,460213135.719539,5.51133,5.51,Global,47
1176,2,DALYs (Disability-Adjusted Life Years),1,Global,3,Both,15,50-54 years,403,Acute hepatitis C,1,Number,2021,16883.6442188453,27915.3744595027,8004.42130141417,444922982.841121,458714304.258768,432300957.286386,4.91312,4.91,Global,52
1177,2,DALYs (Disability-Adjusted Life Years),1,Global,3,Both,16,55-59 years,403,Acute hepatitis C,1,Number,2021,15846.030407057,26107.8203949013,7719.91324116396,395728004,407669300.348216,384764582.368839,4.34586,4.35,Global,57
1178,2,DALYs (Disability-Adjusted Life Years),1,Global,3,Both,17,60-64 years,403,Acute hepatitis C,1,Number,2021,11158.6146121865,17938.6644128674,5550.4855395364,320047853.312832,329387624.27068,311524379.587396,3.68223,3.68,Global,62
1179,2,DALYs (Disability-Adjusted Life Years),1,Global,3,Both,18,65-69 years,403,Acute hepatitis C,1,Number,2021,10223.6222711047,16443.6805586907,5059.95172492778,275842158.522357,284217678.194795,268116931.088218,2.98509,2.99,Global,67
1180,2,DALYs (Disability-Adjusted Life Years),1,Global,3,Both,19,70-74 years,403,Acute hepatitis C,1,Number,2021,6563.07610611583,10508.1365057851,3338.65260406482,205839220.385999,211972020.164289,200406728.542811,2.26526,2.27,Global,72
1181,2,DALYs (Disability-Adjusted Life Years),1,Global,3,Both,20,75-79 years,403,Acute hepatitis C,1,Number,2021,3886.63400054731,6035.4348846108,1986.54794133594,131884404.580217,135613447.4,128518633.372437,1.59758,1.6,Global,77
1182,2,DALYs (Disability-Adjusted Life Years),1,Global,3,Both,30,80-84 years,403,Acute hepatitis C,1,Number,2021,2412.05087030381,3814.24803264519,1190.56997153854,87583056.918491,89948887.7796038,85481848.25,1.09729,1.1,Global,82
1183,2,DALYs (Disability-Adjusted Life Years),1,Global,3,Both,31,85-89 years,403,Acute hepatitis C,1,Number,2021,826.876686872179,1251.43103414082,477.721066152523,45721791.0517717,46852862.726504,44709230.7009568,0.604519,0.6,Global,87
1184,2,DALYs (Disability-Adjusted Life Years),1,Global,3,Both,32,90-94 years,403,Acute hepatitis C,1,Number,2021,311.629089140415,489.656477705191,161.139159807365,17889373.591415,18289317.0157285,17518670.986049,0.246663,0.25,Global,92
1185,2,DALYs (Disability-Adjusted Life Years),1,Global,3,Both,235,95+ years,403,Acute hepatitis C,1,Number,2021,85.0695554523438,138.078118499169,45.4224994301041,5450308.67493343,5569992.58267677,5337366.13587716,0.0785092,0.08,Global,97
1186,2,DALYs (Disability-Adjusted Life Years),1,Global,3,Both,10,25-29 years,411,Esophageal cancer,1,Number,2021,43732.6614677225,50522.8733807173,39122.8746416652,588343218.626762,607422118.669863,570487097.318648,7.59144,7.59,Global,27
1187,2,DALYs (Disability-Adjusted Life Years),1,Global,3,Both,11,30-34 years,411,Esophageal cancer,1,Number,2021,95242.5678002515,105773.398863295,86136.1240371903,604480174.775885,623603836.164416,586195014.793618,7.32171,7.32,Global,32
1188,2,DALYs (Disability-Adjusted Life Years),1,Global,3,Both,12,35-39 years,411,Esophageal cancer,1,Number,2021,188149.134772969,208495.707110416,168940.836525917,560866105.914554,578297964.608428,544251815.345755,6.82805,6.83,Global,37
1189,2,DALYs (Disability-Adjusted Life Years),1,Global,3,Both,13,40-44 years,411,Esophageal cancer,1,Number,2021,405504.356019073,451208.00713447,361469.269569535,500250795.605694,515432478.206861,485928430.82182,6.14735,6.15,Global,42
1190,2,DALYs (Disability-Adjusted Life Years),1,Global,3,Both,14,45-49 years,411,Esophageal cancer,1,Number,2021,791335.894542349,903806.72845032,697988.306256751,473504625.903218,487919674.240222,460213135.719539,5.51133,5.51,Global,47
1191,2,DALYs (Disability-Adjusted Life Years),1,Global,3,Both,15,50-54 years,411,Esophageal cancer,1,Number,2021,1456193.609,1671700.87392375,1271817.61366796,444922982.841121,458714304.258768,432300957.286386,4.91312,4.91,Global,52
1192,2,DALYs (Disability-Adjusted Life Years),1,Global,3,Both,16,55-59 years,411,Esophageal cancer,1,Number,2021,1932000.04571764,2233293.88077841,1676352.27802435,395728004,407669300.348216,384764582.368839,4.34586,4.35,Global,57
1193,2,DALYs (Disability-Adjusted Life Years),1,Global,3,Both,17,60-64 years,411,Esophageal cancer,1,Number,2021,1901474.55678863,2169172.19900503,1687394.42928868,320047853.312832,329387624.27068,311524379.587396,3.68223,3.68,Global,62
1194,2,DALYs (Disability-Adjusted Life Years),1,Global,3,Both,18,65-69 years,411,Esophageal cancer,1,Number,2021,2100376.53721651,2392290.18982463,1823027.55819757,275842158.522357,284217678.194795,268116931.088218,2.98509,2.99,Global,67
1195,2,DALYs (Disability-Adjusted Life Years),1,Global,3,Both,19,70-74 years,411,Esophageal cancer,1,Number,2021,1770808.32473134,2015703.25430083,1548103.3020691,205839220.385999,211972020.164289,200406728.542811,2.26526,2.27,Global,72
1196,2,DALYs (Disability-Adjusted Life Years),1,Global,3,Both,20,75-79 years,411,Esophageal cancer,1,Number,2021,1137272.83655095,1292062.26401287,990870.491032425,131884404.580217,135613447.4,128518633.372437,1.59758,1.6,Global,77
1197,2,DALYs (Disability-Adjusted Life Years),1,Global,3,Both,30,80-84 years,411,Esophageal cancer,1,Number,2021,667867.751943373,753483.525287596,575546.31087097,87583056.918491,89948887.7796038,85481848.25,1.09729,1.1,Global,82
1198,2,DALYs (Disability-Adjusted Life Years),1,Global,3,Both,31,85-89 years,411,Esophageal cancer,1,Number,2021,343373.164329311,385256.869630719,292878.412275152,45721791.0517717,46852862.726504,44709230.7009568,0.604519,0.6,Global,87
1199,2,DALYs (Disability-Adjusted Life Years),1,Global,3,Both,32,90-94 years,411,Esophageal cancer,1,Number,2021,112150.695774358,126121.867653579,92327.6564722166,17889373.591415,18289317.0157285,17518670.986049,0.246663,0.25,Global,92
1200,2,DALYs (Disability-Adjusted Life Years),1,Global,3,Both,235,95+ years,411,Esophageal cancer,1,Number,2021,25832.2579084439,29694.4487053006,19265.6161842228,5450308.67493343,5569992.58267677,5337366.13587716,0.0785092,0.08,Global,97
1201,2,DALYs (Disability-Adjusted Life Years),1,Global,3,Both,10,25-29 years,414,Stomach cancer,1,Number,2021,181944.525131005,199219.921623803,155871.733399894,588343218.626762,607422118.669863,570487097.318648,7.59144,7.59,Global,27
1202,2,DALYs (Disability-Adjusted Life Years),1,Global,3,Both,11,30-34 years,414,Stomach cancer,1,Number,2021,420454.596254881,467946.022170386,361552.63565681,604480174.775885,623603836.164416,586195014.793618,7.32171,7.32,Global,32
1203,2,DALYs (Disability-Adjusted Life Years),1,Global,3,Both,12,35-39 years,414,Stomach cancer,1,Number,2021,664376.813305134,747626.773643891,579300.277869711,560866105.914554,578297964.608428,544251815.345755,6.82805,6.83,Global,37
1204,2,DALYs (Disability-Adjusted Life Years),1,Global,3,Both,13,40-44 years,414,Stomach cancer,1,Number,2021,1006284.27371201,1146824.42484031,877842.71956067,500250795.605694,515432478.206861,485928430.82182,6.14735,6.15,Global,42
1205,2,DALYs (Disability-Adjusted Life Years),1,Global,3,Both,14,45-49 years,414,Stomach cancer,1,Number,2021,1465215.92893107,1722582.51585991,1263609.82806952,473504625.903218,487919674.240222,460213135.719539,5.51133,5.51,Global,47
1206,2,DALYs (Disability-Adjusted Life Years),1,Global,3,Both,15,50-54 years,414,Stomach cancer,1,Number,2021,2258787.96899712,2692794.92003188,1933764.43653142,444922982.841121,458714304.258768,432300957.286386,4.91312,4.91,Global,52
1207,2,DALYs (Disability-Adjusted Life Years),1,Global,3,Both,16,55-59 years,414,Stomach cancer,1,Number,2021,2871707.04524992,3346393.41054669,2447570.52310839,395728004,407669300.348216,384764582.368839,4.34586,4.35,Global,57
1208,2,DALYs (Disability-Adjusted Life Years),1,Global,3,Both,17,60-64 years,414,Stomach cancer,1,Number,2021,2953643.12184785,3417709.86600553,2550400.38401443,320047853.312832,329387624.27068,311524379.587396,3.68223,3.68,Global,62
1209,2,DALYs (Disability-Adjusted Life Years),1,Global,3,Both,18,65-69 years,414,Stomach cancer,1,Number,2021,3369996.74792982,3877770.14601128,2891421.2151501,275842158.522357,284217678.194795,268116931.088218,2.98509,2.99,Global,67
1210,2,DALYs (Disability-Adjusted Life Years),1,Global,3,Both,19,70-74 years,414,Stomach cancer,1,Number,2021,2989198.48842452,3438905.63303772,2546845.66732715,205839220.385999,211972020.164289,200406728.542811,2.26526,2.27,Global,72
1211,2,DALYs (Disability-Adjusted Life Years),1,Global,3,Both,20,75-79 years,414,Stomach cancer,1,Number,2021,2019662.87388319,2297943.34215413,1713387.87484561,131884404.580217,135613447.4,128518633.372437,1.59758,1.6,Global,77
1212,2,DALYs (Disability-Adjusted Life Years),1,Global,3,Both,30,80-84 years,414,Stomach cancer,1,Number,2021,1350349.6868752,1509215.24786085,1145189.48782059,87583056.918491,89948887.7796038,85481848.25,1.09729,1.1,Global,82
1213,2,DALYs (Disability-Adjusted Life Years),1,Global,3,Both,31,85-89 years,414,Stomach cancer,1,Number,2021,730928.624452405,815507.757715938,606085.448933242,45721791.0517717,46852862.726504,44709230.7009568,0.604519,0.6,Global,87
1214,2,DALYs (Disability-Adjusted Life Years),1,Global,3,Both,32,90-94 years,414,Stomach cancer,1,Number,2021,295210.060469968,331640.724577719,237667.698977655,17889373.591415,18289317.0157285,17518670.986049,0.246663,0.25,Global,92
1215,2,DALYs (Disability-Adjusted Life Years),1,Global,3,Both,235,95+ years,414,Stomach cancer,1,Number,2021,88112.3675574145,101718.930815124,62650.6583536301,5450308.67493343,5569992.58267677,5337366.13587716,0.0785092,0.08,Global,97
1216,2,DALYs (Disability-Adjusted Life Years),1,Global,3,Both,10,25-29 years,419,Liver cancer due to hepatitis C,1,Number,2021,6517.40529572852,11154.5025043826,3419.05219238901,588343218.626762,607422118.669863,570487097.318648,7.59144,7.59,Global,27
1217,2,DALYs (Disability-Adjusted Life Years),1,Global,3,Both,11,30-34 years,419,Liver cancer due to hepatitis C,1,Number,2021,16447.852605711,23352.5635807651,11102.3199070334,604480174.775885,623603836.164416,586195014.793618,7.32171,7.32,Global,32
1218,2,DALYs (Disability-Adjusted Life Years),1,Global,3,Both,12,35-39 years,419,Liver cancer due to hepatitis C,1,Number,2021,35403.4113368758,51914.8972251444,23246.5195338697,560866105.914554,578297964.608428,544251815.345755,6.82805,6.83,Global,37
1219,2,DALYs (Disability-Adjusted Life Years),1,Global,3,Both,13,40-44 years,419,Liver cancer due to hepatitis C,1,Number,2021,68766.9321046355,94885.5870980272,47968.8430265505,500250795.605694,515432478.206861,485928430.82182,6.14735,6.15,Global,42
1220,2,DALYs (Disability-Adjusted Life Years),1,Global,3,Both,14,45-49 years,419,Liver cancer due to hepatitis C,1,Number,2021,134444.074347801,184848.793588168,93034.9014754073,473504625.903218,487919674.240222,460213135.719539,5.51133,5.51,Global,47
1221,2,DALYs (Disability-Adjusted Life Years),1,Global,3,Both,15,50-54 years,419,Liver cancer due to hepatitis C,1,Number,2021,247662.804541764,325359.669093923,178669.153302136,444922982.841121,458714304.258768,432300957.286386,4.91312,4.91,Global,52
1222,2,DALYs (Disability-Adjusted Life Years),1,Global,3,Both,16,55-59 years,419,Liver cancer due to hepatitis C,1,Number,2021,372999.59549908,489571.310408786,268494.148073715,395728004,407669300.348216,384764582.368839,4.34586,4.35,Global,57
1223,2,DALYs (Disability-Adjusted Life Years),1,Global,3,Both,17,60-64 years,419,Liver cancer due to hepatitis C,1,Number,2021,447201.720061651,581263.867270641,326387.242369938,320047853.312832,329387624.27068,311524379.587396,3.68223,3.68,Global,62
1224,2,DALYs (Disability-Adjusted Life Years),1,Global,3,Both,18,65-69 years,419,Liver cancer due to hepatitis C,1,Number,2021,501820.673236739,611085.745866466,405400.33104473,275842158.522357,284217678.194795,268116931.088218,2.98509,2.99,Global,67
1225,2,DALYs (Disability-Adjusted Life Years),1,Global,3,Both,19,70-74 years,419,Liver cancer due to hepatitis C,1,Number,2021,430968.901063002,517491.466951878,354562.309387331,205839220.385999,211972020.164289,200406728.542811,2.26526,2.27,Global,72
1226,2,DALYs (Disability-Adjusted Life Years),1,Global,3,Both,20,75-79 years,419,Liver cancer due to hepatitis C,1,Number,2021,333461.706510891,402585.868676984,268620.491019895,131884404.580217,135613447.4,128518633.372437,1.59758,1.6,Global,77
1227,2,DALYs (Disability-Adjusted Life Years),1,Global,3,Both,30,80-84 years,419,Liver cancer due to hepatitis C,1,Number,2021,258612.495163682,303784.819395275,211623.647657204,87583056.918491,89948887.7796038,85481848.25,1.09729,1.1,Global,82
1228,2,DALYs (Disability-Adjusted Life Years),1,Global,3,Both,31,85-89 years,419,Liver cancer due to hepatitis C,1,Number,2021,154130.836754011,180616.899749618,122851.696171105,45721791.0517717,46852862.726504,44709230.7009568,0.604519,0.6,Global,87
1229,2,DALYs (Disability-Adjusted Life Years),1,Global,3,Both,32,90-94 years,419,Liver cancer due to hepatitis C,1,Number,2021,66152.9710372945,79331.8280991397,49111.8614307625,17889373.591415,18289317.0157285,17518670.986049,0.246663,0.25,Global,92
1230,2,DALYs (Disability-Adjusted Life Years),1,Global,3,Both,235,95+ years,419,Liver cancer due to hepatitis C,1,Number,2021,19185.718362097,23433.7700828479,13066.0589311338,5450308.67493343,5569992.58267677,5337366.13587716,0.0785092,0.08,Global,97
1231,2,DALYs (Disability-Adjusted Life Years),1,Global,3,Both,10,25-29 years,420,Liver cancer due to alcohol use,1,Number,2021,8987.4477580592,14759.4690371242,5237.89617639344,588343218.626762,607422118.669863,570487097.318648,7.59144,7.59,Global,27
1232,2,DALYs (Disability-Adjusted Life Years),1,Global,3,Both,11,30-34 years,420,Liver cancer due to alcohol use,1,Number,2021,22791.4874514771,32311.153682485,15771.3592708512,604480174.775885,623603836.164416,586195014.793618,7.32171,7.32,Global,32
1233,2,DALYs (Disability-Adjusted Life Years),1,Global,3,Both,12,35-39 years,420,Liver cancer due to alcohol use,1,Number,2021,47945.602024025,71583.4625999559,30724.3336276598,560866105.914554,578297964.608428,544251815.345755,6.82805,6.83,Global,37
1234,2,DALYs (Disability-Adjusted Life Years),1,Global,3,Both,13,40-44 years,420,Liver cancer due to alcohol use,1,Number,2021,84456.3906613954,119912.483491562,55507.7024007425,500250795.605694,515432478.206861,485928430.82182,6.14735,6.15,Global,42
1235,2,DALYs (Disability-Adjusted Life Years),1,Global,3,Both,14,45-49 years,420,Liver cancer due to alcohol use,1,Number,2021,144416.720777275,217190.041880908,91732.076504126,473504625.903218,487919674.240222,460213135.719539,5.51133,5.51,Global,47
1236,2,DALYs (Disability-Adjusted Life Years),1,Global,3,Both,15,50-54 years,420,Liver cancer due to alcohol use,1,Number,2021,233022.189458813,340261.182582849,154817.259935737,444922982.841121,458714304.258768,432300957.286386,4.91312,4.91,Global,52
1237,2,DALYs (Disability-Adjusted Life Years),1,Global,3,Both,16,55-59 years,420,Liver cancer due to alcohol use,1,Number,2021,325585.262340441,486030.12578144,214525.399839254,395728004,407669300.348216,384764582.368839,4.34586,4.35,Global,57
1238,2,DALYs (Disability-Adjusted Life Years),1,Global,3,Both,17,60-64 years,420,Liver cancer due to alcohol use,1,Number,2021,382737.740293428,537396.718466817,266422.848092369,320047853.312832,329387624.27068,311524379.587396,3.68223,3.68,Global,62
1239,2,DALYs (Disability-Adjusted Life Years),1,Global,3,Both,18,65-69 years,420,Liver cancer due to alcohol use,1,Number,2021,418295.702357873,540659.77917722,320367.567820411,275842158.522357,284217678.194795,268116931.088218,2.98509,2.99,Global,67
1240,2,DALYs (Disability-Adjusted Life Years),1,Global,3,Both,19,70-74 years,420,Liver cancer due to alcohol use,1,Number,2021,312597.243981859,402769.430329566,239638.570771152,205839220.385999,211972020.164289,200406728.542811,2.26526,2.27,Global,72
1241,2,DALYs (Disability-Adjusted Life Years),1,Global,3,Both,20,75-79 years,420,Liver cancer due to alcohol use,1,Number,2021,179840.749594118,223919.262463002,141753.443696824,131884404.580217,135613447.4,128518633.372437,1.59758,1.6,Global,77
1242,2,DALYs (Disability-Adjusted Life Years),1,Global,3,Both,30,80-84 years,420,Liver cancer due to alcohol use,1,Number,2021,98731.8171336754,127351.38200583,72946.8395109424,87583056.918491,89948887.7796038,85481848.25,1.09729,1.1,Global,82
1243,2,DALYs (Disability-Adjusted Life Years),1,Global,3,Both,31,85-89 years,420,Liver cancer due to alcohol use,1,Number,2021,38830.9778781121,50957.065873018,28836.0595050074,45721791.0517717,46852862.726504,44709230.7009568,0.604519,0.6,Global,87
1244,2,DALYs (Disability-Adjusted Life Years),1,Global,3,Both,32,90-94 years,420,Liver cancer due to alcohol use,1,Number,2021,11511.5887371969,16224.8004621615,8013.85308969029,17889373.591415,18289317.0157285,17518670.986049,0.246663,0.25,Global,92
1245,2,DALYs (Disability-Adjusted Life Years),1,Global,3,Both,235,95+ years,420,Liver cancer due to alcohol use,1,Number,2021,2226.03232522045,3515.28703666535,1313.3154909314,5450308.67493343,5569992.58267677,5337366.13587716,0.0785092,0.08,Global,97
1246,2,DALYs (Disability-Adjusted Life Years),1,Global,3,Both,10,25-29 years,421,Liver cancer due to other causes,1,Number,2021,14233.140250061,20076.5375208064,9209.96326595064,588343218.626762,607422118.669863,570487097.318648,7.59144,7.59,Global,27
1247,2,DALYs (Disability-Adjusted Life Years),1,Global,3,Both,11,30-34 years,421,Liver cancer due to other causes,1,Number,2021,21139.3101648213,29365.0127830076,14416.6852881872,604480174.775885,623603836.164416,586195014.793618,7.32171,7.32,Global,32
1248,2,DALYs (Disability-Adjusted Life Years),1,Global,3,Both,12,35-39 years,421,Liver cancer due to other causes,1,Number,2021,27474.691265964,37610.387302156,18679.405178059,560866105.914554,578297964.608428,544251815.345755,6.82805,6.83,Global,37
1249,2,DALYs (Disability-Adjusted Life Years),1,Global,3,Both,13,40-44 years,421,Liver cancer due to other causes,1,Number,2021,36048.0455786107,49744.2863619877,24891.3830592898,500250795.605694,515432478.206861,485928430.82182,6.14735,6.15,Global,42
1250,2,DALYs (Disability-Adjusted Life Years),1,Global,3,Both,14,45-49 years,421,Liver cancer due to other causes,1,Number,2021,53107.0937962275,75462.5285106364,37223.4971256938,473504625.903218,487919674.240222,460213135.719539,5.51133,5.51,Global,47
1251,2,DALYs (Disability-Adjusted Life Years),1,Global,3,Both,15,50-54 years,421,Liver cancer due to other causes,1,Number,2021,71999.6751201653,101540.472939594,49265.8745126114,444922982.841121,458714304.258768,432300957.286386,4.91312,4.91,Global,52
1252,2,DALYs (Disability-Adjusted Life Years),1,Global,3,Both,16,55-59 years,421,Liver cancer due to other causes,1,Number,2021,79551.1563449491,114099.298138709,54075.257709489,395728004,407669300.348216,384764582.368839,4.34586,4.35,Global,57
1253,2,DALYs (Disability-Adjusted Life Years),1,Global,3,Both,17,60-64 years,421,Liver cancer due to other causes,1,Number,2021,74038.5747124296,107103.463208335,51257.4523127714,320047853.312832,329387624.27068,311524379.587396,3.68223,3.68,Global,62
1254,2,DALYs (Disability-Adjusted Life Years),1,Global,3,Both,18,65-69 years,421,Liver cancer due to other causes,1,Number,2021,69805.3432841892,92615.9330018645,49181.7810501157,275842158.522357,284217678.194795,268116931.088218,2.98509,2.99,Global,67
1255,2,DALYs (Disability-Adjusted Life Years),1,Global,3,Both,19,70-74 years,421,Liver cancer due to other causes,1,Number,2021,48939.2326052172,64877.1596922776,35062.3542752155,205839220.385999,211972020.164289,200406728.542811,2.26526,2.27,Global,72
1256,2,DALYs (Disability-Adjusted Life Years),1,Global,3,Both,20,75-79 years,421,Liver cancer due to other causes,1,Number,2021,31545.0028948399,42800.1362040112,22733.2000083018,131884404.580217,135613447.4,128518633.372437,1.59758,1.6,Global,77
1257,2,DALYs (Disability-Adjusted Life Years),1,Global,3,Both,30,80-84 years,421,Liver cancer due to other causes,1,Number,2021,20067.1708805616,27903.4217317716,13573.0461017075,87583056.918491,89948887.7796038,85481848.25,1.09729,1.1,Global,82
1258,2,DALYs (Disability-Adjusted Life Years),1,Global,3,Both,31,85-89 years,421,Liver cancer due to other causes,1,Number,2021,9675.75432521235,13237.5155787888,6416.66132214842,45721791.0517717,46852862.726504,44709230.7009568,0.604519,0.6,Global,87
1259,2,DALYs (Disability-Adjusted Life Years),1,Global,3,Both,32,90-94 years,421,Liver cancer due to other causes,1,Number,2021,3550.68441981128,5062.7149161018,2200.20365425817,17889373.591415,18289317.0157285,17518670.986049,0.246663,0.25,Global,92
1260,2,DALYs (Disability-Adjusted Life Years),1,Global,3,Both,235,95+ years,421,Liver cancer due to other causes,1,Number,2021,919.147981574451,1493.70512094587,504.734608618146,5450308.67493343,5569992.58267677,5337366.13587716,0.0785092,0.08,Global,97
1261,2,DALYs (Disability-Adjusted Life Years),1,Global,3,Both,10,25-29 years,423,Larynx cancer,1,Number,2021,13783.2610672778,16336.4562315763,11802.7425497417,588343218.626762,607422118.669863,570487097.318648,7.59144,7.59,Global,27
1262,2,DALYs (Disability-Adjusted Life Years),1,Global,3,Both,11,30-34 years,423,Larynx cancer,1,Number,2021,26273.7215252229,30441.3910358906,23186.3716465662,604480174.775885,623603836.164416,586195014.793618,7.32171,7.32,Global,32
1263,2,DALYs (Disability-Adjusted Life Years),1,Global,3,Both,12,35-39 years,423,Larynx cancer,1,Number,2021,55172.1560945929,61738.9162728622,49406.7294449041,560866105.914554,578297964.608428,544251815.345755,6.82805,6.83,Global,37
1264,2,DALYs (Disability-Adjusted Life Years),1,Global,3,Both,13,40-44 years,423,Larynx cancer,1,Number,2021,128855.426434054,146208.926558352,116533.54501118,500250795.605694,515432478.206861,485928430.82182,6.14735,6.15,Global,42
1265,2,DALYs (Disability-Adjusted Life Years),1,Global,3,Both,14,45-49 years,423,Larynx cancer,1,Number,2021,234033.475157161,259643.105343692,212598.784779133,473504625.903218,487919674.240222,460213135.719539,5.51133,5.51,Global,47
1266,2,DALYs (Disability-Adjusted Life Years),1,Global,3,Both,15,50-54 years,423,Larynx cancer,1,Number,2021,390685.357918114,426706.766926914,358670.907809697,444922982.841121,458714304.258768,432300957.286386,4.91312,4.91,Global,52
1267,2,DALYs (Disability-Adjusted Life Years),1,Global,3,Both,16,55-59 years,423,Larynx cancer,1,Number,2021,507769.485129495,553937.997600516,466607.140172944,395728004,407669300.348216,384764582.368839,4.34586,4.35,Global,57
1268,2,DALYs (Disability-Adjusted Life Years),1,Global,3,Both,17,60-64 years,423,Larynx cancer,1,Number,2021,528858.875837365,570327.661405628,494366.686609955,320047853.312832,329387624.27068,311524379.587396,3.68223,3.68,Global,62
1269,2,DALYs (Disability-Adjusted Life Years),1,Global,3,Both,18,65-69 years,423,Larynx cancer,1,Number,2021,490272.420124887,534504.565566435,455265.964462525,275842158.522357,284217678.194795,268116931.088218,2.98509,2.99,Global,67
1270,2,DALYs (Disability-Adjusted Life Years),1,Global,3,Both,19,70-74 years,423,Larynx cancer,1,Number,2021,365495.38935412,395350.386043457,338283.075125656,205839220.385999,211972020.164289,200406728.542811,2.26526,2.27,Global,72
1271,2,DALYs (Disability-Adjusted Life Years),1,Global,3,Both,20,75-79 years,423,Larynx cancer,1,Number,2021,202365.664925337,219576.792030672,186784.481336763,131884404.580217,135613447.4,128518633.372437,1.59758,1.6,Global,77
1272,2,DALYs (Disability-Adjusted Life Years),1,Global,3,Both,30,80-84 years,423,Larynx cancer,1,Number,2021,116968.159822789,126219.268367015,105690.447457597,87583056.918491,89948887.7796038,85481848.25,1.09729,1.1,Global,82
1273,2,DALYs (Disability-Adjusted Life Years),1,Global,3,Both,31,85-89 years,423,Larynx cancer,1,Number,2021,51722.8620618976,56149.3334031046,44861.0824196635,45721791.0517717,46852862.726504,44709230.7009568,0.604519,0.6,Global,87
1274,2,DALYs (Disability-Adjusted Life Years),1,Global,3,Both,32,90-94 years,423,Larynx cancer,1,Number,2021,17225.7440732267,18805.9255944695,14353.9920192576,17889373.591415,18289317.0157285,17518670.986049,0.246663,0.25,Global,92
1275,2,DALYs (Disability-Adjusted Life Years),1,Global,3,Both,235,95+ years,423,Larynx cancer,1,Number,2021,4164.420694,4656.81194371994,3224.83556172843,5450308.67493343,5569992.58267677,5337366.13587716,0.0785092,0.08,Global,97
1276,2,DALYs (Disability-Adjusted Life Years),1,Global,3,Both,10,25-29 years,426,"Tracheal, bronchus, and lung cancer",1,Number,2021,151889.333229804,166109.632790066,137729.552751802,588343218.626762,607422118.669863,570487097.318648,7.59144,7.59,Global,27
1277,2,DALYs (Disability-Adjusted Life Years),1,Global,3,Both,11,30-34 years,426,"Tracheal, bronchus, and lung cancer",1,Number,2021,359679.506101391,397962.953272978,321114.413604288,604480174.775885,623603836.164416,586195014.793618,7.32171,7.32,Global,32
1278,2,DALYs (Disability-Adjusted Life Years),1,Global,3,Both,12,35-39 years,426,"Tracheal, bronchus, and lung cancer",1,Number,2021,635755.361026442,705878.917908675,565881.763033379,560866105.914554,578297964.608428,544251815.345755,6.82805,6.83,Global,37
1279,2,DALYs (Disability-Adjusted Life Years),1,Global,3,Both,13,40-44 years,426,"Tracheal, bronchus, and lung cancer",1,Number,2021,1182716.64261486,1310187.73095682,1054209.99589813,500250795.605694,515432478.206861,485928430.82182,6.14735,6.15,Global,42
1280,2,DALYs (Disability-Adjusted Life Years),1,Global,3,Both,14,45-49 years,426,"Tracheal, bronchus, and lung cancer",1,Number,2021,2247717.59986947,2512068.49801407,1992343.69651795,473504625.903218,487919674.240222,460213135.719539,5.51133,5.51,Global,47
1281,2,DALYs (Disability-Adjusted Life Years),1,Global,3,Both,15,50-54 years,426,"Tracheal, bronchus, and lung cancer",1,Number,2021,4181832.87901002,4688368.07032625,3700839.04459875,444922982.841121,458714304.258768,432300957.286386,4.91312,4.91,Global,52
1282,2,DALYs (Disability-Adjusted Life Years),1,Global,3,Both,16,55-59 years,426,"Tracheal, bronchus, and lung cancer",1,Number,2021,6097078.92395283,6830634.25748259,5398668.9196959,395728004,407669300.348216,384764582.368839,4.34586,4.35,Global,57
1283,2,DALYs (Disability-Adjusted Life Years),1,Global,3,Both,17,60-64 years,426,"Tracheal, bronchus, and lung cancer",1,Number,2021,7074278.59781008,7708189.71206556,6462932.12895079,320047853.312832,329387624.27068,311524379.587396,3.68223,3.68,Global,62
1284,2,DALYs (Disability-Adjusted Life Years),1,Global,3,Both,18,65-69 years,426,"Tracheal, bronchus, and lung cancer",1,Number,2021,8085283.29773204,8910634.30377903,7292471.25999597,275842158.522357,284217678.194795,268116931.088218,2.98509,2.99,Global,67
1285,2,DALYs (Disability-Adjusted Life Years),1,Global,3,Both,19,70-74 years,426,"Tracheal, bronchus, and lung cancer",1,Number,2021,7070022.15621895,7816205.60125509,6334764.97359627,205839220.385999,211972020.164289,200406728.542811,2.26526,2.27,Global,72
1286,2,DALYs (Disability-Adjusted Life Years),1,Global,3,Both,20,75-79 years,426,"Tracheal, bronchus, and lung cancer",1,Number,2021,4557489.84177936,5017681.86194059,4085460.90562607,131884404.580217,135613447.4,128518633.372437,1.59758,1.6,Global,77
1287,2,DALYs (Disability-Adjusted Life Years),1,Global,3,Both,30,80-84 years,426,"Tracheal, bronchus, and lung cancer",1,Number,2021,2745981.56990865,3017870.92411229,2364964.0668497,87583056.918491,89948887.7796038,85481848.25,1.09729,1.1,Global,82
1288,2,DALYs (Disability-Adjusted Life Years),1,Global,3,Both,31,85-89 years,426,"Tracheal, bronchus, and lung cancer",1,Number,2021,1381404.4095559,1526428.84502433,1163872.86496388,45721791.0517717,46852862.726504,44709230.7009568,0.604519,0.6,Global,87
1289,2,DALYs (Disability-Adjusted Life Years),1,Global,3,Both,32,90-94 years,426,"Tracheal, bronchus, and lung cancer",1,Number,2021,490197.928913287,547852.772592727,390510.99553418,17889373.591415,18289317.0157285,17518670.986049,0.246663,0.25,Global,92
1290,2,DALYs (Disability-Adjusted Life Years),1,Global,3,Both,235,95+ years,426,"Tracheal, bronchus, and lung cancer",1,Number,2021,131247.872693801,151188.59425075,94736.0610196599,5450308.67493343,5569992.58267677,5337366.13587716,0.0785092,0.08,Global,97
1291,2,DALYs (Disability-Adjusted Life Years),1,Global,3,Both,10,25-29 years,543,Alzheimer's disease and other dementias,1,Number,2021,0,0,0,588343218.626762,607422118.669863,570487097.318648,7.59144,7.59,Global,27
1292,2,DALYs (Disability-Adjusted Life Years),1,Global,3,Both,11,30-34 years,543,Alzheimer's disease and other dementias,1,Number,2021,0,0,0,604480174.775885,623603836.164416,586195014.793618,7.32171,7.32,Global,32
1293,2,DALYs (Disability-Adjusted Life Years),1,Global,3,Both,12,35-39 years,543,Alzheimer's disease and other dementias,1,Number,2021,0,0,0,560866105.914554,578297964.608428,544251815.345755,6.82805,6.83,Global,37
1294,2,DALYs (Disability-Adjusted Life Years),1,Global,3,Both,13,40-44 years,543,Alzheimer's disease and other dementias,1,Number,2021,24372.9384959129,49687.0279896818,10530.0663413717,500250795.605694,515432478.206861,485928430.82182,6.14735,6.15,Global,42
1295,2,DALYs (Disability-Adjusted Life Years),1,Global,3,Both,14,45-49 years,543,Alzheimer's disease and other dementias,1,Number,2021,169080.529424124,347561.150777167,86407.914339049,473504625.903218,487919674.240222,460213135.719539,5.51133,5.51,Global,47
1296,2,DALYs (Disability-Adjusted Life Years),1,Global,3,Both,15,50-54 years,543,Alzheimer's disease and other dementias,1,Number,2021,513733.993058116,1160016.55755265,232655.981858197,444922982.841121,458714304.258768,432300957.286386,4.91312,4.91,Global,52
1297,2,DALYs (Disability-Adjusted Life Years),1,Global,3,Both,16,55-59 years,543,Alzheimer's disease and other dementias,1,Number,2021,1138561.94248452,2753866.59921829,515355.640496297,395728004,407669300.348216,384764582.368839,4.34586,4.35,Global,57
1298,2,DALYs (Disability-Adjusted Life Years),1,Global,3,Both,17,60-64 years,543,Alzheimer's disease and other dementias,1,Number,2021,1928367.37860102,4570023.09191967,851488.950679101,320047853.312832,329387624.27068,311524379.587396,3.68223,3.68,Global,62
1299,2,DALYs (Disability-Adjusted Life Years),1,Global,3,Both,18,65-69 years,543,Alzheimer's disease and other dementias,1,Number,2021,3127092.06780615,7085605.77164932,1409726.52528144,275842158.522357,284217678.194795,268116931.088218,2.98509,2.99,Global,67
1300,2,DALYs (Disability-Adjusted Life Years),1,Global,3,Both,19,70-74 years,543,Alzheimer's disease and other dementias,1,Number,2021,4126748.89201576,8978837.18968626,2067522.7902762,205839220.385999,211972020.164289,200406728.542811,2.26526,2.27,Global,72
1301,2,DALYs (Disability-Adjusted Life Years),1,Global,3,Both,20,75-79 years,543,Alzheimer's disease and other dementias,1,Number,2021,4865372.52080208,10651564.7924904,2392862.16245934,131884404.580217,135613447.4,128518633.372437,1.59758,1.6,Global,77
1302,2,DALYs (Disability-Adjusted Life Years),1,Global,3,Both,30,80-84 years,543,Alzheimer's disease and other dementias,1,Number,2021,7290270.13382404,15997697.8772576,3360051.75196201,87583056.918491,89948887.7796038,85481848.25,1.09729,1.1,Global,82
1303,2,DALYs (Disability-Adjusted Life Years),1,Global,3,Both,31,85-89 years,543,Alzheimer's disease and other dementias,1,Number,2021,6681788.7692705,14385687.2177709,3013871.49376281,45721791.0517717,46852862.726504,44709230.7009568,0.604519,0.6,Global,87
1304,2,DALYs (Disability-Adjusted Life Years),1,Global,3,Both,32,90-94 years,543,Alzheimer's disease and other dementias,1,Number,2021,4343993.28564581,9371596.63705165,1829089.5736924,17889373.591415,18289317.0157285,17518670.986049,0.246663,0.25,Global,92
1305,2,DALYs (Disability-Adjusted Life Years),1,Global,3,Both,235,95+ years,543,Alzheimer's disease and other dementias,1,Number,2021,2123304.28537447,4683582.64433655,834243.321395104,5450308.67493343,5569992.58267677,5337366.13587716,0.0785092,0.08,Global,97
1306,2,DALYs (Disability-Adjusted Life Years),1,Global,3,Both,10,25-29 years,544,Parkinson's disease,1,Number,2021,2904.74175731624,4409.70862782651,1757.3956850536,588343218.626762,607422118.669863,570487097.318648,7.59144,7.59,Global,27
1307,2,DALYs (Disability-Adjusted Life Years),1,Global,3,Both,11,30-34 years,544,Parkinson's disease,1,Number,2021,7158.21067872676,10755.4074728527,4495.26481190098,604480174.775885,623603836.164416,586195014.793618,7.32171,7.32,Global,32
1308,2,DALYs (Disability-Adjusted Life Years),1,Global,3,Both,12,35-39 years,544,Parkinson's disease,1,Number,2021,13700.1530505594,19941.0568874725,8976.07015646849,560866105.914554,578297964.608428,544251815.345755,6.82805,6.83,Global,37
1309,2,DALYs (Disability-Adjusted Life Years),1,Global,3,Both,13,40-44 years,544,Parkinson's disease,1,Number,2021,52904.5620371442,64618.6398695818,43535.2868658129,500250795.605694,515432478.206861,485928430.82182,6.14735,6.15,Global,42
1310,2,DALYs (Disability-Adjusted Life Years),1,Global,3,Both,14,45-49 years,544,Parkinson's disease,1,Number,2021,102473.247141901,123879.111604315,86233.0015658744,473504625.903218,487919674.240222,460213135.719539,5.51133,5.51,Global,47
1311,2,DALYs (Disability-Adjusted Life Years),1,Global,3,Both,15,50-54 years,544,Parkinson's disease,1,Number,2021,195882.402254306,234273.965302756,160574.485230255,444922982.841121,458714304.258768,432300957.286386,4.91312,4.91,Global,52
1312,2,DALYs (Disability-Adjusted Life Years),1,Global,3,Both,16,55-59 years,544,Parkinson's disease,1,Number,2021,296688.41461954,350658.259555387,246734.29222855,395728004,407669300.348216,384764582.368839,4.34586,4.35,Global,57
1313,2,DALYs (Disability-Adjusted Life Years),1,Global,3,Both,17,60-64 years,544,Parkinson's disease,1,Number,2021,433994.986260806,501238.460846603,374423.585435083,320047853.312832,329387624.27068,311524379.587396,3.68223,3.68,Global,62
1314,2,DALYs (Disability-Adjusted Life Years),1,Global,3,Both,18,65-69 years,544,Parkinson's disease,1,Number,2021,790574.054312442,884188.066729092,696626.301148727,275842158.522357,284217678.194795,268116931.088218,2.98509,2.99,Global,67
1315,2,DALYs (Disability-Adjusted Life Years),1,Global,3,Both,19,70-74 years,544,Parkinson's disease,1,Number,2021,1277331.80730037,1410501.77391725,1148465.21869551,205839220.385999,211972020.164289,200406728.542811,2.26526,2.27,Global,72
1316,2,DALYs (Disability-Adjusted Life Years),1,Global,3,Both,20,75-79 years,544,Parkinson's disease,1,Number,2021,1519123.64604868,1653083.59280108,1395182.62080646,131884404.580217,135613447.4,128518633.372437,1.59758,1.6,Global,77
1317,2,DALYs (Disability-Adjusted Life Years),1,Global,3,Both,30,80-84 years,544,Parkinson's disease,1,Number,2021,1457938.97273205,1582686.17145133,1298400.50737131,87583056.918491,89948887.7796038,85481848.25,1.09729,1.1,Global,82
1318,2,DALYs (Disability-Adjusted Life Years),1,Global,3,Both,31,85-89 years,544,Parkinson's disease,1,Number,2021,895592.579587052,989372.418537532,775077.449533352,45721791.0517717,46852862.726504,44709230.7009568,0.604519,0.6,Global,87
1319,2,DALYs (Disability-Adjusted Life Years),1,Global,3,Both,32,90-94 years,544,Parkinson's disease,1,Number,2021,340376.292044297,375598.037196676,284523.07416173,17889373.591415,18289317.0157285,17518670.986049,0.246663,0.25,Global,92
1320,2,DALYs (Disability-Adjusted Life Years),1,Global,3,Both,235,95+ years,544,Parkinson's disease,1,Number,2021,83992.9465268325,95372.8494990487,66432.3616349874,5450308.67493343,5569992.58267677,5337366.13587716,0.0785092,0.08,Global,97
1321,2,DALYs (Disability-Adjusted Life Years),1,Global,3,Both,10,25-29 years,545,Idiopathic epilepsy,1,Number,2021,1145364.6496457,1469821.16192808,870288.601253523,588343218.626762,607422118.669863,570487097.318648,7.59144,7.59,Global,27
1322,2,DALYs (Disability-Adjusted Life Years),1,Global,3,Both,11,30-34 years,545,Idiopathic epilepsy,1,Number,2021,1064431.35265172,1357296.53323471,811900.348406681,604480174.775885,623603836.164416,586195014.793618,7.32171,7.32,Global,32
1323,2,DALYs (Disability-Adjusted Life Years),1,Global,3,Both,12,35-39 years,545,Idiopathic epilepsy,1,Number,2021,936276.159294417,1202001.48261533,716623.455660337,560866105.914554,578297964.608428,544251815.345755,6.82805,6.83,Global,37
1324,2,DALYs (Disability-Adjusted Life Years),1,Global,3,Both,13,40-44 years,545,Idiopathic epilepsy,1,Number,2021,779897.38181426,1006996.93648456,601564.30893665,500250795.605694,515432478.206861,485928430.82182,6.14735,6.15,Global,42
1325,2,DALYs (Disability-Adjusted Life Years),1,Global,3,Both,14,45-49 years,545,Idiopathic epilepsy,1,Number,2021,656725.784747829,846444.992058982,500344.251724714,473504625.903218,487919674.240222,460213135.719539,5.51133,5.51,Global,47
1326,2,DALYs (Disability-Adjusted Life Years),1,Global,3,Both,15,50-54 years,545,Idiopathic epilepsy,1,Number,2021,572538.930631288,765839.124839832,438247.259736294,444922982.841121,458714304.258768,432300957.286386,4.91312,4.91,Global,52
1327,2,DALYs (Disability-Adjusted Life Years),1,Global,3,Both,16,55-59 years,545,Idiopathic epilepsy,1,Number,2021,532483.416294562,734297.519684089,404392.711416683,395728004,407669300.348216,384764582.368839,4.34586,4.35,Global,57
1328,2,DALYs (Disability-Adjusted Life Years),1,Global,3,Both,17,60-64 years,545,Idiopathic epilepsy,1,Number,2021,462429.8808,644524.891569346,341133.141996243,320047853.312832,329387624.27068,311524379.587396,3.68223,3.68,Global,62
1329,2,DALYs (Disability-Adjusted Life Years),1,Global,3,Both,18,65-69 years,545,Idiopathic epilepsy,1,Number,2021,434616.070132682,595790.057527791,318593.94863942,275842158.522357,284217678.194795,268116931.088218,2.98509,2.99,Global,67
1330,2,DALYs (Disability-Adjusted Life Years),1,Global,3,Both,19,70-74 years,545,Idiopathic epilepsy,1,Number,2021,368768.171197627,504604.064665308,273145.502700784,205839220.385999,211972020.164289,200406728.542811,2.26526,2.27,Global,72
1331,2,DALYs (Disability-Adjusted Life Years),1,Global,3,Both,20,75-79 years,545,Idiopathic epilepsy,1,Number,2021,257792.740485282,356063.800209108,185337.495999791,131884404.580217,135613447.4,128518633.372437,1.59758,1.6,Global,77
1332,2,DALYs (Disability-Adjusted Life Years),1,Global,3,Both,30,80-84 years,545,Idiopathic epilepsy,1,Number,2021,189341.565557376,259033.627070097,135798.136378581,87583056.918491,89948887.7796038,85481848.25,1.09729,1.1,Global,82
1333,2,DALYs (Disability-Adjusted Life Years),1,Global,3,Both,31,85-89 years,545,Idiopathic epilepsy,1,Number,2021,113780.456054135,156377.09079377,81519.2371998871,45721791.0517717,46852862.726504,44709230.7009568,0.604519,0.6,Global,87
1334,2,DALYs (Disability-Adjusted Life Years),1,Global,3,Both,32,90-94 years,545,Idiopathic epilepsy,1,Number,2021,52342.3111019998,73185.9631637303,37271.1090652851,17889373.591415,18289317.0157285,17518670.986049,0.246663,0.25,Global,92
1335,2,DALYs (Disability-Adjusted Life Years),1,Global,3,Both,235,95+ years,545,Idiopathic epilepsy,1,Number,2021,20710.2550473015,29863.0124714716,14500.8205163629,5450308.67493343,5569992.58267677,5337366.13587716,0.0785092,0.08,Global,97
1336,2,DALYs (Disability-Adjusted Life Years),1,Global,3,Both,10,25-29 years,554,Motor neuron disease,1,Number,2021,10649.4071172162,12610.8186941031,8887.34688181659,588343218.626762,607422118.669863,570487097.318648,7.59144,7.59,Global,27
1337,2,DALYs (Disability-Adjusted Life Years),1,Global,3,Both,11,30-34 years,554,Motor neuron disease,1,Number,2021,15800.2471993264,18365.9116266668,13539.6107615722,604480174.775885,623603836.164416,586195014.793618,7.32171,7.32,Global,32
1338,2,DALYs (Disability-Adjusted Life Years),1,Global,3,Both,12,35-39 years,554,Motor neuron disease,1,Number,2021,23414.9684317356,25898.8157049031,20887.5764375021,560866105.914554,578297964.608428,544251815.345755,6.82805,6.83,Global,37
1339,2,DALYs (Disability-Adjusted Life Years),1,Global,3,Both,13,40-44 years,554,Motor neuron disease,1,Number,2021,36108.1858265748,39729.57813,31790.1719974248,500250795.605694,515432478.206861,485928430.82182,6.14735,6.15,Global,42
1340,2,DALYs (Disability-Adjusted Life Years),1,Global,3,Both,14,45-49 years,554,Motor neuron disease,1,Number,2021,56247.4223481309,61624.9014178356,50619.9452375461,473504625.903218,487919674.240222,460213135.719539,5.51133,5.51,Global,47
1341,2,DALYs (Disability-Adjusted Life Years),1,Global,3,Both,15,50-54 years,554,Motor neuron disease,1,Number,2021,88691.6931362443,96787.9525347371,80808.8755001869,444922982.841121,458714304.258768,432300957.286386,4.91312,4.91,Global,52
1342,2,DALYs (Disability-Adjusted Life Years),1,Global,3,Both,16,55-59 years,554,Motor neuron disease,1,Number,2021,122757.615296642,132895.110293737,113911.024002956,395728004,407669300.348216,384764582.368839,4.34586,4.35,Global,57
1343,2,DALYs (Disability-Adjusted Life Years),1,Global,3,Both,17,60-64 years,554,Motor neuron disease,1,Number,2021,146696.161895856,157470.128842751,136875.611997669,320047853.312832,329387624.27068,311524379.587396,3.68223,3.68,Global,62
1344,2,DALYs (Disability-Adjusted Life Years),1,Global,3,Both,18,65-69 years,554,Motor neuron disease,1,Number,2021,156374.110597498,169081.156550046,145377.135519494,275842158.522357,284217678.194795,268116931.088218,2.98509,2.99,Global,67
1345,2,DALYs (Disability-Adjusted Life Years),1,Global,3,Both,19,70-74 years,554,Motor neuron disease,1,Number,2021,140469.372578707,152885.419279555,129189.114914733,205839220.385999,211972020.164289,200406728.542811,2.26526,2.27,Global,72
1346,2,DALYs (Disability-Adjusted Life Years),1,Global,3,Both,20,75-79 years,554,Motor neuron disease,1,Number,2021,91537.0888576651,100417.166905315,81842.6707609306,131884404.580217,135613447.4,128518633.372437,1.59758,1.6,Global,77
1347,2,DALYs (Disability-Adjusted Life Years),1,Global,3,Both,30,80-84 years,554,Motor neuron disease,1,Number,2021,48322.9881301225,53679.1838101064,40379.4023713871,87583056.918491,89948887.7796038,85481848.25,1.09729,1.1,Global,82
1348,2,DALYs (Disability-Adjusted Life Years),1,Global,3,Both,31,85-89 years,554,Motor neuron disease,1,Number,2021,19511.9219650439,22002.3419836809,15931.5733975666,45721791.0517717,46852862.726504,44709230.7009568,0.604519,0.6,Global,87
1349,2,DALYs (Disability-Adjusted Life Years),1,Global,3,Both,32,90-94 years,554,Motor neuron disease,1,Number,2021,6042.76723148242,6907.24229603224,4767.30222283709,17889373.591415,18289317.0157285,17518670.986049,0.246663,0.25,Global,92
1350,2,DALYs (Disability-Adjusted Life Years),1,Global,3,Both,235,95+ years,554,Motor neuron disease,1,Number,2021,1688.7600212463,1959.11259246237,1270.62014449603,5450308.67493343,5569992.58267677,5337366.13587716,0.0785092,0.08,Global,97
1351,2,DALYs (Disability-Adjusted Life Years),1,Global,3,Both,10,25-29 years,665,Decubitus ulcer,1,Number,2021,12847.3483864674,15739.2012349033,9036.8550672835,588343218.626762,607422118.669863,570487097.318648,7.59144,7.59,Global,27
1352,2,DALYs (Disability-Adjusted Life Years),1,Global,3,Both,11,30-34 years,665,Decubitus ulcer,1,Number,2021,28074.8403244025,37758.7976164158,18372.8053375122,604480174.775885,623603836.164416,586195014.793618,7.32171,7.32,Global,32
1353,2,DALYs (Disability-Adjusted Life Years),1,Global,3,Both,12,35-39 years,665,Decubitus ulcer,1,Number,2021,26981.0249115232,32926.0902627739,18407.3662240883,560866105.914554,578297964.608428,544251815.345755,6.82805,6.83,Global,37
1354,2,DALYs (Disability-Adjusted Life Years),1,Global,3,Both,13,40-44 years,665,Decubitus ulcer,1,Number,2021,28686.8017121631,34034.9184155494,19809.0914639725,500250795.605694,515432478.206861,485928430.82182,6.14735,6.15,Global,42
1355,2,DALYs (Disability-Adjusted Life Years),1,Global,3,Both,14,45-49 years,665,Decubitus ulcer,1,Number,2021,30551.4165593964,37763.2920289301,20415.809910564,473504625.903218,487919674.240222,460213135.719539,5.51133,5.51,Global,47
1356,2,DALYs (Disability-Adjusted Life Years),1,Global,3,Both,15,50-54 years,665,Decubitus ulcer,1,Number,2021,43588.4309455341,53043.3325053679,30906.6309391417,444922982.841121,458714304.258768,432300957.286386,4.91312,4.91,Global,52
1357,2,DALYs (Disability-Adjusted Life Years),1,Global,3,Both,16,55-59 years,665,Decubitus ulcer,1,Number,2021,59893.8784680953,72864.0601968861,41669.0924773819,395728004,407669300.348216,384764582.368839,4.34586,4.35,Global,57
1358,2,DALYs (Disability-Adjusted Life Years),1,Global,3,Both,17,60-64 years,665,Decubitus ulcer,1,Number,2021,54146.0037574399,66082.6292710012,40025.8666717816,320047853.312832,329387624.27068,311524379.587396,3.68223,3.68,Global,62
1359,2,DALYs (Disability-Adjusted Life Years),1,Global,3,Both,18,65-69 years,665,Decubitus ulcer,1,Number,2021,81961.0888727221,96717.0595321749,57884.8290692586,275842158.522357,284217678.194795,268116931.088218,2.98509,2.99,Global,67
1360,2,DALYs (Disability-Adjusted Life Years),1,Global,3,Both,19,70-74 years,665,Decubitus ulcer,1,Number,2021,83693.6857420102,96432.8797706997,60647.4060465732,205839220.385999,211972020.164289,200406728.542811,2.26526,2.27,Global,72
1361,2,DALYs (Disability-Adjusted Life Years),1,Global,3,Both,20,75-79 years,665,Decubitus ulcer,1,Number,2021,84304.4492483522,96252.0851407105,65650.4804612103,131884404.580217,135613447.4,128518633.372437,1.59758,1.6,Global,77
1362,2,DALYs (Disability-Adjusted Life Years),1,Global,3,Both,30,80-84 years,665,Decubitus ulcer,1,Number,2021,80605.6025482135,90534.1330801737,62899.2482605788,87583056.918491,89948887.7796038,85481848.25,1.09729,1.1,Global,82
1363,2,DALYs (Disability-Adjusted Life Years),1,Global,3,Both,31,85-89 years,665,Decubitus ulcer,1,Number,2021,70008.4813593403,79631.2133779391,56165.2158746446,45721791.0517717,46852862.726504,44709230.7009568,0.604519,0.6,Global,87
1364,2,DALYs (Disability-Adjusted Life Years),1,Global,3,Both,32,90-94 years,665,Decubitus ulcer,1,Number,2021,47311.831214771,54054.9485173911,37936.1167485285,17889373.591415,18289317.0157285,17518670.986049,0.246663,0.25,Global,92
1365,2,DALYs (Disability-Adjusted Life Years),1,Global,3,Both,235,95+ years,665,Decubitus ulcer,1,Number,2021,22938.1159193566,26445.08035,17563.4811844252,5450308.67493343,5569992.58267677,5337366.13587716,0.0785092,0.08,Global,97
1366,2,DALYs (Disability-Adjusted Life Years),1,Global,3,Both,10,25-29 years,668,Other skin and subcutaneous diseases,1,Number,2021,158451.984101232,289369.127215907,80001.4197151558,588343218.626762,607422118.669863,570487097.318648,7.59144,7.59,Global,27
1367,2,DALYs (Disability-Adjusted Life Years),1,Global,3,Both,11,30-34 years,668,Other skin and subcutaneous diseases,1,Number,2021,188433.144919027,359188.68931894,95136.2509986923,604480174.775885,623603836.164416,586195014.793618,7.32171,7.32,Global,32
1368,2,DALYs (Disability-Adjusted Life Years),1,Global,3,Both,12,35-39 years,668,Other skin and subcutaneous diseases,1,Number,2021,203969.636772783,368631.118075348,101189.600764385,560866105.914554,578297964.608428,544251815.345755,6.82805,6.83,Global,37
1369,2,DALYs (Disability-Adjusted Life Years),1,Global,3,Both,13,40-44 years,668,Other skin and subcutaneous diseases,1,Number,2021,217062.332633685,393602.437107814,110005.862004716,500250795.605694,515432478.206861,485928430.82182,6.14735,6.15,Global,42
1370,2,DALYs (Disability-Adjusted Life Years),1,Global,3,Both,14,45-49 years,668,Other skin and subcutaneous diseases,1,Number,2021,236519.246379065,420913.717615324,119771.904136059,473504625.903218,487919674.240222,460213135.719539,5.51133,5.51,Global,47
1371,2,DALYs (Disability-Adjusted Life Years),1,Global,3,Both,15,50-54 years,668,Other skin and subcutaneous diseases,1,Number,2021,261736.907789383,464092.592019495,131670.346869728,444922982.841121,458714304.258768,432300957.286386,4.91312,4.91,Global,52
1372,2,DALYs (Disability-Adjusted Life Years),1,Global,3,Both,16,55-59 years,668,Other skin and subcutaneous diseases,1,Number,2021,295679.29250938,539649.49973973,149679.828955213,395728004,407669300.348216,384764582.368839,4.34586,4.35,Global,57
1373,2,DALYs (Disability-Adjusted Life Years),1,Global,3,Both,17,60-64 years,668,Other skin and subcutaneous diseases,1,Number,2021,293533.224912437,513656.962701038,147306.099298754,320047853.312832,329387624.27068,311524379.587396,3.68223,3.68,Global,62
1374,2,DALYs (Disability-Adjusted Life Years),1,Global,3,Both,18,65-69 years,668,Other skin and subcutaneous diseases,1,Number,2021,297627.995669828,532757.376426739,153995.783678731,275842158.522357,284217678.194795,268116931.088218,2.98509,2.99,Global,67
1375,2,DALYs (Disability-Adjusted Life Years),1,Global,3,Both,19,70-74 years,668,Other skin and subcutaneous diseases,1,Number,2021,259038.641917022,472614.168065266,134746.620245246,205839220.385999,211972020.164289,200406728.542811,2.26526,2.27,Global,72
1376,2,DALYs (Disability-Adjusted Life Years),1,Global,3,Both,20,75-79 years,668,Other skin and subcutaneous diseases,1,Number,2021,182282.31411693,319122.976014303,96517.9675534075,131884404.580217,135613447.4,128518633.372437,1.59758,1.6,Global,77
1377,2,DALYs (Disability-Adjusted Life Years),1,Global,3,Both,30,80-84 years,668,Other skin and subcutaneous diseases,1,Number,2021,129035.307975489,225842.014535465,68115.0112318324,87583056.918491,89948887.7796038,85481848.25,1.09729,1.1,Global,82
1378,2,DALYs (Disability-Adjusted Life Years),1,Global,3,Both,31,85-89 years,668,Other skin and subcutaneous diseases,1,Number,2021,73864.2863513388,125154.968903537,40279.6610410071,45721791.0517717,46852862.726504,44709230.7009568,0.604519,0.6,Global,87
1379,2,DALYs (Disability-Adjusted Life Years),1,Global,3,Both,32,90-94 years,668,Other skin and subcutaneous diseases,1,Number,2021,30342.5321508351,51051.7283989957,17283.7784540957,17889373.591415,18289317.0157285,17518670.986049,0.246663,0.25,Global,92
1380,2,DALYs (Disability-Adjusted Life Years),1,Global,3,Both,235,95+ years,668,Other skin and subcutaneous diseases,1,Number,2021,9219.22161649194,14954.2585656897,5476.92368564137,5450308.67493343,5569992.58267677,5337366.13587716,0.0785092,0.08,Global,97
1381,2,DALYs (Disability-Adjusted Life Years),1,Global,3,Both,10,25-29 years,670,Glaucoma,1,Number,2021,0,0,0,588343218.626762,607422118.669863,570487097.318648,7.59144,7.59,Global,27
1382,2,DALYs (Disability-Adjusted Life Years),1,Global,3,Both,11,30-34 years,670,Glaucoma,1,Number,2021,0,0,0,604480174.775885,623603836.164416,586195014.793618,7.32171,7.32,Global,32
1383,2,DALYs (Disability-Adjusted Life Years),1,Global,3,Both,12,35-39 years,670,Glaucoma,1,Number,2021,0,0,0,560866105.914554,578297964.608428,544251815.345755,6.82805,6.83,Global,37
1384,2,DALYs (Disability-Adjusted Life Years),1,Global,3,Both,13,40-44 years,670,Glaucoma,1,Number,2021,0,0,0,500250795.605694,515432478.206861,485928430.82182,6.14735,6.15,Global,42
1385,2,DALYs (Disability-Adjusted Life Years),1,Global,3,Both,14,45-49 years,670,Glaucoma,1,Number,2021,1847.6828842252,3322.3835384856,944.629448685549,473504625.903218,487919674.240222,460213135.719539,5.51133,5.51,Global,47
1386,2,DALYs (Disability-Adjusted Life Years),1,Global,3,Both,15,50-54 years,670,Glaucoma,1,Number,2021,15249.6189689948,24415.5856285462,9344.20878278142,444922982.841121,458714304.258768,432300957.286386,4.91312,4.91,Global,52
1387,2,DALYs (Disability-Adjusted Life Years),1,Global,3,Both,16,55-59 years,670,Glaucoma,1,Number,2021,43932.6832118427,65726.8640155037,29107.0029953485,395728004,407669300.348216,384764582.368839,4.34586,4.35,Global,57
1388,2,DALYs (Disability-Adjusted Life Years),1,Global,3,Both,17,60-64 years,670,Glaucoma,1,Number,2021,78446.6145168481,116478.03994803,52744.7609529819,320047853.312832,329387624.27068,311524379.587396,3.68223,3.68,Global,62
1389,2,DALYs (Disability-Adjusted Life Years),1,Global,3,Both,18,65-69 years,670,Glaucoma,1,Number,2021,111552.791882498,161829.198074662,75450.4446120736,275842158.522357,284217678.194795,268116931.088218,2.98509,2.99,Global,67
1390,2,DALYs (Disability-Adjusted Life Years),1,Global,3,Both,19,70-74 years,670,Glaucoma,1,Number,2021,126936.938240616,180623.278008393,81923.8079808367,205839220.385999,211972020.164289,200406728.542811,2.26526,2.27,Global,72
1391,2,DALYs (Disability-Adjusted Life Years),1,Global,3,Both,20,75-79 years,670,Glaucoma,1,Number,2021,124086.887068573,179297.647367914,82951.6321072208,131884404.580217,135613447.4,128518633.372437,1.59758,1.6,Global,77
1392,2,DALYs (Disability-Adjusted Life Years),1,Global,3,Both,30,80-84 years,670,Glaucoma,1,Number,2021,116542.427578257,165820.544427285,76148.1228449756,87583056.918491,89948887.7796038,85481848.25,1.09729,1.1,Global,82
1393,2,DALYs (Disability-Adjusted Life Years),1,Global,3,Both,31,85-89 years,670,Glaucoma,1,Number,2021,83249.182131233,116071.561075496,55261.7100805575,45721791.0517717,46852862.726504,44709230.7009568,0.604519,0.6,Global,87
1394,2,DALYs (Disability-Adjusted Life Years),1,Global,3,Both,32,90-94 years,670,Glaucoma,1,Number,2021,41015.0503524951,58723.9088547449,27913.0107116306,17889373.591415,18289317.0157285,17518670.986049,0.246663,0.25,Global,92
1395,2,DALYs (Disability-Adjusted Life Years),1,Global,3,Both,235,95+ years,670,Glaucoma,1,Number,2021,17040.3538806882,25075.6819641325,11327.4544985939,5450308.67493343,5569992.58267677,5337366.13587716,0.0785092,0.08,Global,97
1396,2,DALYs (Disability-Adjusted Life Years),1,Global,3,Both,10,25-29 years,671,Cataract,1,Number,2021,23325.0554496158,35534.2258122394,13289.099644008,588343218.626762,607422118.669863,570487097.318648,7.59144,7.59,Global,27
1397,2,DALYs (Disability-Adjusted Life Years),1,Global,3,Both,11,30-34 years,671,Cataract,1,Number,2021,50049.0010310222,73780.9289940775,29322.2800763433,604480174.775885,623603836.164416,586195014.793618,7.32171,7.32,Global,32
1398,2,DALYs (Disability-Adjusted Life Years),1,Global,3,Both,12,35-39 years,671,Cataract,1,Number,2021,85744.159856481,121734.367034167,53540.861224786,560866105.914554,578297964.608428,544251815.345755,6.82805,6.83,Global,37
1399,2,DALYs (Disability-Adjusted Life Years),1,Global,3,Both,13,40-44 years,671,Cataract,1,Number,2021,133804.099923734,194563.852096856,88622.2689474071,500250795.605694,515432478.206861,485928430.82182,6.14735,6.15,Global,42
1400,2,DALYs (Disability-Adjusted Life Years),1,Global,3,Both,14,45-49 years,671,Cataract,1,Number,2021,221468.089930957,314637.559560624,148196.538660462,473504625.903218,487919674.240222,460213135.719539,5.51133,5.51,Global,47
1401,2,DALYs (Disability-Adjusted Life Years),1,Global,3,Both,15,50-54 years,671,Cataract,1,Number,2021,335539.282684168,480009.868933785,232285.043325849,444922982.841121,458714304.258768,432300957.286386,4.91312,4.91,Global,52
1402,2,DALYs (Disability-Adjusted Life Years),1,Global,3,Both,16,55-59 years,671,Cataract,1,Number,2021,495360.315179377,691171.482225058,334594.7625,395728004,407669300.348216,384764582.368839,4.34586,4.35,Global,57
1403,2,DALYs (Disability-Adjusted Life Years),1,Global,3,Both,17,60-64 years,671,Cataract,1,Number,2021,689969.304796287,957576.130473846,462937.980912587,320047853.312832,329387624.27068,311524379.587396,3.68223,3.68,Global,62
1404,2,DALYs (Disability-Adjusted Life Years),1,Global,3,Both,18,65-69 years,671,Cataract,1,Number,2021,949185.263178096,1310425.73081953,653382.875467622,275842158.522357,284217678.194795,268116931.088218,2.98509,2.99,Global,67
1405,2,DALYs (Disability-Adjusted Life Years),1,Global,3,Both,19,70-74 years,671,Cataract,1,Number,2021,1049746.12708076,1427336.76915284,735741.468014528,205839220.385999,211972020.164289,200406728.542811,2.26526,2.27,Global,72
1406,2,DALYs (Disability-Adjusted Life Years),1,Global,3,Both,20,75-79 years,671,Cataract,1,Number,2021,964205.554783792,1292073.01805785,692350.420674376,131884404.580217,135613447.4,128518633.372437,1.59758,1.6,Global,77
1407,2,DALYs (Disability-Adjusted Life Years),1,Global,3,Both,30,80-84 years,671,Cataract,1,Number,2021,793330.570891093,1071316.78225331,568940.629804615,87583056.918491,89948887.7796038,85481848.25,1.09729,1.1,Global,82
1408,2,DALYs (Disability-Adjusted Life Years),1,Global,3,Both,31,85-89 years,671,Cataract,1,Number,2021,489365.898136578,663152.401331602,347935.216207792,45721791.0517717,46852862.726504,44709230.7009568,0.604519,0.6,Global,87
1409,2,DALYs (Disability-Adjusted Life Years),1,Global,3,Both,32,90-94 years,671,Cataract,1,Number,2021,201412.632475982,274090.139524787,146717.792598954,17889373.591415,18289317.0157285,17518670.986049,0.246663,0.25,Global,92
1410,2,DALYs (Disability-Adjusted Life Years),1,Global,3,Both,235,95+ years,671,Cataract,1,Number,2021,65638.1700069706,88778.7722580309,47250.2589481161,5450308.67493343,5569992.58267677,5337366.13587716,0.0785092,0.08,Global,97
1411,2,DALYs (Disability-Adjusted Life Years),1,Global,3,Both,10,25-29 years,672,Age-related macular degeneration,1,Number,2021,0,0,0,588343218.626762,607422118.669863,570487097.318648,7.59144,7.59,Global,27
1412,2,DALYs (Disability-Adjusted Life Years),1,Global,3,Both,11,30-34 years,672,Age-related macular degeneration,1,Number,2021,0,0,0,604480174.775885,623603836.164416,586195014.793618,7.32171,7.32,Global,32
1413,2,DALYs (Disability-Adjusted Life Years),1,Global,3,Both,12,35-39 years,672,Age-related macular degeneration,1,Number,2021,0,0,0,560866105.914554,578297964.608428,544251815.345755,6.82805,6.83,Global,37
1414,2,DALYs (Disability-Adjusted Life Years),1,Global,3,Both,13,40-44 years,672,Age-related macular degeneration,1,Number,2021,0,0,0,500250795.605694,515432478.206861,485928430.82182,6.14735,6.15,Global,42
1415,2,DALYs (Disability-Adjusted Life Years),1,Global,3,Both,14,45-49 years,672,Age-related macular degeneration,1,Number,2021,2079.62961126528,3836.96705332766,1027.33918205631,473504625.903218,487919674.240222,460213135.719539,5.51133,5.51,Global,47
1416,2,DALYs (Disability-Adjusted Life Years),1,Global,3,Both,15,50-54 years,672,Age-related macular degeneration,1,Number,2021,16673.6879951679,26800.7729510263,9381.69508068386,444922982.841121,458714304.258768,432300957.286386,4.91312,4.91,Global,52
1417,2,DALYs (Disability-Adjusted Life Years),1,Global,3,Both,16,55-59 years,672,Age-related macular degeneration,1,Number,2021,46521.4465966534,69917.7023082311,29032.6981612543,395728004,407669300.348216,384764582.368839,4.34586,4.35,Global,57
1418,2,DALYs (Disability-Adjusted Life Years),1,Global,3,Both,17,60-64 years,672,Age-related macular degeneration,1,Number,2021,76600.1466083169,113578.226691505,50171.4476858928,320047853.312832,329387624.27068,311524379.587396,3.68223,3.68,Global,62
1419,2,DALYs (Disability-Adjusted Life Years),1,Global,3,Both,18,65-69 years,672,Age-related macular degeneration,1,Number,2021,102045.590249345,147824.261555969,67067.161598768,275842158.522357,284217678.194795,268116931.088218,2.98509,2.99,Global,67
1420,2,DALYs (Disability-Adjusted Life Years),1,Global,3,Both,19,70-74 years,672,Age-related macular degeneration,1,Number,2021,100487.677936931,142406.116862186,68191.1658518495,205839220.385999,211972020.164289,200406728.542811,2.26526,2.27,Global,72
1421,2,DALYs (Disability-Adjusted Life Years),1,Global,3,Both,20,75-79 years,672,Age-related macular degeneration,1,Number,2021,83927.187701251,117635.071545082,57879.4825849739,131884404.580217,135613447.4,128518633.372437,1.59758,1.6,Global,77
1422,2,DALYs (Disability-Adjusted Life Years),1,Global,3,Both,30,80-84 years,672,Age-related macular degeneration,1,Number,2021,69959.6712675334,98844.413861535,46757.837954199,87583056.918491,89948887.7796038,85481848.25,1.09729,1.1,Global,82
1423,2,DALYs (Disability-Adjusted Life Years),1,Global,3,Both,31,85-89 years,672,Age-related macular degeneration,1,Number,2021,47426.7250196437,66496.1047582047,31173.3042751199,45721791.0517717,46852862.726504,44709230.7009568,0.604519,0.6,Global,87
1424,2,DALYs (Disability-Adjusted Life Years),1,Global,3,Both,32,90-94 years,672,Age-related macular degeneration,1,Number,2021,23088.2224562749,32979.1295018656,15433.806454097,17889373.591415,18289317.0157285,17518670.986049,0.246663,0.25,Global,92
1425,2,DALYs (Disability-Adjusted Life Years),1,Global,3,Both,235,95+ years,672,Age-related macular degeneration,1,Number,2021,9210.39299605053,13718.8265312462,5996.34264606124,5450308.67493343,5569992.58267677,5337366.13587716,0.0785092,0.08,Global,97
1426,2,DALYs (Disability-Adjusted Life Years),1,Global,3,Both,10,25-29 years,674,Age-related and other hearing loss,1,Number,2021,1442442.1520551,2086057.37622239,926794.670134869,588343218.626762,607422118.669863,570487097.318648,7.59144,7.59,Global,27
1427,2,DALYs (Disability-Adjusted Life Years),1,Global,3,Both,11,30-34 years,674,Age-related and other hearing loss,1,Number,2021,1768398.28341366,2533389.75827381,1126086.59117431,604480174.775885,623603836.164416,586195014.793618,7.32171,7.32,Global,32
1428,2,DALYs (Disability-Adjusted Life Years),1,Global,3,Both,12,35-39 years,674,Age-related and other hearing loss,1,Number,2021,1820422.80267166,2703915.36547916,1143298.21428471,560866105.914554,578297964.608428,544251815.345755,6.82805,6.83,Global,37
1429,2,DALYs (Disability-Adjusted Life Years),1,Global,3,Both,13,40-44 years,674,Age-related and other hearing loss,1,Number,2021,1908933.31190754,2933197.27552281,1202097.80227218,500250795.605694,515432478.206861,485928430.82182,6.14735,6.15,Global,42
1430,2,DALYs (Disability-Adjusted Life Years),1,Global,3,Both,14,45-49 years,674,Age-related and other hearing loss,1,Number,2021,2521556.87365329,3850056.4949248,1534414.15622254,473504625.903218,487919674.240222,460213135.719539,5.51133,5.51,Global,47
1431,2,DALYs (Disability-Adjusted Life Years),1,Global,3,Both,15,50-54 years,674,Age-related and other hearing loss,1,Number,2021,3294446.83871329,4947834.25746287,1992880.77200401,444922982.841121,458714304.258768,432300957.286386,4.91312,4.91,Global,52
1432,2,DALYs (Disability-Adjusted Life Years),1,Global,3,Both,16,55-59 years,674,Age-related and other hearing loss,1,Number,2021,4131669.16838457,6342688.0525993,2569704.36836559,395728004,407669300.348216,384764582.368839,4.34586,4.35,Global,57
1433,2,DALYs (Disability-Adjusted Life Years),1,Global,3,Both,17,60-64 years,674,Age-related and other hearing loss,1,Number,2021,4433690.24729939,6601225.90612874,2766220.74954904,320047853.312832,329387624.27068,311524379.587396,3.68223,3.68,Global,62
1434,2,DALYs (Disability-Adjusted Life Years),1,Global,3,Both,18,65-69 years,674,Age-related and other hearing loss,1,Number,2021,5121261.61032515,7511638.69796665,3292997.93482888,275842158.522357,284217678.194795,268116931.088218,2.98509,2.99,Global,67
1435,2,DALYs (Disability-Adjusted Life Years),1,Global,3,Both,19,70-74 years,674,Age-related and other hearing loss,1,Number,2021,4790538.71230166,6801491.79116337,3189135.66240819,205839220.385999,211972020.164289,200406728.542811,2.26526,2.27,Global,72
1436,2,DALYs (Disability-Adjusted Life Years),1,Global,3,Both,20,75-79 years,674,Age-related and other hearing loss,1,Number,2021,3827092.13741379,5280839.24646456,2654204.34362475,131884404.580217,135613447.4,128518633.372437,1.59758,1.6,Global,77
1437,2,DALYs (Disability-Adjusted Life Years),1,Global,3,Both,30,80-84 years,674,Age-related and other hearing loss,1,Number,2021,3022735.36976057,4042258.19081447,2198069.2357442,87583056.918491,89948887.7796038,85481848.25,1.09729,1.1,Global,82
1438,2,DALYs (Disability-Adjusted Life Years),1,Global,3,Both,31,85-89 years,674,Age-related and other hearing loss,1,Number,2021,1797816.64844456,2382712.61792626,1311403.82516187,45721791.0517717,46852862.726504,44709230.7009568,0.604519,0.6,Global,87
1439,2,DALYs (Disability-Adjusted Life Years),1,Global,3,Both,32,90-94 years,674,Age-related and other hearing loss,1,Number,2021,757248.297355226,996905.559295863,567830.742939539,17889373.591415,18289317.0157285,17518670.986049,0.246663,0.25,Global,92
1440,2,DALYs (Disability-Adjusted Life Years),1,Global,3,Both,235,95+ years,674,Age-related and other hearing loss,1,Number,2021,227617.482017658,301200.557894004,166061.017969262,5450308.67493343,5569992.58267677,5337366.13587716,0.0785092,0.08,Global,97
1441,2,DALYs (Disability-Adjusted Life Years),1,Global,3,Both,10,25-29 years,675,Other vision loss,1,Number,2021,51697.602508028,77607.3182322655,31803.3980270629,588343218.626762,607422118.669863,570487097.318648,7.59144,7.59,Global,27
1442,2,DALYs (Disability-Adjusted Life Years),1,Global,3,Both,11,30-34 years,675,Other vision loss,1,Number,2021,62456.6300088174,93237.9537808297,40112.2363840674,604480174.775885,623603836.164416,586195014.793618,7.32171,7.32,Global,32
1443,2,DALYs (Disability-Adjusted Life Years),1,Global,3,Both,12,35-39 years,675,Other vision loss,1,Number,2021,74333.9758929451,105439.50487032,47850.4189208437,560866105.914554,578297964.608428,544251815.345755,6.82805,6.83,Global,37
1444,2,DALYs (Disability-Adjusted Life Years),1,Global,3,Both,13,40-44 years,675,Other vision loss,1,Number,2021,100816.126349611,145515.94690742,66296.2789397206,500250795.605694,515432478.206861,485928430.82182,6.14735,6.15,Global,42
1445,2,DALYs (Disability-Adjusted Life Years),1,Global,3,Both,14,45-49 years,675,Other vision loss,1,Number,2021,152793.75183822,226427.210785206,98610.3446820195,473504625.903218,487919674.240222,460213135.719539,5.51133,5.51,Global,47
1446,2,DALYs (Disability-Adjusted Life Years),1,Global,3,Both,15,50-54 years,675,Other vision loss,1,Number,2021,222642.251978442,313455.076935664,150753.773817221,444922982.841121,458714304.258768,432300957.286386,4.91312,4.91,Global,52
1447,2,DALYs (Disability-Adjusted Life Years),1,Global,3,Both,16,55-59 years,675,Other vision loss,1,Number,2021,296729.674915353,425199.848143639,200447.623083786,395728004,407669300.348216,384764582.368839,4.34586,4.35,Global,57
1448,2,DALYs (Disability-Adjusted Life Years),1,Global,3,Both,17,60-64 years,675,Other vision loss,1,Number,2021,355594.159201637,508604.72686846,246152.755870969,320047853.312832,329387624.27068,311524379.587396,3.68223,3.68,Global,62
1449,2,DALYs (Disability-Adjusted Life Years),1,Global,3,Both,18,65-69 years,675,Other vision loss,1,Number,2021,419510.803175836,588576.520013557,290608.778759475,275842158.522357,284217678.194795,268116931.088218,2.98509,2.99,Global,67
1450,2,DALYs (Disability-Adjusted Life Years),1,Global,3,Both,19,70-74 years,675,Other vision loss,1,Number,2021,373981.113770546,510651.981157552,259891.128292607,205839220.385999,211972020.164289,200406728.542811,2.26526,2.27,Global,72
1451,2,DALYs (Disability-Adjusted Life Years),1,Global,3,Both,20,75-79 years,675,Other vision loss,1,Number,2021,266653.947942372,361853.344358658,184831.049176335,131884404.580217,135613447.4,128518633.372437,1.59758,1.6,Global,77
1452,2,DALYs (Disability-Adjusted Life Years),1,Global,3,Both,30,80-84 years,675,Other vision loss,1,Number,2021,204900.620601569,283154.415892377,140276.244400947,87583056.918491,89948887.7796038,85481848.25,1.09729,1.1,Global,82
1453,2,DALYs (Disability-Adjusted Life Years),1,Global,3,Both,31,85-89 years,675,Other vision loss,1,Number,2021,117814.978423619,163937.966558591,82817.1763166809,45721791.0517717,46852862.726504,44709230.7009568,0.604519,0.6,Global,87
1454,2,DALYs (Disability-Adjusted Life Years),1,Global,3,Both,32,90-94 years,675,Other vision loss,1,Number,2021,80498.0844717355,111868.843420602,57840.9011173225,17889373.591415,18289317.0157285,17518670.986049,0.246663,0.25,Global,92
1455,2,DALYs (Disability-Adjusted Life Years),1,Global,3,Both,235,95+ years,675,Other vision loss,1,Number,2021,36909.4109521889,51421.4335807278,25380.3894586436,5450308.67493343,5569992.58267677,5337366.13587716,0.0785092,0.08,Global,97
1456,2,DALYs (Disability-Adjusted Life Years),1,Global,3,Both,10,25-29 years,684,Edentulism,1,Number,2021,86717.513809191,138288.350474385,45898.7088856208,588343218.626762,607422118.669863,570487097.318648,7.59144,7.59,Global,27
1457,2,DALYs (Disability-Adjusted Life Years),1,Global,3,Both,11,30-34 years,684,Edentulism,1,Number,2021,157644.757574091,247039.980170742,90391.4147996027,604480174.775885,623603836.164416,586195014.793618,7.32171,7.32,Global,32
1458,2,DALYs (Disability-Adjusted Life Years),1,Global,3,Both,12,35-39 years,684,Edentulism,1,Number,2021,239915.004203694,368408.492718767,139136.651115277,560866105.914554,578297964.608428,544251815.345755,6.82805,6.83,Global,37
1459,2,DALYs (Disability-Adjusted Life Years),1,Global,3,Both,13,40-44 years,684,Edentulism,1,Number,2021,332304.988506716,494060.797732949,193494.943388759,500250795.605694,515432478.206861,485928430.82182,6.14735,6.15,Global,42
1460,2,DALYs (Disability-Adjusted Life Years),1,Global,3,Both,14,45-49 years,684,Edentulism,1,Number,2021,474486.30759981,698869.573876243,281969.535170793,473504625.903218,487919674.240222,460213135.719539,5.51133,5.51,Global,47
1461,2,DALYs (Disability-Adjusted Life Years),1,Global,3,Both,15,50-54 years,684,Edentulism,1,Number,2021,690197.081623205,1042367.99514742,409945.201900526,444922982.841121,458714304.258768,432300957.286386,4.91312,4.91,Global,52
1462,2,DALYs (Disability-Adjusted Life Years),1,Global,3,Both,16,55-59 years,684,Edentulism,1,Number,2021,960651.136279489,1396623.81766994,580947.195811433,395728004,407669300.348216,384764582.368839,4.34586,4.35,Global,57
1463,2,DALYs (Disability-Adjusted Life Years),1,Global,3,Both,17,60-64 years,684,Edentulism,1,Number,2021,1186374.07406763,1683752.17678566,751671.46742376,320047853.312832,329387624.27068,311524379.587396,3.68223,3.68,Global,62
1464,2,DALYs (Disability-Adjusted Life Years),1,Global,3,Both,18,65-69 years,684,Edentulism,1,Number,2021,1417149.47994566,2037691.67190102,892461.352879861,275842158.522357,284217678.194795,268116931.088218,2.98509,2.99,Global,67
1465,2,DALYs (Disability-Adjusted Life Years),1,Global,3,Both,19,70-74 years,684,Edentulism,1,Number,2021,1392946.23882526,2003029.72852845,905104.241488049,205839220.385999,211972020.164289,200406728.542811,2.26526,2.27,Global,72
1466,2,DALYs (Disability-Adjusted Life Years),1,Global,3,Both,20,75-79 years,684,Edentulism,1,Number,2021,1078294.46221544,1551600.82078696,697010.446036677,131884404.580217,135613447.4,128518633.372437,1.59758,1.6,Global,77
1467,2,DALYs (Disability-Adjusted Life Years),1,Global,3,Both,30,80-84 years,684,Edentulism,1,Number,2021,833882.577089401,1186290.57190834,541221.728973313,87583056.918491,89948887.7796038,85481848.25,1.09729,1.1,Global,82
1468,2,DALYs (Disability-Adjusted Life Years),1,Global,3,Both,31,85-89 years,684,Edentulism,1,Number,2021,465905.258867519,643767.626250819,306001.221140883,45721791.0517717,46852862.726504,44709230.7009568,0.604519,0.6,Global,87
1469,2,DALYs (Disability-Adjusted Life Years),1,Global,3,Both,32,90-94 years,684,Edentulism,1,Number,2021,185554.254862412,255677.929450288,122345.242308829,17889373.591415,18289317.0157285,17518670.986049,0.246663,0.25,Global,92
1470,2,DALYs (Disability-Adjusted Life Years),1,Global,3,Both,235,95+ years,684,Edentulism,1,Number,2021,55811.2262288394,77754.0034768606,36475.0886946034,5450308.67493343,5569992.58267677,5337366.13587716,0.0785092,0.08,Global,97
1471,2,DALYs (Disability-Adjusted Life Years),1,Global,3,Both,10,25-29 years,968,Non-rheumatic calcific aortic valve disease,1,Number,2021,23423.3897319963,26826.9226850982,19431.9495438984,588343218.626762,607422118.669863,570487097.318648,7.59144,7.59,Global,27
1472,2,DALYs (Disability-Adjusted Life Years),1,Global,3,Both,11,30-34 years,968,Non-rheumatic calcific aortic valve disease,1,Number,2021,29568.7365813409,33951.0972278249,24520.2694328246,604480174.775885,623603836.164416,586195014.793618,7.32171,7.32,Global,32
1473,2,DALYs (Disability-Adjusted Life Years),1,Global,3,Both,12,35-39 years,968,Non-rheumatic calcific aortic valve disease,1,Number,2021,37512.6763880135,42033.9771615399,31428.5380866404,560866105.914554,578297964.608428,544251815.345755,6.82805,6.83,Global,37
1474,2,DALYs (Disability-Adjusted Life Years),1,Global,3,Both,13,40-44 years,968,Non-rheumatic calcific aortic valve disease,1,Number,2021,46067.9374457892,51929.3743845891,39174.4820927208,500250795.605694,515432478.206861,485928430.82182,6.14735,6.15,Global,42
1475,2,DALYs (Disability-Adjusted Life Years),1,Global,3,Both,14,45-49 years,968,Non-rheumatic calcific aortic valve disease,1,Number,2021,55187.7049158586,61459.1629622408,48267.7409414507,473504625.903218,487919674.240222,460213135.719539,5.51133,5.51,Global,47
1476,2,DALYs (Disability-Adjusted Life Years),1,Global,3,Both,15,50-54 years,968,Non-rheumatic calcific aortic valve disease,1,Number,2021,73137.5847174396,81950.4222491789,65516.1506306875,444922982.841121,458714304.258768,432300957.286386,4.91312,4.91,Global,52
1477,2,DALYs (Disability-Adjusted Life Years),1,Global,3,Both,16,55-59 years,968,Non-rheumatic calcific aortic valve disease,1,Number,2021,108078.786637308,119873.027893475,96911.398059172,395728004,407669300.348216,384764582.368839,4.34586,4.35,Global,57
1478,2,DALYs (Disability-Adjusted Life Years),1,Global,3,Both,17,60-64 years,968,Non-rheumatic calcific aortic valve disease,1,Number,2021,131376.891162957,143701.844096297,119817.252489319,320047853.312832,329387624.27068,311524379.587396,3.68223,3.68,Global,62
1479,2,DALYs (Disability-Adjusted Life Years),1,Global,3,Both,18,65-69 years,968,Non-rheumatic calcific aortic valve disease,1,Number,2021,171924.748205717,189703.814190726,156395.773467734,275842158.522357,284217678.194795,268116931.088218,2.98509,2.99,Global,67
1480,2,DALYs (Disability-Adjusted Life Years),1,Global,3,Both,19,70-74 years,968,Non-rheumatic calcific aortic valve disease,1,Number,2021,226688.815070965,256267.798253774,207492.181546397,205839220.385999,211972020.164289,200406728.542811,2.26526,2.27,Global,72
1481,2,DALYs (Disability-Adjusted Life Years),1,Global,3,Both,20,75-79 years,968,Non-rheumatic calcific aortic valve disease,1,Number,2021,244283.970806392,272459.154848739,221920.078685196,131884404.580217,135613447.4,128518633.372437,1.59758,1.6,Global,77
1482,2,DALYs (Disability-Adjusted Life Years),1,Global,3,Both,30,80-84 years,968,Non-rheumatic calcific aortic valve disease,1,Number,2021,312598.226777026,351074.466489941,271130.44965176,87583056.918491,89948887.7796038,85481848.25,1.09729,1.1,Global,82
1483,2,DALYs (Disability-Adjusted Life Years),1,Global,3,Both,31,85-89 years,968,Non-rheumatic calcific aortic valve disease,1,Number,2021,325978.620940161,365688.97750477,267311.012850182,45721791.0517717,46852862.726504,44709230.7009568,0.604519,0.6,Global,87
1484,2,DALYs (Disability-Adjusted Life Years),1,Global,3,Both,32,90-94 years,968,Non-rheumatic calcific aortic valve disease,1,Number,2021,269134.003421001,303244.133387734,209273.269774303,17889373.591415,18289317.0157285,17518670.986049,0.246663,0.25,Global,92
1485,2,DALYs (Disability-Adjusted Life Years),1,Global,3,Both,235,95+ years,968,Non-rheumatic calcific aortic valve disease,1,Number,2021,145214.223811241,167655.714878535,104102.114572397,5450308.67493343,5569992.58267677,5337366.13587716,0.0785092,0.08,Global,97
1486,2,DALYs (Disability-Adjusted Life Years),1,Global,3,Both,10,25-29 years,969,Non-rheumatic degenerative mitral valve disease,1,Number,2021,23573.6538480504,28332.7010606752,18095.6701190431,588343218.626762,607422118.669863,570487097.318648,7.59144,7.59,Global,27
1487,2,DALYs (Disability-Adjusted Life Years),1,Global,3,Both,11,30-34 years,969,Non-rheumatic degenerative mitral valve disease,1,Number,2021,25867.4699209042,31356.2778349069,20742.2143402546,604480174.775885,623603836.164416,586195014.793618,7.32171,7.32,Global,32
1488,2,DALYs (Disability-Adjusted Life Years),1,Global,3,Both,12,35-39 years,969,Non-rheumatic degenerative mitral valve disease,1,Number,2021,29593.990586492,35824.2811584819,23770.2868983708,560866105.914554,578297964.608428,544251815.345755,6.82805,6.83,Global,37
1489,2,DALYs (Disability-Adjusted Life Years),1,Global,3,Both,13,40-44 years,969,Non-rheumatic degenerative mitral valve disease,1,Number,2021,35527.9452100365,42282.7378684676,29356.4194338839,500250795.605694,515432478.206861,485928430.82182,6.14735,6.15,Global,42
1490,2,DALYs (Disability-Adjusted Life Years),1,Global,3,Both,14,45-49 years,969,Non-rheumatic degenerative mitral valve disease,1,Number,2021,37714.263274261,45887.2303897106,31809.273441681,473504625.903218,487919674.240222,460213135.719539,5.51133,5.51,Global,47
1491,2,DALYs (Disability-Adjusted Life Years),1,Global,3,Both,15,50-54 years,969,Non-rheumatic degenerative mitral valve disease,1,Number,2021,44863.004331225,53085.5574100586,37354.8765264162,444922982.841121,458714304.258768,432300957.286386,4.91312,4.91,Global,52
1492,2,DALYs (Disability-Adjusted Life Years),1,Global,3,Both,16,55-59 years,969,Non-rheumatic degenerative mitral valve disease,1,Number,2021,60003.1935092489,70754.5933508331,50319.9081287063,395728004,407669300.348216,384764582.368839,4.34586,4.35,Global,57
1493,2,DALYs (Disability-Adjusted Life Years),1,Global,3,Both,17,60-64 years,969,Non-rheumatic degenerative mitral valve disease,1,Number,2021,71181.3728294139,82772.9566083165,62086.5726338171,320047853.312832,329387624.27068,311524379.587396,3.68223,3.68,Global,62
1494,2,DALYs (Disability-Adjusted Life Years),1,Global,3,Both,18,65-69 years,969,Non-rheumatic degenerative mitral valve disease,1,Number,2021,90964.3578598119,111071.118713797,78014.115530943,275842158.522357,284217678.194795,268116931.088218,2.98509,2.99,Global,67
1495,2,DALYs (Disability-Adjusted Life Years),1,Global,3,Both,19,70-74 years,969,Non-rheumatic degenerative mitral valve disease,1,Number,2021,110288.219473865,140688.397672239,90963.9450689014,205839220.385999,211972020.164289,200406728.542811,2.26526,2.27,Global,72
1496,2,DALYs (Disability-Adjusted Life Years),1,Global,3,Both,20,75-79 years,969,Non-rheumatic degenerative mitral valve disease,1,Number,2021,108272.739067687,138302.074972588,86781.1380338282,131884404.580217,135613447.4,128518633.372437,1.59758,1.6,Global,77
1497,2,DALYs (Disability-Adjusted Life Years),1,Global,3,Both,30,80-84 years,969,Non-rheumatic degenerative mitral valve disease,1,Number,2021,102143.989609548,130415.142032214,84020.1433810047,87583056.918491,89948887.7796038,85481848.25,1.09729,1.1,Global,82
1498,2,DALYs (Disability-Adjusted Life Years),1,Global,3,Both,31,85-89 years,969,Non-rheumatic degenerative mitral valve disease,1,Number,2021,81959.3267866804,101412.16082103,67488.3124683682,45721791.0517717,46852862.726504,44709230.7009568,0.604519,0.6,Global,87
1499,2,DALYs (Disability-Adjusted Life Years),1,Global,3,Both,32,90-94 years,969,Non-rheumatic degenerative mitral valve disease,1,Number,2021,52997.7801993985,62015.4680848388,42376.0582259819,17889373.591415,18289317.0157285,17518670.986049,0.246663,0.25,Global,92
1500,2,DALYs (Disability-Adjusted Life Years),1,Global,3,Both,235,95+ years,969,Non-rheumatic degenerative mitral valve disease,1,Number,2021,25927.6654815763,30411.4272231915,19890.2220285062,5450308.67493343,5569992.58267677,5337366.13587716,0.0785092,0.08,Global,97
1501,2,DALYs (Disability-Adjusted Life Years),1,Global,3,Both,10,25-29 years,970,Other non-rheumatic valve diseases,1,Number,2021,3330.94343695525,5222.47498794366,2125.89863745311,588343218.626762,607422118.669863,570487097.318648,7.59144,7.59,Global,27
1502,2,DALYs (Disability-Adjusted Life Years),1,Global,3,Both,11,30-34 years,970,Other non-rheumatic valve diseases,1,Number,2021,2122.81164651702,2924.39537767336,1451.70085654426,604480174.775885,623603836.164416,586195014.793618,7.32171,7.32,Global,32
1503,2,DALYs (Disability-Adjusted Life Years),1,Global,3,Both,12,35-39 years,970,Other non-rheumatic valve diseases,1,Number,2021,2787.94517879908,4049.19390976694,1745.67869997836,560866105.914554,578297964.608428,544251815.345755,6.82805,6.83,Global,37
1504,2,DALYs (Disability-Adjusted Life Years),1,Global,3,Both,13,40-44 years,970,Other non-rheumatic valve diseases,1,Number,2021,3269.62105594654,4589.85324500766,1899.32831525221,500250795.605694,515432478.206861,485928430.82182,6.14735,6.15,Global,42
1505,2,DALYs (Disability-Adjusted Life Years),1,Global,3,Both,14,45-49 years,970,Other non-rheumatic valve diseases,1,Number,2021,2705.60059935572,3818.23461391043,1624.49313496284,473504625.903218,487919674.240222,460213135.719539,5.51133,5.51,Global,47
1506,2,DALYs (Disability-Adjusted Life Years),1,Global,3,Both,15,50-54 years,970,Other non-rheumatic valve diseases,1,Number,2021,3534.83169939689,4925.30957400273,2189.184965,444922982.841121,458714304.258768,432300957.286386,4.91312,4.91,Global,52
1507,2,DALYs (Disability-Adjusted Life Years),1,Global,3,Both,16,55-59 years,970,Other non-rheumatic valve diseases,1,Number,2021,3705.13989841744,5101.95553166233,2467.84639740637,395728004,407669300.348216,384764582.368839,4.34586,4.35,Global,57
1508,2,DALYs (Disability-Adjusted Life Years),1,Global,3,Both,17,60-64 years,970,Other non-rheumatic valve diseases,1,Number,2021,4618.86354268225,6386.20045563515,2900.3933486447,320047853.312832,329387624.27068,311524379.587396,3.68223,3.68,Global,62
1509,2,DALYs (Disability-Adjusted Life Years),1,Global,3,Both,18,65-69 years,970,Other non-rheumatic valve diseases,1,Number,2021,4567.10197350492,6253.24781809538,3015.78938737689,275842158.522357,284217678.194795,268116931.088218,2.98509,2.99,Global,67
1510,2,DALYs (Disability-Adjusted Life Years),1,Global,3,Both,19,70-74 years,970,Other non-rheumatic valve diseases,1,Number,2021,4110.11148196023,5736.33398396259,2811.83709774127,205839220.385999,211972020.164289,200406728.542811,2.26526,2.27,Global,72
1511,2,DALYs (Disability-Adjusted Life Years),1,Global,3,Both,20,75-79 years,970,Other non-rheumatic valve diseases,1,Number,2021,3587.36085886026,4690.85894871188,2497.63784817434,131884404.580217,135613447.4,128518633.372437,1.59758,1.6,Global,77
1512,2,DALYs (Disability-Adjusted Life Years),1,Global,3,Both,30,80-84 years,970,Other non-rheumatic valve diseases,1,Number,2021,3433.38330201194,4544.49044605257,2564.14284244755,87583056.918491,89948887.7796038,85481848.25,1.09729,1.1,Global,82
1513,2,DALYs (Disability-Adjusted Life Years),1,Global,3,Both,31,85-89 years,970,Other non-rheumatic valve diseases,1,Number,2021,2457.90079571405,3046.17639333178,1870.65531580513,45721791.0517717,46852862.726504,44709230.7009568,0.604519,0.6,Global,87
1514,2,DALYs (Disability-Adjusted Life Years),1,Global,3,Both,32,90-94 years,970,Other non-rheumatic valve diseases,1,Number,2021,1311.64526581024,1627.9880147253,994.343927719821,17889373.591415,18289317.0157285,17518670.986049,0.246663,0.25,Global,92
1515,2,DALYs (Disability-Adjusted Life Years),1,Global,3,Both,235,95+ years,970,Other non-rheumatic valve diseases,1,Number,2021,446.548937505217,551.404556518786,320.861805325276,5450308.67493343,5569992.58267677,5337366.13587716,0.0785092,0.08,Global,97
1516,2,DALYs (Disability-Adjusted Life Years),1,Global,3,Both,10,25-29 years,977,Atopic dermatitis,1,Number,2021,240038.072498224,417064.057414012,122603.95966876,588343218.626762,607422118.669863,570487097.318648,7.59144,7.59,Global,27
1517,2,DALYs (Disability-Adjusted Life Years),1,Global,3,Both,11,30-34 years,977,Atopic dermatitis,1,Number,2021,212079.887825147,355286.763798331,108189.018234014,604480174.775885,623603836.164416,586195014.793618,7.32171,7.32,Global,32
1518,2,DALYs (Disability-Adjusted Life Years),1,Global,3,Both,12,35-39 years,977,Atopic dermatitis,1,Number,2021,177397.568227104,299251.020506584,89270.5927584547,560866105.914554,578297964.608428,544251815.345755,6.82805,6.83,Global,37
1519,2,DALYs (Disability-Adjusted Life Years),1,Global,3,Both,13,40-44 years,977,Atopic dermatitis,1,Number,2021,152843.208762358,261976.921686355,77894.0854719282,500250795.605694,515432478.206861,485928430.82182,6.14735,6.15,Global,42
1520,2,DALYs (Disability-Adjusted Life Years),1,Global,3,Both,14,45-49 years,977,Atopic dermatitis,1,Number,2021,145555.503829681,244802.345702337,73749.8498993474,473504625.903218,487919674.240222,460213135.719539,5.51133,5.51,Global,47
1521,2,DALYs (Disability-Adjusted Life Years),1,Global,3,Both,15,50-54 years,977,Atopic dermatitis,1,Number,2021,140673.415501103,244107.299111215,71455.1971651768,444922982.841121,458714304.258768,432300957.286386,4.91312,4.91,Global,52
1522,2,DALYs (Disability-Adjusted Life Years),1,Global,3,Both,16,55-59 years,977,Atopic dermatitis,1,Number,2021,131646.063893074,230622.157213279,69817.2978269431,395728004,407669300.348216,384764582.368839,4.34586,4.35,Global,57
1523,2,DALYs (Disability-Adjusted Life Years),1,Global,3,Both,17,60-64 years,977,Atopic dermatitis,1,Number,2021,114012.746364933,191041.29832392,62979.0429678232,320047853.312832,329387624.27068,311524379.587396,3.68223,3.68,Global,62
1524,2,DALYs (Disability-Adjusted Life Years),1,Global,3,Both,18,65-69 years,977,Atopic dermatitis,1,Number,2021,102572.631266729,171328.288950658,53764.195532067,275842158.522357,284217678.194795,268116931.088218,2.98509,2.99,Global,67
1525,2,DALYs (Disability-Adjusted Life Years),1,Global,3,Both,19,70-74 years,977,Atopic dermatitis,1,Number,2021,87213.6770078334,147731.222923946,46585.6372835947,205839220.385999,211972020.164289,200406728.542811,2.26526,2.27,Global,72
1526,2,DALYs (Disability-Adjusted Life Years),1,Global,3,Both,20,75-79 years,977,Atopic dermatitis,1,Number,2021,61366.106619561,102026.192065493,31731.9172904548,131884404.580217,135613447.4,128518633.372437,1.59758,1.6,Global,77
1527,2,DALYs (Disability-Adjusted Life Years),1,Global,3,Both,30,80-84 years,977,Atopic dermatitis,1,Number,2021,43959.3452755526,74767.470792039,23102.1072736966,87583056.918491,89948887.7796038,85481848.25,1.09729,1.1,Global,82
1528,2,DALYs (Disability-Adjusted Life Years),1,Global,3,Both,31,85-89 years,977,Atopic dermatitis,1,Number,2021,22999.7302663966,39429.5198407255,12253.7074451446,45721791.0517717,46852862.726504,44709230.7009568,0.604519,0.6,Global,87
1529,2,DALYs (Disability-Adjusted Life Years),1,Global,3,Both,32,90-94 years,977,Atopic dermatitis,1,Number,2021,8350.33460557695,13952.3506671486,4478.8550947135,17889373.591415,18289317.0157285,17518670.986049,0.246663,0.25,Global,92
1530,2,DALYs (Disability-Adjusted Life Years),1,Global,3,Both,235,95+ years,977,Atopic dermatitis,1,Number,2021,2239.19339015935,3703.85220385251,1177.25437688861,5450308.67493343,5569992.58267677,5337366.13587716,0.0785092,0.08,Global,97
1531,2,DALYs (Disability-Adjusted Life Years),6,China,3,Both,10,25-29 years,403,Acute hepatitis C,1,Number,2021,92.1112159420348,178.507981796091,51.4330768657248,86482070.9043593,93028056.7565448,80163484.4257888,7.59144,7.59,China,27
1532,2,DALYs (Disability-Adjusted Life Years),6,China,3,Both,11,30-34 years,403,Acute hepatitis C,1,Number,2021,184.824568032168,372.670820326979,103.727902006604,121153279.502113,130331410.125577,112290557.790045,7.32171,7.32,China,32
1533,2,DALYs (Disability-Adjusted Life Years),6,China,3,Both,12,35-39 years,403,Acute hepatitis C,1,Number,2021,206.811321759278,411.258788036922,114.307138727667,105963255.636324,113982367.104433,98223075.7727965,6.82805,6.83,China,37
1534,2,DALYs (Disability-Adjusted Life Years),6,China,3,Both,13,40-44 years,403,Acute hepatitis C,1,Number,2021,235.449419390129,462.026804319177,129.693479846172,91533684.6415661,98456327.3467282,84852935.3102887,6.14735,6.15,China,42
1535,2,DALYs (Disability-Adjusted Life Years),6,China,3,Both,14,45-49 years,403,Acute hepatitis C,1,Number,2021,285.502213963848,570.029458031355,147.619989668439,110321560.932227,118673842.978656,102258447.610609,5.51133,5.51,China,47
1536,2,DALYs (Disability-Adjusted Life Years),6,China,3,Both,15,50-54 years,403,Acute hepatitis C,1,Number,2021,323.461638698414,639.610592123546,185.31013263117,120859033.528416,130013871.642202,112019245.908077,4.91312,4.91,China,52
1537,2,DALYs (Disability-Adjusted Life Years),6,China,3,Both,16,55-59 years,403,Acute hepatitis C,1,Number,2021,318.703737299718,562.435442559654,189.185586601179,109942374.635099,118263065.390651,101910583.197243,4.34586,4.35,China,57
1538,2,DALYs (Disability-Adjusted Life Years),6,China,3,Both,17,60-64 years,403,Acute hepatitis C,1,Number,2021,244.654055477346,457.541795541696,145.591340909495,73005166.3091959,78517317.8009865,67688365.1170174,3.68223,3.68,China,62
1539,2,DALYs (Disability-Adjusted Life Years),6,China,3,Both,18,65-69 years,403,Acute hepatitis C,1,Number,2021,296.47647137671,544.267568434865,175.121658250848,76703511.9952277,82505405.7251053,71103984.5055564,2.98509,2.99,China,67
1540,2,DALYs (Disability-Adjusted Life Years),6,China,3,Both,19,70-74 years,403,Acute hepatitis C,1,Number,2021,237.378771627658,440.032585840505,140.454954424967,53296442.1834049,57326053.2537987,49407824.0138524,2.26526,2.27,China,72
1541,2,DALYs (Disability-Adjusted Life Years),6,China,3,Both,20,75-79 years,403,Acute hepatitis C,1,Number,2021,157.402569434465,266.147193331442,92.971900375474,33118936.9198278,35625315.5381169,30699520.6511587,1.59758,1.6,China,77
1542,2,DALYs (Disability-Adjusted Life Years),6,China,3,Both,30,80-84 years,403,Acute hepatitis C,1,Number,2021,99.3511365009708,163.700467624795,60.6072611842697,19791855.9591958,21286111.2343708,18350461.7238033,1.09729,1.1,China,82
1543,2,DALYs (Disability-Adjusted Life Years),6,China,3,Both,31,85-89 years,403,Acute hepatitis C,1,Number,2021,55.5084200037283,93.5058472689571,32.9816850683945,9525751.04389445,10241982.404179,8835708.05975537,0.604519,0.6,China,87
1544,2,DALYs (Disability-Adjusted Life Years),6,China,3,Both,32,90-94 years,403,Acute hepatitis C,1,Number,2021,16.4759550426593,27.8464816355138,9.36612638251127,2931987.49508033,3150521.32934664,2722002.79218523,0.246663,0.25,China,92
1545,2,DALYs (Disability-Adjusted Life Years),6,China,3,Both,235,95+ years,403,Acute hepatitis C,1,Number,2021,4.13248658255707,7.01940139884469,2.3512968824454,639098.451282971,685273.852270942,595713.904194708,0.0785092,0.08,China,97
1546,2,DALYs (Disability-Adjusted Life Years),6,China,3,Both,10,25-29 years,411,Esophageal cancer,1,Number,2021,9385.83482560567,11293.5097728755,7575.47388537452,86482070.9043593,93028056.7565448,80163484.4257888,7.59144,7.59,China,27
1547,2,DALYs (Disability-Adjusted Life Years),6,China,3,Both,11,30-34 years,411,Esophageal cancer,1,Number,2021,34222.2173735868,41638.962629497,27613.2067539546,121153279.502113,130331410.125577,112290557.790045,7.32171,7.32,China,32
1548,2,DALYs (Disability-Adjusted Life Years),6,China,3,Both,12,35-39 years,411,Esophageal cancer,1,Number,2021,68477.7161557073,86475.1509947346,53912.7865766532,105963255.636324,113982367.104433,98223075.7727965,6.82805,6.83,China,37
1549,2,DALYs (Disability-Adjusted Life Years),6,China,3,Both,13,40-44 years,411,Esophageal cancer,1,Number,2021,153019.539618908,193820.299312174,117891.682677166,91533684.6415661,98456327.3467282,84852935.3102887,6.14735,6.15,China,42
1550,2,DALYs (Disability-Adjusted Life Years),6,China,3,Both,14,45-49 years,411,Esophageal cancer,1,Number,2021,334615.501788362,437412.228971348,253191.962369601,110321560.932227,118673842.978656,102258447.610609,5.51133,5.51,China,47
1551,2,DALYs (Disability-Adjusted Life Years),6,China,3,Both,15,50-54 years,411,Esophageal cancer,1,Number,2021,727086.263992393,926278.673569172,553988.41743366,120859033.528416,130013871.642202,112019245.908077,4.91312,4.91,China,52
1552,2,DALYs (Disability-Adjusted Life Years),6,China,3,Both,16,55-59 years,411,Esophageal cancer,1,Number,2021,995647.81363802,1290418.63074403,759010.616465662,109942374.635099,118263065.390651,101910583.197243,4.34586,4.35,China,57
1553,2,DALYs (Disability-Adjusted Life Years),6,China,3,Both,17,60-64 years,411,Esophageal cancer,1,Number,2021,933625.939338357,1198609.15541762,731209.662921931,73005166.3091959,78517317.8009865,67688365.1170174,3.68223,3.68,China,62
1554,2,DALYs (Disability-Adjusted Life Years),6,China,3,Both,18,65-69 years,411,Esophageal cancer,1,Number,2021,1225345.09041652,1512056.40644756,951842.762182303,76703511.9952277,82505405.7251053,71103984.5055564,2.98509,2.99,China,67
1555,2,DALYs (Disability-Adjusted Life Years),6,China,3,Both,19,70-74 years,411,Esophageal cancer,1,Number,2021,1068588.06595269,1312455.28324502,853276.250388657,53296442.1834049,57326053.2537987,49407824.0138524,2.26526,2.27,China,72
1556,2,DALYs (Disability-Adjusted Life Years),6,China,3,Both,20,75-79 years,411,Esophageal cancer,1,Number,2021,692785.278563935,843051.242629725,551424.109069055,33118936.9198278,35625315.5381169,30699520.6511587,1.59758,1.6,China,77
1557,2,DALYs (Disability-Adjusted Life Years),6,China,3,Both,30,80-84 years,411,Esophageal cancer,1,Number,2021,389120.785392985,467114.521168051,315900.139767994,19791855.9591958,21286111.2343708,18350461.7238033,1.09729,1.1,China,82
1558,2,DALYs (Disability-Adjusted Life Years),6,China,3,Both,31,85-89 years,411,Esophageal cancer,1,Number,2021,198982.603956707,234253.75222352,162551.029479789,9525751.04389445,10241982.404179,8835708.05975537,0.604519,0.6,China,87
1559,2,DALYs (Disability-Adjusted Life Years),6,China,3,Both,32,90-94 years,411,Esophageal cancer,1,Number,2021,53466.2622366616,63253.8662442092,41483.59204,2931987.49508033,3150521.32934664,2722002.79218523,0.246663,0.25,China,92
1560,2,DALYs (Disability-Adjusted Life Years),6,China,3,Both,235,95+ years,411,Esophageal cancer,1,Number,2021,8236.95981159018,10411.8942914457,5514.52936526929,639098.451282971,685273.852270942,595713.904194708,0.0785092,0.08,China,97
1561,2,DALYs (Disability-Adjusted Life Years),6,China,3,Both,10,25-29 years,414,Stomach cancer,1,Number,2021,50314.5194184863,60972.1474140309,39529.224909189,86482070.9043593,93028056.7565448,80163484.4257888,7.59144,7.59,China,27
1562,2,DALYs (Disability-Adjusted Life Years),6,China,3,Both,11,30-34 years,414,Stomach cancer,1,Number,2021,161023.98592631,198376.84691279,124488.206996194,121153279.502113,130331410.125577,112290557.790045,7.32171,7.32,China,32
1563,2,DALYs (Disability-Adjusted Life Years),6,China,3,Both,12,35-39 years,414,Stomach cancer,1,Number,2021,248925.868605099,310961.92520119,194372.939435248,105963255.636324,113982367.104433,98223075.7727965,6.82805,6.83,China,37
1564,2,DALYs (Disability-Adjusted Life Years),6,China,3,Both,13,40-44 years,414,Stomach cancer,1,Number,2021,375083.809611066,483849.019677601,293964.859296238,91533684.6415661,98456327.3467282,84852935.3102887,6.14735,6.15,China,42
1565,2,DALYs (Disability-Adjusted Life Years),6,China,3,Both,14,45-49 years,414,Stomach cancer,1,Number,2021,617139.288505418,810812.177943944,472805.610977731,110321560.932227,118673842.978656,102258447.610609,5.51133,5.51,China,47
1566,2,DALYs (Disability-Adjusted Life Years),6,China,3,Both,15,50-54 years,414,Stomach cancer,1,Number,2021,1108177.3978682,1467908.02892927,839018.379573332,120859033.528416,130013871.642202,112019245.908077,4.91312,4.91,China,52
1567,2,DALYs (Disability-Adjusted Life Years),6,China,3,Both,16,55-59 years,414,Stomach cancer,1,Number,2021,1426227.40952537,1879528.19921782,1095955.56497334,109942374.635099,118263065.390651,101910583.197243,4.34586,4.35,China,57
1568,2,DALYs (Disability-Adjusted Life Years),6,China,3,Both,17,60-64 years,414,Stomach cancer,1,Number,2021,1310132.17208261,1681850.10417879,1008607.75936005,73005166.3091959,78517317.8009865,67688365.1170174,3.68223,3.68,China,62
1569,2,DALYs (Disability-Adjusted Life Years),6,China,3,Both,18,65-69 years,414,Stomach cancer,1,Number,2021,1731067.93794684,2181334.87770275,1319131.82473246,76703511.9952277,82505405.7251053,71103984.5055564,2.98509,2.99,China,67
1570,2,DALYs (Disability-Adjusted Life Years),6,China,3,Both,19,70-74 years,414,Stomach cancer,1,Number,2021,1557053.75150155,1968689.93065166,1193823.98996445,53296442.1834049,57326053.2537987,49407824.0138524,2.26526,2.27,China,72
1571,2,DALYs (Disability-Adjusted Life Years),6,China,3,Both,20,75-79 years,414,Stomach cancer,1,Number,2021,1031082.43259027,1273832.06733023,803136.004972387,33118936.9198278,35625315.5381169,30699520.6511587,1.59758,1.6,China,77
1572,2,DALYs (Disability-Adjusted Life Years),6,China,3,Both,30,80-84 years,414,Stomach cancer,1,Number,2021,601036.865716897,723571.371345937,458253.555760761,19791855.9591958,21286111.2343708,18350461.7238033,1.09729,1.1,China,82
1573,2,DALYs (Disability-Adjusted Life Years),6,China,3,Both,31,85-89 years,414,Stomach cancer,1,Number,2021,294432.939084081,349657.708755275,215341.510090789,9525751.04389445,10241982.404179,8835708.05975537,0.604519,0.6,China,87
1574,2,DALYs (Disability-Adjusted Life Years),6,China,3,Both,32,90-94 years,414,Stomach cancer,1,Number,2021,86570.797798256,103671.952474234,66717.9548512933,2931987.49508033,3150521.32934664,2722002.79218523,0.246663,0.25,China,92
1575,2,DALYs (Disability-Adjusted Life Years),6,China,3,Both,235,95+ years,414,Stomach cancer,1,Number,2021,16261.2078420607,19934.2630221644,11618.2679028721,639098.451282971,685273.852270942,595713.904194708,0.0785092,0.08,China,97
1576,2,DALYs (Disability-Adjusted Life Years),6,China,3,Both,10,25-29 years,419,Liver cancer due to hepatitis C,1,Number,2021,923.519418939664,1360.19157879276,585.026699548519,86482070.9043593,93028056.7565448,80163484.4257888,7.59144,7.59,China,27
1577,2,DALYs (Disability-Adjusted Life Years),6,China,3,Both,11,30-34 years,419,Liver cancer due to hepatitis C,1,Number,2021,4047.15233279062,5428.07075411882,2837.58106392092,121153279.502113,130331410.125577,112290557.790045,7.32171,7.32,China,32
1578,2,DALYs (Disability-Adjusted Life Years),6,China,3,Both,12,35-39 years,419,Liver cancer due to hepatitis C,1,Number,2021,9017.77948527553,13415.8987556815,5989.54768442576,105963255.636324,113982367.104433,98223075.7727965,6.82805,6.83,China,37
1579,2,DALYs (Disability-Adjusted Life Years),6,China,3,Both,13,40-44 years,419,Liver cancer due to hepatitis C,1,Number,2021,17236.8753578317,24532.8119513839,12186.1187519877,91533684.6415661,98456327.3467282,84852935.3102887,6.14735,6.15,China,42
1580,2,DALYs (Disability-Adjusted Life Years),6,China,3,Both,14,45-49 years,419,Liver cancer due to hepatitis C,1,Number,2021,37391.176232372,53128.8860878966,24988.225781983,110321560.932227,118673842.978656,102258447.610609,5.51133,5.51,China,47
1581,2,DALYs (Disability-Adjusted Life Years),6,China,3,Both,15,50-54 years,419,Liver cancer due to hepatitis C,1,Number,2021,66183.3753780987,91033.3547803076,45397.9573275876,120859033.528416,130013871.642202,112019245.908077,4.91312,4.91,China,52
1582,2,DALYs (Disability-Adjusted Life Years),6,China,3,Both,16,55-59 years,419,Liver cancer due to hepatitis C,1,Number,2021,86489.8414794024,123371.023967452,59863.113499583,109942374.635099,118263065.390651,101910583.197243,4.34586,4.35,China,57
1583,2,DALYs (Disability-Adjusted Life Years),6,China,3,Both,17,60-64 years,419,Liver cancer due to hepatitis C,1,Number,2021,92111.8340553394,127561.129197922,63938.3091375481,73005166.3091959,78517317.8009865,67688365.1170174,3.68223,3.68,China,62
1584,2,DALYs (Disability-Adjusted Life Years),6,China,3,Both,18,65-69 years,419,Liver cancer due to hepatitis C,1,Number,2021,134537.264801994,173644.973527205,96860.0361137915,76703511.9952277,82505405.7251053,71103984.5055564,2.98509,2.99,China,67
1585,2,DALYs (Disability-Adjusted Life Years),6,China,3,Both,19,70-74 years,419,Liver cancer due to hepatitis C,1,Number,2021,111411.246187685,139305.342664718,81673.2426596303,53296442.1834049,57326053.2537987,49407824.0138524,2.26526,2.27,China,72
1586,2,DALYs (Disability-Adjusted Life Years),6,China,3,Both,20,75-79 years,419,Liver cancer due to hepatitis C,1,Number,2021,79466.1704225638,99777.5940258794,59913.0734307767,33118936.9198278,35625315.5381169,30699520.6511587,1.59758,1.6,China,77
1587,2,DALYs (Disability-Adjusted Life Years),6,China,3,Both,30,80-84 years,419,Liver cancer due to hepatitis C,1,Number,2021,63186.2584663038,79893.9380664968,47897.027021036,19791855.9591958,21286111.2343708,18350461.7238033,1.09729,1.1,China,82
1588,2,DALYs (Disability-Adjusted Life Years),6,China,3,Both,31,85-89 years,419,Liver cancer due to hepatitis C,1,Number,2021,34688.6998149157,44150.0948943983,27058.982747258,9525751.04389445,10241982.404179,8835708.05975537,0.604519,0.6,China,87
1589,2,DALYs (Disability-Adjusted Life Years),6,China,3,Both,32,90-94 years,419,Liver cancer due to hepatitis C,1,Number,2021,12037.6590207035,15621.7415326109,9105.23725537015,2931987.49508033,3150521.32934664,2722002.79218523,0.246663,0.25,China,92
1590,2,DALYs (Disability-Adjusted Life Years),6,China,3,Both,235,95+ years,419,Liver cancer due to hepatitis C,1,Number,2021,1939.06236183202,2583.53017468495,1383.48440369372,639098.451282971,685273.852270942,595713.904194708,0.0785092,0.08,China,97
1591,2,DALYs (Disability-Adjusted Life Years),6,China,3,Both,10,25-29 years,420,Liver cancer due to alcohol use,1,Number,2021,1237.50110903836,1965.14582364243,732.124956212127,86482070.9043593,93028056.7565448,80163484.4257888,7.59144,7.59,China,27
1592,2,DALYs (Disability-Adjusted Life Years),6,China,3,Both,11,30-34 years,420,Liver cancer due to alcohol use,1,Number,2021,5333.27602501234,7906.36738012995,3577.17430017085,121153279.502113,130331410.125577,112290557.790045,7.32171,7.32,China,32
1593,2,DALYs (Disability-Adjusted Life Years),6,China,3,Both,12,35-39 years,420,Liver cancer due to alcohol use,1,Number,2021,11337.0767752392,16860.7217316329,6752.78561303363,105963255.636324,113982367.104433,98223075.7727965,6.82805,6.83,China,37
1594,2,DALYs (Disability-Adjusted Life Years),6,China,3,Both,13,40-44 years,420,Liver cancer due to alcohol use,1,Number,2021,19735.8481177091,28445.1524514514,12255.4891048773,91533684.6415661,98456327.3467282,84852935.3102887,6.14735,6.15,China,42
1595,2,DALYs (Disability-Adjusted Life Years),6,China,3,Both,14,45-49 years,420,Liver cancer due to alcohol use,1,Number,2021,38368.0138765418,59869.5907403662,22945.3192211776,110321560.932227,118673842.978656,102258447.610609,5.51133,5.51,China,47
1596,2,DALYs (Disability-Adjusted Life Years),6,China,3,Both,15,50-54 years,420,Liver cancer due to alcohol use,1,Number,2021,59179.4523077312,90622.0305552955,36251.089452732,120859033.528416,130013871.642202,112019245.908077,4.91312,4.91,China,52
1597,2,DALYs (Disability-Adjusted Life Years),6,China,3,Both,16,55-59 years,420,Liver cancer due to alcohol use,1,Number,2021,67289.1566280761,108111.151874014,38286.2162892442,109942374.635099,118263065.390651,101910583.197243,4.34586,4.35,China,57
1598,2,DALYs (Disability-Adjusted Life Years),6,China,3,Both,17,60-64 years,420,Liver cancer due to alcohol use,1,Number,2021,65877.5006210983,100371.75219814,39452.2215078315,73005166.3091959,78517317.8009865,67688365.1170174,3.68223,3.68,China,62
1599,2,DALYs (Disability-Adjusted Life Years),6,China,3,Both,18,65-69 years,420,Liver cancer due to alcohol use,1,Number,2021,90654.4445001957,128156.037847524,62375.3607108372,76703511.9952277,82505405.7251053,71103984.5055564,2.98509,2.99,China,67
1600,2,DALYs (Disability-Adjusted Life Years),6,China,3,Both,19,70-74 years,420,Liver cancer due to alcohol use,1,Number,2021,61911.9018991379,90470.6864570255,43341.6676450561,53296442.1834049,57326053.2537987,49407824.0138524,2.26526,2.27,China,72
1601,2,DALYs (Disability-Adjusted Life Years),6,China,3,Both,20,75-79 years,420,Liver cancer due to alcohol use,1,Number,2021,31320.6730126944,42800.070043431,22782.8693203418,33118936.9198278,35625315.5381169,30699520.6511587,1.59758,1.6,China,77
1602,2,DALYs (Disability-Adjusted Life Years),6,China,3,Both,30,80-84 years,420,Liver cancer due to alcohol use,1,Number,2021,16931.8254999969,22762.7593037111,11932.0923885318,19791855.9591958,21286111.2343708,18350461.7238033,1.09729,1.1,China,82
1603,2,DALYs (Disability-Adjusted Life Years),6,China,3,Both,31,85-89 years,420,Liver cancer due to alcohol use,1,Number,2021,6556.34164369026,8674.66805017648,4875.44192183046,9525751.04389445,10241982.404179,8835708.05975537,0.604519,0.6,China,87
1604,2,DALYs (Disability-Adjusted Life Years),6,China,3,Both,32,90-94 years,420,Liver cancer due to alcohol use,1,Number,2021,1632.12139882683,2252.40631643877,1152.71299127399,2931987.49508033,3150521.32934664,2722002.79218523,0.246663,0.25,China,92
1605,2,DALYs (Disability-Adjusted Life Years),6,China,3,Both,235,95+ years,420,Liver cancer due to alcohol use,1,Number,2021,175.795083315705,277.552900579458,103.299437032107,639098.451282971,685273.852270942,595713.904194708,0.0785092,0.08,China,97
1606,2,DALYs (Disability-Adjusted Life Years),6,China,3,Both,10,25-29 years,421,Liver cancer due to other causes,1,Number,2021,3922.69559415046,5479.90596527804,2688.71208963375,86482070.9043593,93028056.7565448,80163484.4257888,7.59144,7.59,China,27
1607,2,DALYs (Disability-Adjusted Life Years),6,China,3,Both,11,30-34 years,421,Liver cancer due to other causes,1,Number,2021,9289.49520589197,12823.7834118475,6368.98997134267,121153279.502113,130331410.125577,112290557.790045,7.32171,7.32,China,32
1608,2,DALYs (Disability-Adjusted Life Years),6,China,3,Both,12,35-39 years,421,Liver cancer due to other causes,1,Number,2021,12382.4724066447,17310.9283227138,8269.33687655241,105963255.636324,113982367.104433,98223075.7727965,6.82805,6.83,China,37
1609,2,DALYs (Disability-Adjusted Life Years),6,China,3,Both,13,40-44 years,421,Liver cancer due to other causes,1,Number,2021,16360.5815274839,23033.9148239339,10961.8649348915,91533684.6415661,98456327.3467282,84852935.3102887,6.14735,6.15,China,42
1610,2,DALYs (Disability-Adjusted Life Years),6,China,3,Both,14,45-49 years,421,Liver cancer due to other causes,1,Number,2021,26745.2221652235,38838.5490215482,17833.0552586086,110321560.932227,118673842.978656,102258447.610609,5.51133,5.51,China,47
1611,2,DALYs (Disability-Adjusted Life Years),6,China,3,Both,15,50-54 years,421,Liver cancer due to other causes,1,Number,2021,34763.2093377971,51296.0850040854,23598.8079133408,120859033.528416,130013871.642202,112019245.908077,4.91312,4.91,China,52
1612,2,DALYs (Disability-Adjusted Life Years),6,China,3,Both,16,55-59 years,421,Liver cancer due to other causes,1,Number,2021,33338.799625142,48617.0885981879,22821.8888197527,109942374.635099,118263065.390651,101910583.197243,4.34586,4.35,China,57
1613,2,DALYs (Disability-Adjusted Life Years),6,China,3,Both,17,60-64 years,421,Liver cancer due to other causes,1,Number,2021,26349.7154640509,37660.7877793482,17818.5181596209,73005166.3091959,78517317.8009865,67688365.1170174,3.68223,3.68,China,62
1614,2,DALYs (Disability-Adjusted Life Years),6,China,3,Both,18,65-69 years,421,Liver cancer due to other causes,1,Number,2021,28870.0305415654,40007.6463154362,19910.6654296539,76703511.9952277,82505405.7251053,71103984.5055564,2.98509,2.99,China,67
1615,2,DALYs (Disability-Adjusted Life Years),6,China,3,Both,19,70-74 years,421,Liver cancer due to other causes,1,Number,2021,18728.247892148,26211.7137844663,13064.8933451958,53296442.1834049,57326053.2537987,49407824.0138524,2.26526,2.27,China,72
1616,2,DALYs (Disability-Adjusted Life Years),6,China,3,Both,20,75-79 years,421,Liver cancer due to other causes,1,Number,2021,10860.3549238619,14604.2707087527,8003.31559518627,33118936.9198278,35625315.5381169,30699520.6511587,1.59758,1.6,China,77
1617,2,DALYs (Disability-Adjusted Life Years),6,China,3,Both,30,80-84 years,421,Liver cancer due to other causes,1,Number,2021,6920.7624260446,9512.44076424612,4841.61588254811,19791855.9591958,21286111.2343708,18350461.7238033,1.09729,1.1,China,82
1618,2,DALYs (Disability-Adjusted Life Years),6,China,3,Both,31,85-89 years,421,Liver cancer due to other causes,1,Number,2021,3120.87921266366,4139.03982319135,2200.6523506863,9525751.04389445,10241982.404179,8835708.05975537,0.604519,0.6,China,87
1619,2,DALYs (Disability-Adjusted Life Years),6,China,3,Both,32,90-94 years,421,Liver cancer due to other causes,1,Number,2021,939.911284830922,1357.84678345563,611.830537999995,2931987.49508033,3150521.32934664,2722002.79218523,0.246663,0.25,China,92
1620,2,DALYs (Disability-Adjusted Life Years),6,China,3,Both,235,95+ years,421,Liver cancer due to other causes,1,Number,2021,131.987098942311,202.536126125221,78.1786149504858,639098.451282971,685273.852270942,595713.904194708,0.0785092,0.08,China,97
1621,2,DALYs (Disability-Adjusted Life Years),6,China,3,Both,10,25-29 years,423,Larynx cancer,1,Number,2021,1561.69652882974,1893.65062326001,1267.07288635536,86482070.9043593,93028056.7565448,80163484.4257888,7.59144,7.59,China,27
1622,2,DALYs (Disability-Adjusted Life Years),6,China,3,Both,11,30-34 years,423,Larynx cancer,1,Number,2021,3278.11919770833,3984.58680572678,2653.8529210768,121153279.502113,130331410.125577,112290557.790045,7.32171,7.32,China,32
1623,2,DALYs (Disability-Adjusted Life Years),6,China,3,Both,12,35-39 years,423,Larynx cancer,1,Number,2021,6372.36101209216,7751.85374109421,5001.45149574723,105963255.636324,113982367.104433,98223075.7727965,6.82805,6.83,China,37
1624,2,DALYs (Disability-Adjusted Life Years),6,China,3,Both,13,40-44 years,423,Larynx cancer,1,Number,2021,12022.0245093343,15346.4322562717,9276.9712244151,91533684.6415661,98456327.3467282,84852935.3102887,6.14735,6.15,China,42
1625,2,DALYs (Disability-Adjusted Life Years),6,China,3,Both,14,45-49 years,423,Larynx cancer,1,Number,2021,27244.0266493279,35768.1117727823,20121.6878584986,110321560.932227,118673842.978656,102258447.610609,5.51133,5.51,China,47
1626,2,DALYs (Disability-Adjusted Life Years),6,China,3,Both,15,50-54 years,423,Larynx cancer,1,Number,2021,55893.2761676404,73732.1522862722,41061.9346158837,120859033.528416,130013871.642202,112019245.908077,4.91312,4.91,China,52
1627,2,DALYs (Disability-Adjusted Life Years),6,China,3,Both,16,55-59 years,423,Larynx cancer,1,Number,2021,74045.6406712859,95534.8985895978,55452.7555356801,109942374.635099,118263065.390651,101910583.197243,4.34586,4.35,China,57
1628,2,DALYs (Disability-Adjusted Life Years),6,China,3,Both,17,60-64 years,423,Larynx cancer,1,Number,2021,69917.8643394519,91583.1042815265,52094.440454604,73005166.3091959,78517317.8009865,67688365.1170174,3.68223,3.68,China,62
1629,2,DALYs (Disability-Adjusted Life Years),6,China,3,Both,18,65-69 years,423,Larynx cancer,1,Number,2021,86713.8653911787,112955.209398306,65409.7460378081,76703511.9952277,82505405.7251053,71103984.5055564,2.98509,2.99,China,67
1630,2,DALYs (Disability-Adjusted Life Years),6,China,3,Both,19,70-74 years,423,Larynx cancer,1,Number,2021,71635.9097588618,90944.8295652274,56018.5748015497,53296442.1834049,57326053.2537987,49407824.0138524,2.26526,2.27,China,72
1631,2,DALYs (Disability-Adjusted Life Years),6,China,3,Both,20,75-79 years,423,Larynx cancer,1,Number,2021,43434.8229757311,53708.9843964086,34818.0138235893,33118936.9198278,35625315.5381169,30699520.6511587,1.59758,1.6,China,77
1632,2,DALYs (Disability-Adjusted Life Years),6,China,3,Both,30,80-84 years,423,Larynx cancer,1,Number,2021,25164.953541268,30169.5862934143,20532.641741913,19791855.9591958,21286111.2343708,18350461.7238033,1.09729,1.1,China,82
1633,2,DALYs (Disability-Adjusted Life Years),6,China,3,Both,31,85-89 years,423,Larynx cancer,1,Number,2021,12258.1131551903,14470.5839766308,9945.77586312417,9525751.04389445,10241982.404179,8835708.05975537,0.604519,0.6,China,87
1634,2,DALYs (Disability-Adjusted Life Years),6,China,3,Both,32,90-94 years,423,Larynx cancer,1,Number,2021,2992.85118373645,3571.93721877928,2342.19862080083,2931987.49508033,3150521.32934664,2722002.79218523,0.246663,0.25,China,92
1635,2,DALYs (Disability-Adjusted Life Years),6,China,3,Both,235,95+ years,423,Larynx cancer,1,Number,2021,411.458895342124,531.149463091147,290.650614233852,639098.451282971,685273.852270942,595713.904194708,0.0785092,0.08,China,97
1636,2,DALYs (Disability-Adjusted Life Years),6,China,3,Both,10,25-29 years,426,"Tracheal, bronchus, and lung cancer",1,Number,2021,54258.4531942801,66151.5532133752,43491.1955463181,86482070.9043593,93028056.7565448,80163484.4257888,7.59144,7.59,China,27
1637,2,DALYs (Disability-Adjusted Life Years),6,China,3,Both,11,30-34 years,426,"Tracheal, bronchus, and lung cancer",1,Number,2021,168211.071168262,203283.167852325,133739.749981665,121153279.502113,130331410.125577,112290557.790045,7.32171,7.32,China,32
1638,2,DALYs (Disability-Adjusted Life Years),6,China,3,Both,12,35-39 years,426,"Tracheal, bronchus, and lung cancer",1,Number,2021,281315.320479223,347591.606557882,222961.450195217,105963255.636324,113982367.104433,98223075.7727965,6.82805,6.83,China,37
1639,2,DALYs (Disability-Adjusted Life Years),6,China,3,Both,13,40-44 years,426,"Tracheal, bronchus, and lung cancer",1,Number,2021,482771.169193995,598962.230041405,376817.468347245,91533684.6415661,98456327.3467282,84852935.3102887,6.14735,6.15,China,42
1640,2,DALYs (Disability-Adjusted Life Years),6,China,3,Both,14,45-49 years,426,"Tracheal, bronchus, and lung cancer",1,Number,2021,914838.278337341,1137356.61060837,704874.897092748,110321560.932227,118673842.978656,102258447.610609,5.51133,5.51,China,47
1641,2,DALYs (Disability-Adjusted Life Years),6,China,3,Both,15,50-54 years,426,"Tracheal, bronchus, and lung cancer",1,Number,2021,1837755.51057438,2302028.06603056,1439243.688,120859033.528416,130013871.642202,112019245.908077,4.91312,4.91,China,52
1642,2,DALYs (Disability-Adjusted Life Years),6,China,3,Both,16,55-59 years,426,"Tracheal, bronchus, and lung cancer",1,Number,2021,2518385.43180268,3183121.54141692,1908241.46525706,109942374.635099,118263065.390651,101910583.197243,4.34586,4.35,China,57
1643,2,DALYs (Disability-Adjusted Life Years),6,China,3,Both,17,60-64 years,426,"Tracheal, bronchus, and lung cancer",1,Number,2021,2483627.55630872,3081517.70060462,1969095.87578434,73005166.3091959,78517317.8009865,67688365.1170174,3.68223,3.68,China,62
1644,2,DALYs (Disability-Adjusted Life Years),6,China,3,Both,18,65-69 years,426,"Tracheal, bronchus, and lung cancer",1,Number,2021,3388113.93127041,4147382.00257959,2695936.72556597,76703511.9952277,82505405.7251053,71103984.5055564,2.98509,2.99,China,67
1645,2,DALYs (Disability-Adjusted Life Years),6,China,3,Both,19,70-74 years,426,"Tracheal, bronchus, and lung cancer",1,Number,2021,2999641.38416294,3664160.01845184,2386014.73451983,53296442.1834049,57326053.2537987,49407824.0138524,2.26526,2.27,China,72
1646,2,DALYs (Disability-Adjusted Life Years),6,China,3,Both,20,75-79 years,426,"Tracheal, bronchus, and lung cancer",1,Number,2021,1960769.69568483,2371653.52198711,1584738.34815106,33118936.9198278,35625315.5381169,30699520.6511587,1.59758,1.6,China,77
1647,2,DALYs (Disability-Adjusted Life Years),6,China,3,Both,30,80-84 years,426,"Tracheal, bronchus, and lung cancer",1,Number,2021,1090998.38806349,1306700.32598492,894973.187302529,19791855.9591958,21286111.2343708,18350461.7238033,1.09729,1.1,China,82
1648,2,DALYs (Disability-Adjusted Life Years),6,China,3,Both,31,85-89 years,426,"Tracheal, bronchus, and lung cancer",1,Number,2021,532230.488560198,623104.622902286,438442.161593039,9525751.04389445,10241982.404179,8835708.05975537,0.604519,0.6,China,87
1649,2,DALYs (Disability-Adjusted Life Years),6,China,3,Both,32,90-94 years,426,"Tracheal, bronchus, and lung cancer",1,Number,2021,143362.126629119,169996.891861131,114406.492661601,2931987.49508033,3150521.32934664,2722002.79218523,0.246663,0.25,China,92
1650,2,DALYs (Disability-Adjusted Life Years),6,China,3,Both,235,95+ years,426,"Tracheal, bronchus, and lung cancer",1,Number,2021,25284.8893606421,30469.6843505657,18995.8666713306,639098.451282971,685273.852270942,595713.904194708,0.0785092,0.08,China,97
1651,2,DALYs (Disability-Adjusted Life Years),6,China,3,Both,10,25-29 years,543,Alzheimer's disease and other dementias,1,Number,2021,0,0,0,86482070.9043593,93028056.7565448,80163484.4257888,7.59144,7.59,China,27
1652,2,DALYs (Disability-Adjusted Life Years),6,China,3,Both,11,30-34 years,543,Alzheimer's disease and other dementias,1,Number,2021,0,0,0,121153279.502113,130331410.125577,112290557.790045,7.32171,7.32,China,32
1653,2,DALYs (Disability-Adjusted Life Years),6,China,3,Both,12,35-39 years,543,Alzheimer's disease and other dementias,1,Number,2021,0,0,0,105963255.636324,113982367.104433,98223075.7727965,6.82805,6.83,China,37
1654,2,DALYs (Disability-Adjusted Life Years),6,China,3,Both,13,40-44 years,543,Alzheimer's disease and other dementias,1,Number,2021,4990.44376377591,10355.0423002777,2069.04851952827,91533684.6415661,98456327.3467282,84852935.3102887,6.14735,6.15,China,42
1655,2,DALYs (Disability-Adjusted Life Years),6,China,3,Both,14,45-49 years,543,Alzheimer's disease and other dementias,1,Number,2021,44634.646083835,93341.76582,22570.4067150298,110321560.932227,118673842.978656,102258447.610609,5.51133,5.51,China,47
1656,2,DALYs (Disability-Adjusted Life Years),6,China,3,Both,15,50-54 years,543,Alzheimer's disease and other dementias,1,Number,2021,162163.331936627,371516.593458092,72230.7464303865,120859033.528416,130013871.642202,112019245.908077,4.91312,4.91,China,52
1657,2,DALYs (Disability-Adjusted Life Years),6,China,3,Both,16,55-59 years,543,Alzheimer's disease and other dementias,1,Number,2021,377503.834672511,899450.010728603,170652.015552646,109942374.635099,118263065.390651,101910583.197243,4.34586,4.35,China,57
1658,2,DALYs (Disability-Adjusted Life Years),6,China,3,Both,17,60-64 years,543,Alzheimer's disease and other dementias,1,Number,2021,534533.535195802,1238622.11984789,239589.073306539,73005166.3091959,78517317.8009865,67688365.1170174,3.68223,3.68,China,62
1659,2,DALYs (Disability-Adjusted Life Years),6,China,3,Both,18,65-69 years,543,Alzheimer's disease and other dementias,1,Number,2021,1033932.39665128,2353029.53707719,484837.645822683,76703511.9952277,82505405.7251053,71103984.5055564,2.98509,2.99,China,67
1660,2,DALYs (Disability-Adjusted Life Years),6,China,3,Both,19,70-74 years,543,Alzheimer's disease and other dementias,1,Number,2021,1294058.85733627,2769215.69206964,655354.769758026,53296442.1834049,57326053.2537987,49407824.0138524,2.26526,2.27,China,72
1661,2,DALYs (Disability-Adjusted Life Years),6,China,3,Both,20,75-79 years,543,Alzheimer's disease and other dementias,1,Number,2021,1530697.16870174,3333341.43997839,757165.67638769,33118936.9198278,35625315.5381169,30699520.6511587,1.59758,1.6,China,77
1662,2,DALYs (Disability-Adjusted Life Years),6,China,3,Both,30,80-84 years,543,Alzheimer's disease and other dementias,1,Number,2021,2125107.90686293,4558620.97605896,982062.656949355,19791855.9591958,21286111.2343708,18350461.7238033,1.09729,1.1,China,82
1663,2,DALYs (Disability-Adjusted Life Years),6,China,3,Both,31,85-89 years,543,Alzheimer's disease and other dementias,1,Number,2021,1776922.8355597,3873899.58332455,797824.810034464,9525751.04389445,10241982.404179,8835708.05975537,0.604519,0.6,China,87
1664,2,DALYs (Disability-Adjusted Life Years),6,China,3,Both,32,90-94 years,543,Alzheimer's disease and other dementias,1,Number,2021,884551.236021953,1927903.73265421,382093.515510383,2931987.49508033,3150521.32934664,2722002.79218523,0.246663,0.25,China,92
1665,2,DALYs (Disability-Adjusted Life Years),6,China,3,Both,235,95+ years,543,Alzheimer's disease and other dementias,1,Number,2021,303381.307246242,692562.161817492,122968.777040145,639098.451282971,685273.852270942,595713.904194708,0.0785092,0.08,China,97
1666,2,DALYs (Disability-Adjusted Life Years),6,China,3,Both,10,25-29 years,544,Parkinson's disease,1,Number,2021,374.259662431963,598.43681412626,203.679281437668,86482070.9043593,93028056.7565448,80163484.4257888,7.59144,7.59,China,27
1667,2,DALYs (Disability-Adjusted Life Years),6,China,3,Both,11,30-34 years,544,Parkinson's disease,1,Number,2021,1559.26192986364,2319.37670033721,994.209730691791,121153279.502113,130331410.125577,112290557.790045,7.32171,7.32,China,32
1668,2,DALYs (Disability-Adjusted Life Years),6,China,3,Both,12,35-39 years,544,Parkinson's disease,1,Number,2021,2688.66256547465,4147.33787444238,1716.16670431758,105963255.636324,113982367.104433,98223075.7727965,6.82805,6.83,China,37
1669,2,DALYs (Disability-Adjusted Life Years),6,China,3,Both,13,40-44 years,544,Parkinson's disease,1,Number,2021,12728.5494391463,16238.2469857084,10335.6265803813,91533684.6415661,98456327.3467282,84852935.3102887,6.14735,6.15,China,42
1670,2,DALYs (Disability-Adjusted Life Years),6,China,3,Both,14,45-49 years,544,Parkinson's disease,1,Number,2021,33601.4316869182,43913.6351368127,25842.7187693085,110321560.932227,118673842.978656,102258447.610609,5.51133,5.51,China,47
1671,2,DALYs (Disability-Adjusted Life Years),6,China,3,Both,15,50-54 years,544,Parkinson's disease,1,Number,2021,80482.073311663,105771.408330482,61087.308957937,120859033.528416,130013871.642202,112019245.908077,4.91312,4.91,China,52
1672,2,DALYs (Disability-Adjusted Life Years),6,China,3,Both,16,55-59 years,544,Parkinson's disease,1,Number,2021,125051.776776637,158549.835886529,94990.8445042072,109942374.635099,118263065.390651,101910583.197243,4.34586,4.35,China,57
1673,2,DALYs (Disability-Adjusted Life Years),6,China,3,Both,17,60-64 years,544,Parkinson's disease,1,Number,2021,145761.929001197,180503.989681534,113929.52698267,73005166.3091959,78517317.8009865,67688365.1170174,3.68223,3.68,China,62
1674,2,DALYs (Disability-Adjusted Life Years),6,China,3,Both,18,65-69 years,544,Parkinson's disease,1,Number,2021,276363.180431996,330790.343369464,224584.530242901,76703511.9952277,82505405.7251053,71103984.5055564,2.98509,2.99,China,67
1675,2,DALYs (Disability-Adjusted Life Years),6,China,3,Both,19,70-74 years,544,Parkinson's disease,1,Number,2021,390652.389046575,464390.154879985,324698.218241713,53296442.1834049,57326053.2537987,49407824.0138524,2.26526,2.27,China,72
1676,2,DALYs (Disability-Adjusted Life Years),6,China,3,Both,20,75-79 years,544,Parkinson's disease,1,Number,2021,415657.568125232,488467.879519473,353025.301082019,33118936.9198278,35625315.5381169,30699520.6511587,1.59758,1.6,China,77
1677,2,DALYs (Disability-Adjusted Life Years),6,China,3,Both,30,80-84 years,544,Parkinson's disease,1,Number,2021,362702.619842251,423861.880357711,304412.203120231,19791855.9591958,21286111.2343708,18350461.7238033,1.09729,1.1,China,82
1678,2,DALYs (Disability-Adjusted Life Years),6,China,3,Both,31,85-89 years,544,Parkinson's disease,1,Number,2021,227980.785587029,264794.5504,191364.624985743,9525751.04389445,10241982.404179,8835708.05975537,0.604519,0.6,China,87
1679,2,DALYs (Disability-Adjusted Life Years),6,China,3,Both,32,90-94 years,544,Parkinson's disease,1,Number,2021,70519.2310473991,83047.4614116875,58100.8102258027,2931987.49508033,3150521.32934664,2722002.79218523,0.246663,0.25,China,92
1680,2,DALYs (Disability-Adjusted Life Years),6,China,3,Both,235,95+ years,544,Parkinson's disease,1,Number,2021,13229.7621099916,16174.8399951014,10423.7717683563,639098.451282971,685273.852270942,595713.904194708,0.0785092,0.08,China,97
1681,2,DALYs (Disability-Adjusted Life Years),6,China,3,Both,10,25-29 years,545,Idiopathic epilepsy,1,Number,2021,95612.3949423313,133869.60662885,67148.0203175056,86482070.9043593,93028056.7565448,80163484.4257888,7.59144,7.59,China,27
1682,2,DALYs (Disability-Adjusted Life Years),6,China,3,Both,11,30-34 years,545,Idiopathic epilepsy,1,Number,2021,129180.415508885,181808.804775079,90917.2498680059,121153279.502113,130331410.125577,112290557.790045,7.32171,7.32,China,32
1683,2,DALYs (Disability-Adjusted Life Years),6,China,3,Both,12,35-39 years,545,Idiopathic epilepsy,1,Number,2021,116498.674997294,157517.345533477,82393.3395029877,105963255.636324,113982367.104433,98223075.7727965,6.82805,6.83,China,37
1684,2,DALYs (Disability-Adjusted Life Years),6,China,3,Both,13,40-44 years,545,Idiopathic epilepsy,1,Number,2021,88403.5733046504,122534.735421645,61105.1014143018,91533684.6415661,98456327.3467282,84852935.3102887,6.14735,6.15,China,42
1685,2,DALYs (Disability-Adjusted Life Years),6,China,3,Both,14,45-49 years,545,Idiopathic epilepsy,1,Number,2021,90284.5491572743,129563.683978256,63009.9619814563,110321560.932227,118673842.978656,102258447.610609,5.51133,5.51,China,47
1686,2,DALYs (Disability-Adjusted Life Years),6,China,3,Both,15,50-54 years,545,Idiopathic epilepsy,1,Number,2021,88218.8316667637,135199.055324836,59192.9800892372,120859033.528416,130013871.642202,112019245.908077,4.91312,4.91,China,52
1687,2,DALYs (Disability-Adjusted Life Years),6,China,3,Both,16,55-59 years,545,Idiopathic epilepsy,1,Number,2021,83491.3812678587,134811.424744185,55292.7981590062,109942374.635099,118263065.390651,101910583.197243,4.34586,4.35,China,57
1688,2,DALYs (Disability-Adjusted Life Years),6,China,3,Both,17,60-64 years,545,Idiopathic epilepsy,1,Number,2021,57372.1435370412,92644.1492758362,35810.6350549499,73005166.3091959,78517317.8009865,67688365.1170174,3.68223,3.68,China,62
1689,2,DALYs (Disability-Adjusted Life Years),6,China,3,Both,18,65-69 years,545,Idiopathic epilepsy,1,Number,2021,64885.7913401299,106195.773151016,39362.944310186,76703511.9952277,82505405.7251053,71103984.5055564,2.98509,2.99,China,67
1690,2,DALYs (Disability-Adjusted Life Years),6,China,3,Both,19,70-74 years,545,Idiopathic epilepsy,1,Number,2021,50944.7258843289,78611.6637589353,32593.7174087233,53296442.1834049,57326053.2537987,49407824.0138524,2.26526,2.27,China,72
1691,2,DALYs (Disability-Adjusted Life Years),6,China,3,Both,20,75-79 years,545,Idiopathic epilepsy,1,Number,2021,35105.1244157911,53585.734532219,21054.1585648301,33118936.9198278,35625315.5381169,30699520.6511587,1.59758,1.6,China,77
1692,2,DALYs (Disability-Adjusted Life Years),6,China,3,Both,30,80-84 years,545,Idiopathic epilepsy,1,Number,2021,22140.3972838142,34310.7787552076,13026.5709570672,19791855.9591958,21286111.2343708,18350461.7238033,1.09729,1.1,China,82
1693,2,DALYs (Disability-Adjusted Life Years),6,China,3,Both,31,85-89 years,545,Idiopathic epilepsy,1,Number,2021,12177.7080019629,18922.8338596811,7430.35264220288,9525751.04389445,10241982.404179,8835708.05975537,0.604519,0.6,China,87
1694,2,DALYs (Disability-Adjusted Life Years),6,China,3,Both,32,90-94 years,545,Idiopathic epilepsy,1,Number,2021,4110.61223593163,6205.73076313485,2549.16721859885,2931987.49508033,3150521.32934664,2722002.79218523,0.246663,0.25,China,92
1695,2,DALYs (Disability-Adjusted Life Years),6,China,3,Both,235,95+ years,545,Idiopathic epilepsy,1,Number,2021,1049.89606687779,1704.43845900108,595.810486215995,639098.451282971,685273.852270942,595713.904194708,0.0785092,0.08,China,97
1696,2,DALYs (Disability-Adjusted Life Years),6,China,3,Both,10,25-29 years,554,Motor neuron disease,1,Number,2021,2640.48211705465,3426.74664903033,1682.71216259184,86482070.9043593,93028056.7565448,80163484.4257888,7.59144,7.59,China,27
1697,2,DALYs (Disability-Adjusted Life Years),6,China,3,Both,11,30-34 years,554,Motor neuron disease,1,Number,2021,4084.62016314006,5484.94659919681,2862.2894994868,121153279.502113,130331410.125577,112290557.790045,7.32171,7.32,China,32
1698,2,DALYs (Disability-Adjusted Life Years),6,China,3,Both,12,35-39 years,554,Motor neuron disease,1,Number,2021,4438.9529415267,5768.89385956292,3038.57181655146,105963255.636324,113982367.104433,98223075.7727965,6.82805,6.83,China,37
1699,2,DALYs (Disability-Adjusted Life Years),6,China,3,Both,13,40-44 years,554,Motor neuron disease,1,Number,2021,6457.26191688425,9008.62188805891,4200.68225321645,91533684.6415661,98456327.3467282,84852935.3102887,6.14735,6.15,China,42
1700,2,DALYs (Disability-Adjusted Life Years),6,China,3,Both,14,45-49 years,554,Motor neuron disease,1,Number,2021,9655.29529556132,13934.78975,6224.17636093933,110321560.932227,118673842.978656,102258447.610609,5.51133,5.51,China,47
1701,2,DALYs (Disability-Adjusted Life Years),6,China,3,Both,15,50-54 years,554,Motor neuron disease,1,Number,2021,15370.653677445,22159.3269106981,10079.8892869794,120859033.528416,130013871.642202,112019245.908077,4.91312,4.91,China,52
1702,2,DALYs (Disability-Adjusted Life Years),6,China,3,Both,16,55-59 years,554,Motor neuron disease,1,Number,2021,18335.9383469616,25132.5533505939,12195.7869724117,109942374.635099,118263065.390651,101910583.197243,4.34586,4.35,China,57
1703,2,DALYs (Disability-Adjusted Life Years),6,China,3,Both,17,60-64 years,554,Motor neuron disease,1,Number,2021,14045.1568234863,19646.2108995986,9057.02376057275,73005166.3091959,78517317.8009865,67688365.1170174,3.68223,3.68,China,62
1704,2,DALYs (Disability-Adjusted Life Years),6,China,3,Both,18,65-69 years,554,Motor neuron disease,1,Number,2021,13947.3881319765,18070.3954750191,9211.49161065813,76703511.9952277,82505405.7251053,71103984.5055564,2.98509,2.99,China,67
1705,2,DALYs (Disability-Adjusted Life Years),6,China,3,Both,19,70-74 years,554,Motor neuron disease,1,Number,2021,7956.47066564997,10614.8927529783,5055.49069017923,53296442.1834049,57326053.2537987,49407824.0138524,2.26526,2.27,China,72
1706,2,DALYs (Disability-Adjusted Life Years),6,China,3,Both,20,75-79 years,554,Motor neuron disease,1,Number,2021,3721.95585561202,4895.1422994411,2336.7803451541,33118936.9198278,35625315.5381169,30699520.6511587,1.59758,1.6,China,77
1707,2,DALYs (Disability-Adjusted Life Years),6,China,3,Both,30,80-84 years,554,Motor neuron disease,1,Number,2021,1278.51484819011,1651.4422508401,852.074700291524,19791855.9591958,21286111.2343708,18350461.7238033,1.09729,1.1,China,82
1708,2,DALYs (Disability-Adjusted Life Years),6,China,3,Both,31,85-89 years,554,Motor neuron disease,1,Number,2021,562.68800872378,717.576426745814,369.401246965655,9525751.04389445,10241982.404179,8835708.05975537,0.604519,0.6,China,87
1709,2,DALYs (Disability-Adjusted Life Years),6,China,3,Both,32,90-94 years,554,Motor neuron disease,1,Number,2021,137.391984499312,175.74733607601,101.645581459946,2931987.49508033,3150521.32934664,2722002.79218523,0.246663,0.25,China,92
1710,2,DALYs (Disability-Adjusted Life Years),6,China,3,Both,235,95+ years,554,Motor neuron disease,1,Number,2021,25.6665193372475,32.7151886373075,18.4208618160055,639098.451282971,685273.852270942,595713.904194708,0.0785092,0.08,China,97
1711,2,DALYs (Disability-Adjusted Life Years),6,China,3,Both,10,25-29 years,665,Decubitus ulcer,1,Number,2021,699.556218707344,949.735645231863,377.566184062667,86482070.9043593,93028056.7565448,80163484.4257888,7.59144,7.59,China,27
1712,2,DALYs (Disability-Adjusted Life Years),6,China,3,Both,11,30-34 years,665,Decubitus ulcer,1,Number,2021,1377.9930735393,1870.95542058432,784.385235428982,121153279.502113,130331410.125577,112290557.790045,7.32171,7.32,China,32
1713,2,DALYs (Disability-Adjusted Life Years),6,China,3,Both,12,35-39 years,665,Decubitus ulcer,1,Number,2021,1645.62992967925,2251.40506984677,983.104676431929,105963255.636324,113982367.104433,98223075.7727965,6.82805,6.83,China,37
1714,2,DALYs (Disability-Adjusted Life Years),6,China,3,Both,13,40-44 years,665,Decubitus ulcer,1,Number,2021,1849.54639897189,2571.65933011641,947.188824466489,91533684.6415661,98456327.3467282,84852935.3102887,6.14735,6.15,China,42
1715,2,DALYs (Disability-Adjusted Life Years),6,China,3,Both,14,45-49 years,665,Decubitus ulcer,1,Number,2021,2149.90922146441,2881.36136500046,1240.90753010796,110321560.932227,118673842.978656,102258447.610609,5.51133,5.51,China,47
1716,2,DALYs (Disability-Adjusted Life Years),6,China,3,Both,15,50-54 years,665,Decubitus ulcer,1,Number,2021,2893.36172817756,3953.80515853308,1619.18223615295,120859033.528416,130013871.642202,112019245.908077,4.91312,4.91,China,52
1717,2,DALYs (Disability-Adjusted Life Years),6,China,3,Both,16,55-59 years,665,Decubitus ulcer,1,Number,2021,3451.35152367863,4676.85261794252,1937.31802952639,109942374.635099,118263065.390651,101910583.197243,4.34586,4.35,China,57
1718,2,DALYs (Disability-Adjusted Life Years),6,China,3,Both,17,60-64 years,665,Decubitus ulcer,1,Number,2021,2665.78894826116,3564.38967756935,1574.63169836482,73005166.3091959,78517317.8009865,67688365.1170174,3.68223,3.68,China,62
1719,2,DALYs (Disability-Adjusted Life Years),6,China,3,Both,18,65-69 years,665,Decubitus ulcer,1,Number,2021,4586.53429378503,5970.77296731809,2553.85254928484,76703511.9952277,82505405.7251053,71103984.5055564,2.98509,2.99,China,67
1720,2,DALYs (Disability-Adjusted Life Years),6,China,3,Both,19,70-74 years,665,Decubitus ulcer,1,Number,2021,6102.10427148842,7895.90213188536,3307.32235005818,53296442.1834049,57326053.2537987,49407824.0138524,2.26526,2.27,China,72
1721,2,DALYs (Disability-Adjusted Life Years),6,China,3,Both,20,75-79 years,665,Decubitus ulcer,1,Number,2021,6736.70188540008,8631.00894147866,3763.86595101235,33118936.9198278,35625315.5381169,30699520.6511587,1.59758,1.6,China,77
1722,2,DALYs (Disability-Adjusted Life Years),6,China,3,Both,30,80-84 years,665,Decubitus ulcer,1,Number,2021,8103.24008506302,10561.8627797315,4427.69097982598,19791855.9591958,21286111.2343708,18350461.7238033,1.09729,1.1,China,82
1723,2,DALYs (Disability-Adjusted Life Years),6,China,3,Both,31,85-89 years,665,Decubitus ulcer,1,Number,2021,9763.42831057646,12545.7219544453,5424.23201924849,9525751.04389445,10241982.404179,8835708.05975537,0.604519,0.6,China,87
1724,2,DALYs (Disability-Adjusted Life Years),6,China,3,Both,32,90-94 years,665,Decubitus ulcer,1,Number,2021,6428.61287735917,8280.85901695806,4110.67245578008,2931987.49508033,3150521.32934664,2722002.79218523,0.246663,0.25,China,92
1725,2,DALYs (Disability-Adjusted Life Years),6,China,3,Both,235,95+ years,665,Decubitus ulcer,1,Number,2021,2247.65612338104,3008.61070841624,1279.24413986135,639098.451282971,685273.852270942,595713.904194708,0.0785092,0.08,China,97
1726,2,DALYs (Disability-Adjusted Life Years),6,China,3,Both,10,25-29 years,668,Other skin and subcutaneous diseases,1,Number,2021,24094.1448552063,44865.0506622656,11775.1371555439,86482070.9043593,93028056.7565448,80163484.4257888,7.59144,7.59,China,27
1727,2,DALYs (Disability-Adjusted Life Years),6,China,3,Both,11,30-34 years,668,Other skin and subcutaneous diseases,1,Number,2021,38195.7025866031,74087.8207543039,18616.6573805685,121153279.502113,130331410.125577,112290557.790045,7.32171,7.32,China,32
1728,2,DALYs (Disability-Adjusted Life Years),6,China,3,Both,12,35-39 years,668,Other skin and subcutaneous diseases,1,Number,2021,38433.7411619184,70025.6646211284,18696.3423011625,105963255.636324,113982367.104433,98223075.7727965,6.82805,6.83,China,37
1729,2,DALYs (Disability-Adjusted Life Years),6,China,3,Both,13,40-44 years,668,Other skin and subcutaneous diseases,1,Number,2021,39230.9669117839,72600.203697626,19429.7078414695,91533684.6415661,98456327.3467282,84852935.3102887,6.14735,6.15,China,42
1730,2,DALYs (Disability-Adjusted Life Years),6,China,3,Both,14,45-49 years,668,Other skin and subcutaneous diseases,1,Number,2021,53239.958330481,95487.8818094065,26244.6668901112,110321560.932227,118673842.978656,102258447.610609,5.51133,5.51,China,47
1731,2,DALYs (Disability-Adjusted Life Years),6,China,3,Both,15,50-54 years,668,Other skin and subcutaneous diseases,1,Number,2021,67327.6568523931,121455.313620903,33093.8560010752,120859033.528416,130013871.642202,112019245.908077,4.91312,4.91,China,52
1732,2,DALYs (Disability-Adjusted Life Years),6,China,3,Both,16,55-59 years,668,Other skin and subcutaneous diseases,1,Number,2021,77497.3667735378,142280.264507618,38538.006254806,109942374.635099,118263065.390651,101910583.197243,4.34586,4.35,China,57
1733,2,DALYs (Disability-Adjusted Life Years),6,China,3,Both,17,60-64 years,668,Other skin and subcutaneous diseases,1,Number,2021,62622.1092022592,111567.161113405,30337.4701301512,73005166.3091959,78517317.8009865,67688365.1170174,3.68223,3.68,China,62
1734,2,DALYs (Disability-Adjusted Life Years),6,China,3,Both,18,65-69 years,668,Other skin and subcutaneous diseases,1,Number,2021,76547.6550138373,138301.828438363,38731.2775618051,76703511.9952277,82505405.7251053,71103984.5055564,2.98509,2.99,China,67
1735,2,DALYs (Disability-Adjusted Life Years),6,China,3,Both,19,70-74 years,668,Other skin and subcutaneous diseases,1,Number,2021,60584.744734421,111702.506074797,30817.5442329257,53296442.1834049,57326053.2537987,49407824.0138524,2.26526,2.27,China,72
1736,2,DALYs (Disability-Adjusted Life Years),6,China,3,Both,20,75-79 years,668,Other skin and subcutaneous diseases,1,Number,2021,40920.7642334218,71876.4650667841,21324.2213538627,33118936.9198278,35625315.5381169,30699520.6511587,1.59758,1.6,China,77
1737,2,DALYs (Disability-Adjusted Life Years),6,China,3,Both,30,80-84 years,668,Other skin and subcutaneous diseases,1,Number,2021,26926.9394969745,48110.3547518448,14052.3485016721,19791855.9591958,21286111.2343708,18350461.7238033,1.09729,1.1,China,82
1738,2,DALYs (Disability-Adjusted Life Years),6,China,3,Both,31,85-89 years,668,Other skin and subcutaneous diseases,1,Number,2021,14739.7728122817,25098.741457317,7976.83175428787,9525751.04389445,10241982.404179,8835708.05975537,0.604519,0.6,China,87
1739,2,DALYs (Disability-Adjusted Life Years),6,China,3,Both,32,90-94 years,668,Other skin and subcutaneous diseases,1,Number,2021,4557.18956968159,7878.38522713088,2450.80105973818,2931987.49508033,3150521.32934664,2722002.79218523,0.246663,0.25,China,92
1740,2,DALYs (Disability-Adjusted Life Years),6,China,3,Both,235,95+ years,668,Other skin and subcutaneous diseases,1,Number,2021,921.915540486874,1523.08342501261,505.036431917698,639098.451282971,685273.852270942,595713.904194708,0.0785092,0.08,China,97
1741,2,DALYs (Disability-Adjusted Life Years),6,China,3,Both,10,25-29 years,670,Glaucoma,1,Number,2021,0,0,0,86482070.9043593,93028056.7565448,80163484.4257888,7.59144,7.59,China,27
1742,2,DALYs (Disability-Adjusted Life Years),6,China,3,Both,11,30-34 years,670,Glaucoma,1,Number,2021,0,0,0,121153279.502113,130331410.125577,112290557.790045,7.32171,7.32,China,32
1743,2,DALYs (Disability-Adjusted Life Years),6,China,3,Both,12,35-39 years,670,Glaucoma,1,Number,2021,0,0,0,105963255.636324,113982367.104433,98223075.7727965,6.82805,6.83,China,37
1744,2,DALYs (Disability-Adjusted Life Years),6,China,3,Both,13,40-44 years,670,Glaucoma,1,Number,2021,0,0,0,91533684.6415661,98456327.3467282,84852935.3102887,6.14735,6.15,China,42
1745,2,DALYs (Disability-Adjusted Life Years),6,China,3,Both,14,45-49 years,670,Glaucoma,1,Number,2021,331.947338815192,650.846214545305,147.266471437159,110321560.932227,118673842.978656,102258447.610609,5.51133,5.51,China,47
1746,2,DALYs (Disability-Adjusted Life Years),6,China,3,Both,15,50-54 years,670,Glaucoma,1,Number,2021,2608.71847204436,4405.63093789404,1499.03375818124,120859033.528416,130013871.642202,112019245.908077,4.91312,4.91,China,52
1747,2,DALYs (Disability-Adjusted Life Years),6,China,3,Both,16,55-59 years,670,Glaucoma,1,Number,2021,6362.80181460494,9865.59507006009,4085.07361884652,109942374.635099,118263065.390651,101910583.197243,4.34586,4.35,China,57
1748,2,DALYs (Disability-Adjusted Life Years),6,China,3,Both,17,60-64 years,670,Glaucoma,1,Number,2021,8750.35443721596,13180.7803271868,5796.8393457714,73005166.3091959,78517317.8009865,67688365.1170174,3.68223,3.68,China,62
1749,2,DALYs (Disability-Adjusted Life Years),6,China,3,Both,18,65-69 years,670,Glaucoma,1,Number,2021,17274.7395877088,26134.1478169129,11440.1010713426,76703511.9952277,82505405.7251053,71103984.5055564,2.98509,2.99,China,67
1750,2,DALYs (Disability-Adjusted Life Years),6,China,3,Both,19,70-74 years,670,Glaucoma,1,Number,2021,19678.8434022327,28568.8633242992,12652.8755867163,53296442.1834049,57326053.2537987,49407824.0138524,2.26526,2.27,China,72
1751,2,DALYs (Disability-Adjusted Life Years),6,China,3,Both,20,75-79 years,670,Glaucoma,1,Number,2021,17643.0241281399,25519.6622108462,11430.4525270602,33118936.9198278,35625315.5381169,30699520.6511587,1.59758,1.6,China,77
1752,2,DALYs (Disability-Adjusted Life Years),6,China,3,Both,30,80-84 years,670,Glaucoma,1,Number,2021,14464.2932654538,20779.7874671962,9393.85288507475,19791855.9591958,21286111.2343708,18350461.7238033,1.09729,1.1,China,82
1753,2,DALYs (Disability-Adjusted Life Years),6,China,3,Both,31,85-89 years,670,Glaucoma,1,Number,2021,9039.83840713957,12865.3182909211,5923.32216922459,9525751.04389445,10241982.404179,8835708.05975537,0.604519,0.6,China,87
1754,2,DALYs (Disability-Adjusted Life Years),6,China,3,Both,32,90-94 years,670,Glaucoma,1,Number,2021,3103.77079327493,4419.03900857048,2124.27626190335,2931987.49508033,3150521.32934664,2722002.79218523,0.246663,0.25,China,92
1755,2,DALYs (Disability-Adjusted Life Years),6,China,3,Both,235,95+ years,670,Glaucoma,1,Number,2021,825.239930850839,1221.09308263752,557.029443198036,639098.451282971,685273.852270942,595713.904194708,0.0785092,0.08,China,97
1756,2,DALYs (Disability-Adjusted Life Years),6,China,3,Both,10,25-29 years,671,Cataract,1,Number,2021,2372.53887252566,3811.62102811379,1212.76582155073,86482070.9043593,93028056.7565448,80163484.4257888,7.59144,7.59,China,27
1757,2,DALYs (Disability-Adjusted Life Years),6,China,3,Both,11,30-34 years,671,Cataract,1,Number,2021,6942.31968275612,10477.7224625025,3864.1505314492,121153279.502113,130331410.125577,112290557.790045,7.32171,7.32,China,32
1758,2,DALYs (Disability-Adjusted Life Years),6,China,3,Both,12,35-39 years,671,Cataract,1,Number,2021,10122.6177205102,14832.530189045,5909.09318815969,105963255.636324,113982367.104433,98223075.7727965,6.82805,6.83,China,37
1759,2,DALYs (Disability-Adjusted Life Years),6,China,3,Both,13,40-44 years,671,Cataract,1,Number,2021,13994.7071247806,20305.6407395113,8472.33955353147,91533684.6415661,98456327.3467282,84852935.3102887,6.14735,6.15,China,42
1760,2,DALYs (Disability-Adjusted Life Years),6,China,3,Both,14,45-49 years,671,Cataract,1,Number,2021,28754.1368396501,41857.9079431857,18429.403006081,110321560.932227,118673842.978656,102258447.610609,5.51133,5.51,China,47
1761,2,DALYs (Disability-Adjusted Life Years),6,China,3,Both,15,50-54 years,671,Cataract,1,Number,2021,48578.4822866653,68679.5951605468,32107.6737885694,120859033.528416,130013871.642202,112019245.908077,4.91312,4.91,China,52
1762,2,DALYs (Disability-Adjusted Life Years),6,China,3,Both,16,55-59 years,671,Cataract,1,Number,2021,69948.58359,100417.904229513,47475.4682471822,109942374.635099,118263065.390651,101910583.197243,4.34586,4.35,China,57
1763,2,DALYs (Disability-Adjusted Life Years),6,China,3,Both,17,60-64 years,671,Cataract,1,Number,2021,80691.8164857607,116333.5666,53048.7984077174,73005166.3091959,78517317.8009865,67688365.1170174,3.68223,3.68,China,62
1764,2,DALYs (Disability-Adjusted Life Years),6,China,3,Both,18,65-69 years,671,Cataract,1,Number,2021,160603.051199346,227088.754449631,108290.329188394,76703511.9952277,82505405.7251053,71103984.5055564,2.98509,2.99,China,67
1765,2,DALYs (Disability-Adjusted Life Years),6,China,3,Both,19,70-74 years,671,Cataract,1,Number,2021,193425.495331899,266423.848105409,133822.751499947,53296442.1834049,57326053.2537987,49407824.0138524,2.26526,2.27,China,72
1766,2,DALYs (Disability-Adjusted Life Years),6,China,3,Both,20,75-79 years,671,Cataract,1,Number,2021,184115.078301254,253657.075207266,131204.676500819,33118936.9198278,35625315.5381169,30699520.6511587,1.59758,1.6,China,77
1767,2,DALYs (Disability-Adjusted Life Years),6,China,3,Both,30,80-84 years,671,Cataract,1,Number,2021,156608.747093384,214298.326788276,111665.16693053,19791855.9591958,21286111.2343708,18350461.7238033,1.09729,1.1,China,82
1768,2,DALYs (Disability-Adjusted Life Years),6,China,3,Both,31,85-89 years,671,Cataract,1,Number,2021,104072.347620666,142981.395413814,74444.3505164542,9525751.04389445,10241982.404179,8835708.05975537,0.604519,0.6,China,87
1769,2,DALYs (Disability-Adjusted Life Years),6,China,3,Both,32,90-94 years,671,Cataract,1,Number,2021,40259.1265651327,55631.4443528304,28738.6172303774,2931987.49508033,3150521.32934664,2722002.79218523,0.246663,0.25,China,92
1770,2,DALYs (Disability-Adjusted Life Years),6,China,3,Both,235,95+ years,671,Cataract,1,Number,2021,11030.8165233587,14981.4987544838,7815.64113677408,639098.451282971,685273.852270942,595713.904194708,0.0785092,0.08,China,97
1771,2,DALYs (Disability-Adjusted Life Years),6,China,3,Both,10,25-29 years,672,Age-related macular degeneration,1,Number,2021,0,0,0,86482070.9043593,93028056.7565448,80163484.4257888,7.59144,7.59,China,27
1772,2,DALYs (Disability-Adjusted Life Years),6,China,3,Both,11,30-34 years,672,Age-related macular degeneration,1,Number,2021,0,0,0,121153279.502113,130331410.125577,112290557.790045,7.32171,7.32,China,32
1773,2,DALYs (Disability-Adjusted Life Years),6,China,3,Both,12,35-39 years,672,Age-related macular degeneration,1,Number,2021,0,0,0,105963255.636324,113982367.104433,98223075.7727965,6.82805,6.83,China,37
1774,2,DALYs (Disability-Adjusted Life Years),6,China,3,Both,13,40-44 years,672,Age-related macular degeneration,1,Number,2021,0,0,0,91533684.6415661,98456327.3467282,84852935.3102887,6.14735,6.15,China,42
1775,2,DALYs (Disability-Adjusted Life Years),6,China,3,Both,14,45-49 years,672,Age-related macular degeneration,1,Number,2021,455.687797513969,895.686368953442,211.478868334543,110321560.932227,118673842.978656,102258447.610609,5.51133,5.51,China,47
1776,2,DALYs (Disability-Adjusted Life Years),6,China,3,Both,15,50-54 years,672,Age-related macular degeneration,1,Number,2021,4161.32091580792,6842.80137638936,2279.43695117047,120859033.528416,130013871.642202,112019245.908077,4.91312,4.91,China,52
1777,2,DALYs (Disability-Adjusted Life Years),6,China,3,Both,16,55-59 years,672,Age-related macular degeneration,1,Number,2021,12229.9516078168,18579.6494430498,7557.23799710263,109942374.635099,118263065.390651,101910583.197243,4.34586,4.35,China,57
1778,2,DALYs (Disability-Adjusted Life Years),6,China,3,Both,17,60-64 years,672,Age-related macular degeneration,1,Number,2021,17729.2162940884,26176.352980562,11363.2762502018,73005166.3091959,78517317.8009865,67688365.1170174,3.68223,3.68,China,62
1779,2,DALYs (Disability-Adjusted Life Years),6,China,3,Both,18,65-69 years,672,Age-related macular degeneration,1,Number,2021,31762.2128799357,46884.0742374978,20413.2390769421,76703511.9952277,82505405.7251053,71103984.5055564,2.98509,2.99,China,67
1780,2,DALYs (Disability-Adjusted Life Years),6,China,3,Both,19,70-74 years,672,Age-related macular degeneration,1,Number,2021,31571.4672679884,45771.817562916,21292.9218702414,53296442.1834049,57326053.2537987,49407824.0138524,2.26526,2.27,China,72
1781,2,DALYs (Disability-Adjusted Life Years),6,China,3,Both,20,75-79 years,672,Age-related macular degeneration,1,Number,2021,24675.8075329471,34876.7773302316,17145.6095587409,33118936.9198278,35625315.5381169,30699520.6511587,1.59758,1.6,China,77
1782,2,DALYs (Disability-Adjusted Life Years),6,China,3,Both,30,80-84 years,672,Age-related macular degeneration,1,Number,2021,17376.1995243408,24883.420970971,11748.8162162917,19791855.9591958,21286111.2343708,18350461.7238033,1.09729,1.1,China,82
1783,2,DALYs (Disability-Adjusted Life Years),6,China,3,Both,31,85-89 years,672,Age-related macular degeneration,1,Number,2021,9540.97943998029,13457.8638645727,6376.90092048763,9525751.04389445,10241982.404179,8835708.05975537,0.604519,0.6,China,87
1784,2,DALYs (Disability-Adjusted Life Years),6,China,3,Both,32,90-94 years,672,Age-related macular degeneration,1,Number,2021,3006.14094985605,4233.97380984509,2001.01005714898,2931987.49508033,3150521.32934664,2722002.79218523,0.246663,0.25,China,92
1785,2,DALYs (Disability-Adjusted Life Years),6,China,3,Both,235,95+ years,672,Age-related macular degeneration,1,Number,2021,710.741456712544,1002.08104162895,467.905910338264,639098.451282971,685273.852270942,595713.904194708,0.0785092,0.08,China,97
1786,2,DALYs (Disability-Adjusted Life Years),6,China,3,Both,10,25-29 years,674,Age-related and other hearing loss,1,Number,2021,231930.625428378,334376.936101789,148431.208690207,86482070.9043593,93028056.7565448,80163484.4257888,7.59144,7.59,China,27
1787,2,DALYs (Disability-Adjusted Life Years),6,China,3,Both,11,30-34 years,674,Age-related and other hearing loss,1,Number,2021,392125.603279206,560569.068159952,252306.674792073,121153279.502113,130331410.125577,112290557.790045,7.32171,7.32,China,32
1788,2,DALYs (Disability-Adjusted Life Years),6,China,3,Both,12,35-39 years,674,Age-related and other hearing loss,1,Number,2021,388843.513398115,580989.210741335,247335.084929891,105963255.636324,113982367.104433,98223075.7727965,6.82805,6.83,China,37
1789,2,DALYs (Disability-Adjusted Life Years),6,China,3,Both,13,40-44 years,674,Age-related and other hearing loss,1,Number,2021,409049.30087181,628192.802098548,255371.741277315,91533684.6415661,98456327.3467282,84852935.3102887,6.14735,6.15,China,42
1790,2,DALYs (Disability-Adjusted Life Years),6,China,3,Both,14,45-49 years,674,Age-related and other hearing loss,1,Number,2021,702772.606178375,1082658.17168284,427792.757739639,110321560.932227,118673842.978656,102258447.610609,5.51133,5.51,China,47
1791,2,DALYs (Disability-Adjusted Life Years),6,China,3,Both,15,50-54 years,674,Age-related and other hearing loss,1,Number,2021,1094845.59395557,1643392.5992979,659821.260080396,120859033.528416,130013871.642202,112019245.908077,4.91312,4.91,China,52
1792,2,DALYs (Disability-Adjusted Life Years),6,China,3,Both,16,55-59 years,674,Age-related and other hearing loss,1,Number,2021,1444796.73591497,2240318.86099647,880059.86789394,109942374.635099,118263065.390651,101910583.197243,4.34586,4.35,China,57
1793,2,DALYs (Disability-Adjusted Life Years),6,China,3,Both,17,60-64 years,674,Age-related and other hearing loss,1,Number,2021,1305437.91872278,1926521.29500822,796825.380021458,73005166.3091959,78517317.8009865,67688365.1170174,3.68223,3.68,China,62
1794,2,DALYs (Disability-Adjusted Life Years),6,China,3,Both,18,65-69 years,674,Age-related and other hearing loss,1,Number,2021,1812805.30732376,2669640.17005255,1168115.66265338,76703511.9952277,82505405.7251053,71103984.5055564,2.98509,2.99,China,67
1795,2,DALYs (Disability-Adjusted Life Years),6,China,3,Both,19,70-74 years,674,Age-related and other hearing loss,1,Number,2021,1579818.70952277,2205744.68839272,1059064.94465367,53296442.1834049,57326053.2537987,49407824.0138524,2.26526,2.27,China,72
1796,2,DALYs (Disability-Adjusted Life Years),6,China,3,Both,20,75-79 years,674,Age-related and other hearing loss,1,Number,2021,1167541.70645275,1596993.64959562,811818.861654742,33118936.9198278,35625315.5381169,30699520.6511587,1.59758,1.6,China,77
1797,2,DALYs (Disability-Adjusted Life Years),6,China,3,Both,30,80-84 years,674,Age-related and other hearing loss,1,Number,2021,804036.574587235,1071028.71492081,580516.421971428,19791855.9591958,21286111.2343708,18350461.7238033,1.09729,1.1,China,82
1798,2,DALYs (Disability-Adjusted Life Years),6,China,3,Both,31,85-89 years,674,Age-related and other hearing loss,1,Number,2021,429425.675823309,566499.055236589,311428.179096577,9525751.04389445,10241982.404179,8835708.05975537,0.604519,0.6,China,87
1799,2,DALYs (Disability-Adjusted Life Years),6,China,3,Both,32,90-94 years,674,Age-related and other hearing loss,1,Number,2021,138811.083947328,183316.019951638,102174.163121971,2931987.49508033,3150521.32934664,2722002.79218523,0.246663,0.25,China,92
1800,2,DALYs (Disability-Adjusted Life Years),6,China,3,Both,235,95+ years,674,Age-related and other hearing loss,1,Number,2021,29185.2931065138,38250.426044644,21184.6423690515,639098.451282971,685273.852270942,595713.904194708,0.0785092,0.08,China,97
1801,2,DALYs (Disability-Adjusted Life Years),6,China,3,Both,10,25-29 years,675,Other vision loss,1,Number,2021,5943.06084160218,9061.3084035115,3381.81434178772,86482070.9043593,93028056.7565448,80163484.4257888,7.59144,7.59,China,27
1802,2,DALYs (Disability-Adjusted Life Years),6,China,3,Both,11,30-34 years,675,Other vision loss,1,Number,2021,8729.72712300477,13188.0773497434,4957.13325243995,121153279.502113,130331410.125577,112290557.790045,7.32171,7.32,China,32
1803,2,DALYs (Disability-Adjusted Life Years),6,China,3,Both,12,35-39 years,675,Other vision loss,1,Number,2021,8661.28409631711,12810.6866778605,5321.92603671475,105963255.636324,113982367.104433,98223075.7727965,6.82805,6.83,China,37
1804,2,DALYs (Disability-Adjusted Life Years),6,China,3,Both,13,40-44 years,675,Other vision loss,1,Number,2021,12248.047585705,17793.2168336024,7626.69477957937,91533684.6415661,98456327.3467282,84852935.3102887,6.14735,6.15,China,42
1805,2,DALYs (Disability-Adjusted Life Years),6,China,3,Both,14,45-49 years,675,Other vision loss,1,Number,2021,28134.8262059561,40295.8733272894,17743.1491384057,110321560.932227,118673842.978656,102258447.610609,5.51133,5.51,China,47
1806,2,DALYs (Disability-Adjusted Life Years),6,China,3,Both,15,50-54 years,675,Other vision loss,1,Number,2021,48807.7007822483,68057.6026608867,31694.4565622198,120859033.528416,130013871.642202,112019245.908077,4.91312,4.91,China,52
1807,2,DALYs (Disability-Adjusted Life Years),6,China,3,Both,16,55-59 years,675,Other vision loss,1,Number,2021,63723.6416865018,91322.8815449166,43249.686619447,109942374.635099,118263065.390651,101910583.197243,4.34586,4.35,China,57
1808,2,DALYs (Disability-Adjusted Life Years),6,China,3,Both,17,60-64 years,675,Other vision loss,1,Number,2021,58832.6847148548,84242.5485193011,40745.2020037936,73005166.3091959,78517317.8009865,67688365.1170174,3.68223,3.68,China,62
1809,2,DALYs (Disability-Adjusted Life Years),6,China,3,Both,18,65-69 years,675,Other vision loss,1,Number,2021,94245.0136109511,132051.536412375,64746.9982157556,76703511.9952277,82505405.7251053,71103984.5055564,2.98509,2.99,China,67
1810,2,DALYs (Disability-Adjusted Life Years),6,China,3,Both,19,70-74 years,675,Other vision loss,1,Number,2021,90132.7929311171,122264.609652304,61799.6254995995,53296442.1834049,57326053.2537987,49407824.0138524,2.26526,2.27,China,72
1811,2,DALYs (Disability-Adjusted Life Years),6,China,3,Both,20,75-79 years,675,Other vision loss,1,Number,2021,70634.6193719511,96199.621535386,48634.3312180744,33118936.9198278,35625315.5381169,30699520.6511587,1.59758,1.6,China,77
1812,2,DALYs (Disability-Adjusted Life Years),6,China,3,Both,30,80-84 years,675,Other vision loss,1,Number,2021,47512.0999697558,64996.52889,32919.2518179188,19791855.9591958,21286111.2343708,18350461.7238033,1.09729,1.1,China,82
1813,2,DALYs (Disability-Adjusted Life Years),6,China,3,Both,31,85-89 years,675,Other vision loss,1,Number,2021,23852.5567963862,32915.2488554399,16725.265401466,9525751.04389445,10241982.404179,8835708.05975537,0.604519,0.6,China,87
1814,2,DALYs (Disability-Adjusted Life Years),6,China,3,Both,32,90-94 years,675,Other vision loss,1,Number,2021,13893.8746037053,19712.8810009335,9556.86697527782,2931987.49508033,3150521.32934664,2722002.79218523,0.246663,0.25,China,92
1815,2,DALYs (Disability-Adjusted Life Years),6,China,3,Both,235,95+ years,675,Other vision loss,1,Number,2021,5566.35887437636,7809.6666000454,3719.89686409971,639098.451282971,685273.852270942,595713.904194708,0.0785092,0.08,China,97
1816,2,DALYs (Disability-Adjusted Life Years),6,China,3,Both,10,25-29 years,684,Edentulism,1,Number,2021,2081.34657783376,3921.58799854159,889.817932340659,86482070.9043593,93028056.7565448,80163484.4257888,7.59144,7.59,China,27
1817,2,DALYs (Disability-Adjusted Life Years),6,China,3,Both,11,30-34 years,684,Edentulism,1,Number,2021,5988.33183166383,10792.3676895489,2811.59112484925,121153279.502113,130331410.125577,112290557.790045,7.32171,7.32,China,32
1818,2,DALYs (Disability-Adjusted Life Years),6,China,3,Both,12,35-39 years,684,Edentulism,1,Number,2021,9822.40415098249,16378.182633466,5107.62288715436,105963255.636324,113982367.104433,98223075.7727965,6.82805,6.83,China,37
1819,2,DALYs (Disability-Adjusted Life Years),6,China,3,Both,13,40-44 years,684,Edentulism,1,Number,2021,15698.4032607068,24431.0023952038,9224.62788471165,91533684.6415661,98456327.3467282,84852935.3102887,6.14735,6.15,China,42
1820,2,DALYs (Disability-Adjusted Life Years),6,China,3,Both,14,45-49 years,684,Edentulism,1,Number,2021,37755.0904170378,58015.1059579203,21444.6460750884,110321560.932227,118673842.978656,102258447.610609,5.51133,5.51,China,47
1821,2,DALYs (Disability-Adjusted Life Years),6,China,3,Both,15,50-54 years,684,Edentulism,1,Number,2021,85509.9389820631,135914.295364001,49520.4439196822,120859033.528416,130013871.642202,112019245.908077,4.91312,4.91,China,52
1822,2,DALYs (Disability-Adjusted Life Years),6,China,3,Both,16,55-59 years,684,Edentulism,1,Number,2021,153119.934252375,236048.573592866,92400.833172928,109942374.635099,118263065.390651,101910583.197243,4.34586,4.35,China,57
1823,2,DALYs (Disability-Adjusted Life Years),6,China,3,Both,17,60-64 years,684,Edentulism,1,Number,2021,185297.941676761,271020.341644794,109615.863474457,73005166.3091959,78517317.8009865,67688365.1170174,3.68223,3.68,China,62
1824,2,DALYs (Disability-Adjusted Life Years),6,China,3,Both,18,65-69 years,684,Edentulism,1,Number,2021,328049.177772443,485969.142525139,196544.761375402,76703511.9952277,82505405.7251053,71103984.5055564,2.98509,2.99,China,67
1825,2,DALYs (Disability-Adjusted Life Years),6,China,3,Both,19,70-74 years,684,Edentulism,1,Number,2021,339737.68021929,506127.210286295,209402.784894197,53296442.1834049,57326053.2537987,49407824.0138524,2.26526,2.27,China,72
1826,2,DALYs (Disability-Adjusted Life Years),6,China,3,Both,20,75-79 years,684,Edentulism,1,Number,2021,281199.183549108,416098.848328888,178808.405984124,33118936.9198278,35625315.5381169,30699520.6511587,1.59758,1.6,China,77
1827,2,DALYs (Disability-Adjusted Life Years),6,China,3,Both,30,80-84 years,684,Edentulism,1,Number,2021,205283.473307666,290842.134502381,132311.733976502,19791855.9591958,21286111.2343708,18350461.7238033,1.09729,1.1,China,82
1828,2,DALYs (Disability-Adjusted Life Years),6,China,3,Both,31,85-89 years,684,Edentulism,1,Number,2021,111395.719176014,154507.501569507,72097.9984620776,9525751.04389445,10241982.404179,8835708.05975537,0.604519,0.6,China,87
1829,2,DALYs (Disability-Adjusted Life Years),6,China,3,Both,32,90-94 years,684,Edentulism,1,Number,2021,36588.3679726766,50904.7103900001,23764.5244875219,2931987.49508033,3150521.32934664,2722002.79218523,0.246663,0.25,China,92
1830,2,DALYs (Disability-Adjusted Life Years),6,China,3,Both,235,95+ years,684,Edentulism,1,Number,2021,8169.59809642341,11500.6261072864,5278.97882521411,639098.451282971,685273.852270942,595713.904194708,0.0785092,0.08,China,97
1831,2,DALYs (Disability-Adjusted Life Years),6,China,3,Both,10,25-29 years,968,Non-rheumatic calcific aortic valve disease,1,Number,2021,577.58755074861,748.268348733894,446.622069193296,86482070.9043593,93028056.7565448,80163484.4257888,7.59144,7.59,China,27
1832,2,DALYs (Disability-Adjusted Life Years),6,China,3,Both,11,30-34 years,968,Non-rheumatic calcific aortic valve disease,1,Number,2021,979.456961397912,1369.01987009885,742.722677826823,121153279.502113,130331410.125577,112290557.790045,7.32171,7.32,China,32
1833,2,DALYs (Disability-Adjusted Life Years),6,China,3,Both,12,35-39 years,968,Non-rheumatic calcific aortic valve disease,1,Number,2021,1095.75199322936,1463.94965045556,839.093740055032,105963255.636324,113982367.104433,98223075.7727965,6.82805,6.83,China,37
1834,2,DALYs (Disability-Adjusted Life Years),6,China,3,Both,13,40-44 years,968,Non-rheumatic calcific aortic valve disease,1,Number,2021,1086.85273588391,1430.69657134695,792.370675170999,91533684.6415661,98456327.3467282,84852935.3102887,6.14735,6.15,China,42
1835,2,DALYs (Disability-Adjusted Life Years),6,China,3,Both,14,45-49 years,968,Non-rheumatic calcific aortic valve disease,1,Number,2021,1593.33334436382,2120.92532969442,1150.08552152395,110321560.932227,118673842.978656,102258447.610609,5.51133,5.51,China,47
1836,2,DALYs (Disability-Adjusted Life Years),6,China,3,Both,15,50-54 years,968,Non-rheumatic calcific aortic valve disease,1,Number,2021,2137.16889517922,2890.43372620392,1596.54973746443,120859033.528416,130013871.642202,112019245.908077,4.91312,4.91,China,52
1837,2,DALYs (Disability-Adjusted Life Years),6,China,3,Both,16,55-59 years,968,Non-rheumatic calcific aortic valve disease,1,Number,2021,3188.89815706418,4381.16146120663,2353.07534959506,109942374.635099,118263065.390651,101910583.197243,4.34586,4.35,China,57
1838,2,DALYs (Disability-Adjusted Life Years),6,China,3,Both,17,60-64 years,968,Non-rheumatic calcific aortic valve disease,1,Number,2021,2983.0683633702,3929.0976650681,2251.45199689877,73005166.3091959,78517317.8009865,67688365.1170174,3.68223,3.68,China,62
1839,2,DALYs (Disability-Adjusted Life Years),6,China,3,Both,18,65-69 years,968,Non-rheumatic calcific aortic valve disease,1,Number,2021,4568.34388489447,6121.15733661116,3445.64960794329,76703511.9952277,82505405.7251053,71103984.5055564,2.98509,2.99,China,67
1840,2,DALYs (Disability-Adjusted Life Years),6,China,3,Both,19,70-74 years,968,Non-rheumatic calcific aortic valve disease,1,Number,2021,5261.75245870929,6990.02080771728,3950.0980832638,53296442.1834049,57326053.2537987,49407824.0138524,2.26526,2.27,China,72
1841,2,DALYs (Disability-Adjusted Life Years),6,China,3,Both,20,75-79 years,968,Non-rheumatic calcific aortic valve disease,1,Number,2021,4401.38016234256,5892.67895749863,3285.3147532657,33118936.9198278,35625315.5381169,30699520.6511587,1.59758,1.6,China,77
1842,2,DALYs (Disability-Adjusted Life Years),6,China,3,Both,30,80-84 years,968,Non-rheumatic calcific aortic valve disease,1,Number,2021,3646.65385439767,4918.31588507387,2760.98767878371,19791855.9591958,21286111.2343708,18350461.7238033,1.09729,1.1,China,82
1843,2,DALYs (Disability-Adjusted Life Years),6,China,3,Both,31,85-89 years,968,Non-rheumatic calcific aortic valve disease,1,Number,2021,2760.95392789818,3619.50012827782,2101.20424791153,9525751.04389445,10241982.404179,8835708.05975537,0.604519,0.6,China,87
1844,2,DALYs (Disability-Adjusted Life Years),6,China,3,Both,32,90-94 years,968,Non-rheumatic calcific aortic valve disease,1,Number,2021,1237.90113442822,1663.6896382152,927.407609223267,2931987.49508033,3150521.32934664,2722002.79218523,0.246663,0.25,China,92
1845,2,DALYs (Disability-Adjusted Life Years),6,China,3,Both,235,95+ years,968,Non-rheumatic calcific aortic valve disease,1,Number,2021,387.110810227981,528.082110243384,278.454298864257,639098.451282971,685273.852270942,595713.904194708,0.0785092,0.08,China,97
1846,2,DALYs (Disability-Adjusted Life Years),6,China,3,Both,10,25-29 years,969,Non-rheumatic degenerative mitral valve disease,1,Number,2021,382.965318711257,532.673072082269,259.850877311306,86482070.9043593,93028056.7565448,80163484.4257888,7.59144,7.59,China,27
1847,2,DALYs (Disability-Adjusted Life Years),6,China,3,Both,11,30-34 years,969,Non-rheumatic degenerative mitral valve disease,1,Number,2021,584.768477081113,781.213125800999,414.258627732263,121153279.502113,130331410.125577,112290557.790045,7.32171,7.32,China,32
1848,2,DALYs (Disability-Adjusted Life Years),6,China,3,Both,12,35-39 years,969,Non-rheumatic degenerative mitral valve disease,1,Number,2021,668.588042844364,921.927519669837,469.977736583143,105963255.636324,113982367.104433,98223075.7727965,6.82805,6.83,China,37
1849,2,DALYs (Disability-Adjusted Life Years),6,China,3,Both,13,40-44 years,969,Non-rheumatic degenerative mitral valve disease,1,Number,2021,686.982245807327,920.405787549636,470.40267266882,91533684.6415661,98456327.3467282,84852935.3102887,6.14735,6.15,China,42
1850,2,DALYs (Disability-Adjusted Life Years),6,China,3,Both,14,45-49 years,969,Non-rheumatic degenerative mitral valve disease,1,Number,2021,986.634599184263,1338.29757555231,678.074342303033,110321560.932227,118673842.978656,102258447.610609,5.51133,5.51,China,47
1851,2,DALYs (Disability-Adjusted Life Years),6,China,3,Both,15,50-54 years,969,Non-rheumatic degenerative mitral valve disease,1,Number,2021,1456.03099802863,1981.06940154843,995.255598151113,120859033.528416,130013871.642202,112019245.908077,4.91312,4.91,China,52
1852,2,DALYs (Disability-Adjusted Life Years),6,China,3,Both,16,55-59 years,969,Non-rheumatic degenerative mitral valve disease,1,Number,2021,2284.89559044507,3124.9229234794,1633.41728086132,109942374.635099,118263065.390651,101910583.197243,4.34586,4.35,China,57
1853,2,DALYs (Disability-Adjusted Life Years),6,China,3,Both,17,60-64 years,969,Non-rheumatic degenerative mitral valve disease,1,Number,2021,2811.97550828401,4047.70473586419,2010.31143207886,73005166.3091959,78517317.8009865,67688365.1170174,3.68223,3.68,China,62
1854,2,DALYs (Disability-Adjusted Life Years),6,China,3,Both,18,65-69 years,969,Non-rheumatic degenerative mitral valve disease,1,Number,2021,6526.67806610097,10162.3814634806,4269.74879679805,76703511.9952277,82505405.7251053,71103984.5055564,2.98509,2.99,China,67
1855,2,DALYs (Disability-Adjusted Life Years),6,China,3,Both,19,70-74 years,969,Non-rheumatic degenerative mitral valve disease,1,Number,2021,10149.7137083576,15724.5674959389,6415.64085602028,53296442.1834049,57326053.2537987,49407824.0138524,2.26526,2.27,China,72
1856,2,DALYs (Disability-Adjusted Life Years),6,China,3,Both,20,75-79 years,969,Non-rheumatic degenerative mitral valve disease,1,Number,2021,10416.4938769329,16290.4476280421,6720.4048432808,33118936.9198278,35625315.5381169,30699520.6511587,1.59758,1.6,China,77
1857,2,DALYs (Disability-Adjusted Life Years),6,China,3,Both,30,80-84 years,969,Non-rheumatic degenerative mitral valve disease,1,Number,2021,8360.95181412173,12703.8983359335,5618.08476946594,19791855.9591958,21286111.2343708,18350461.7238033,1.09729,1.1,China,82
1858,2,DALYs (Disability-Adjusted Life Years),6,China,3,Both,31,85-89 years,969,Non-rheumatic degenerative mitral valve disease,1,Number,2021,5173.50891528156,7570.67029033722,3569.53647736174,9525751.04389445,10241982.404179,8835708.05975537,0.604519,0.6,China,87
1859,2,DALYs (Disability-Adjusted Life Years),6,China,3,Both,32,90-94 years,969,Non-rheumatic degenerative mitral valve disease,1,Number,2021,2000.69314071644,2788.72025140619,1432.44951308795,2931987.49508033,3150521.32934664,2722002.79218523,0.246663,0.25,China,92
1860,2,DALYs (Disability-Adjusted Life Years),6,China,3,Both,235,95+ years,969,Non-rheumatic degenerative mitral valve disease,1,Number,2021,647.11207990839,855.206359522476,471.246204005972,639098.451282971,685273.852270942,595713.904194708,0.0785092,0.08,China,97
1861,2,DALYs (Disability-Adjusted Life Years),6,China,3,Both,10,25-29 years,970,Other non-rheumatic valve diseases,1,Number,2021,118.790179016676,187.51189868245,58.5982673176692,86482070.9043593,93028056.7565448,80163484.4257888,7.59144,7.59,China,27
1862,2,DALYs (Disability-Adjusted Life Years),6,China,3,Both,11,30-34 years,970,Other non-rheumatic valve diseases,1,Number,2021,124.781395425349,210.615550405174,65.9181491457858,121153279.502113,130331410.125577,112290557.790045,7.32171,7.32,China,32
1863,2,DALYs (Disability-Adjusted Life Years),6,China,3,Both,12,35-39 years,970,Other non-rheumatic valve diseases,1,Number,2021,139.078641856507,221.733410806083,72.3420660416744,105963255.636324,113982367.104433,98223075.7727965,6.82805,6.83,China,37
1864,2,DALYs (Disability-Adjusted Life Years),6,China,3,Both,13,40-44 years,970,Other non-rheumatic valve diseases,1,Number,2021,177.563608789412,283.145902932334,89.0501096532533,91533684.6415661,98456327.3467282,84852935.3102887,6.14735,6.15,China,42
1865,2,DALYs (Disability-Adjusted Life Years),6,China,3,Both,14,45-49 years,970,Other non-rheumatic valve diseases,1,Number,2021,158.450974463969,268.809734513742,73.5224143695191,110321560.932227,118673842.978656,102258447.610609,5.51133,5.51,China,47
1866,2,DALYs (Disability-Adjusted Life Years),6,China,3,Both,15,50-54 years,970,Other non-rheumatic valve diseases,1,Number,2021,295.4059513,478.502845403671,146.319188328033,120859033.528416,130013871.642202,112019245.908077,4.91312,4.91,China,52
1867,2,DALYs (Disability-Adjusted Life Years),6,China,3,Both,16,55-59 years,970,Other non-rheumatic valve diseases,1,Number,2021,307.71234553853,500.75816772406,143.374722893696,109942374.635099,118263065.390651,101910583.197243,4.34586,4.35,China,57
1868,2,DALYs (Disability-Adjusted Life Years),6,China,3,Both,17,60-64 years,970,Other non-rheumatic valve diseases,1,Number,2021,309.122123427503,483.622047712653,143.415323085511,73005166.3091959,78517317.8009865,67688365.1170174,3.68223,3.68,China,62
1869,2,DALYs (Disability-Adjusted Life Years),6,China,3,Both,18,65-69 years,970,Other non-rheumatic valve diseases,1,Number,2021,483.050214984491,802.121231812481,238.692838357272,76703511.9952277,82505405.7251053,71103984.5055564,2.98509,2.99,China,67
1870,2,DALYs (Disability-Adjusted Life Years),6,China,3,Both,19,70-74 years,970,Other non-rheumatic valve diseases,1,Number,2021,567.126695570804,967.913219782958,287.7221391,53296442.1834049,57326053.2537987,49407824.0138524,2.26526,2.27,China,72
1871,2,DALYs (Disability-Adjusted Life Years),6,China,3,Both,20,75-79 years,970,Other non-rheumatic valve diseases,1,Number,2021,455.856806169242,723.146145386151,225.198146968522,33118936.9198278,35625315.5381169,30699520.6511587,1.59758,1.6,China,77
1872,2,DALYs (Disability-Adjusted Life Years),6,China,3,Both,30,80-84 years,970,Other non-rheumatic valve diseases,1,Number,2021,393.934026226633,656.367156608482,202.730345269125,19791855.9591958,21286111.2343708,18350461.7238033,1.09729,1.1,China,82
1873,2,DALYs (Disability-Adjusted Life Years),6,China,3,Both,31,85-89 years,970,Other non-rheumatic valve diseases,1,Number,2021,277.009708728015,456.670311456177,133.386453829872,9525751.04389445,10241982.404179,8835708.05975537,0.604519,0.6,China,87
1874,2,DALYs (Disability-Adjusted Life Years),6,China,3,Both,32,90-94 years,970,Other non-rheumatic valve diseases,1,Number,2021,127.391613184954,225.557891782609,66.0875672569275,2931987.49508033,3150521.32934664,2722002.79218523,0.246663,0.25,China,92
1875,2,DALYs (Disability-Adjusted Life Years),6,China,3,Both,235,95+ years,970,Other non-rheumatic valve diseases,1,Number,2021,44.8641591139394,86.1774227850652,22.7230377737346,639098.451282971,685273.852270942,595713.904194708,0.0785092,0.08,China,97
1876,2,DALYs (Disability-Adjusted Life Years),6,China,3,Both,10,25-29 years,977,Atopic dermatitis,1,Number,2021,29145.9767797403,50916.1055732447,15159.7861131947,86482070.9043593,93028056.7565448,80163484.4257888,7.59144,7.59,China,27
1877,2,DALYs (Disability-Adjusted Life Years),6,China,3,Both,11,30-34 years,977,Atopic dermatitis,1,Number,2021,33772.0877298966,58147.2983204346,16946.2983358656,121153279.502113,130331410.125577,112290557.790045,7.32171,7.32,China,32
1878,2,DALYs (Disability-Adjusted Life Years),6,China,3,Both,12,35-39 years,977,Atopic dermatitis,1,Number,2021,25846.3998715972,44676.2970997322,13045.9514163156,105963255.636324,113982367.104433,98223075.7727965,6.82805,6.83,China,37
1879,2,DALYs (Disability-Adjusted Life Years),6,China,3,Both,13,40-44 years,977,Atopic dermatitis,1,Number,2021,21055.3800622656,36596.920098589,10636.4427919007,91533684.6415661,98456327.3467282,84852935.3102887,6.14735,6.15,China,42
1880,2,DALYs (Disability-Adjusted Life Years),6,China,3,Both,14,45-49 years,977,Atopic dermatitis,1,Number,2021,25477.0122632708,43484.719886419,12725.5764584826,110321560.932227,118673842.978656,102258447.610609,5.51133,5.51,China,47
1881,2,DALYs (Disability-Adjusted Life Years),6,China,3,Both,15,50-54 years,977,Atopic dermatitis,1,Number,2021,28612.440957399,50464.828842818,14604.3491885567,120859033.528416,130013871.642202,112019245.908077,4.91312,4.91,China,52
1882,2,DALYs (Disability-Adjusted Life Years),6,China,3,Both,16,55-59 years,977,Atopic dermatitis,1,Number,2021,26967.0739042453,47397.947556532,13893.2041099097,109942374.635099,118263065.390651,101910583.197243,4.34586,4.35,China,57
1883,2,DALYs (Disability-Adjusted Life Years),6,China,3,Both,17,60-64 years,977,Atopic dermatitis,1,Number,2021,18470.5684626919,31599.5922670667,10007.1906742525,73005166.3091959,78517317.8009865,67688365.1170174,3.68223,3.68,China,62
1884,2,DALYs (Disability-Adjusted Life Years),6,China,3,Both,18,65-69 years,977,Atopic dermatitis,1,Number,2021,20049.2257226408,34019.6924195228,10577.3711228896,76703511.9952277,82505405.7251053,71103984.5055564,2.98509,2.99,China,67
1885,2,DALYs (Disability-Adjusted Life Years),6,China,3,Both,19,70-74 years,977,Atopic dermatitis,1,Number,2021,14322.2533878582,24770.1231744102,7463.77226058169,53296442.1834049,57326053.2537987,49407824.0138524,2.26526,2.27,China,72
1886,2,DALYs (Disability-Adjusted Life Years),6,China,3,Both,20,75-79 years,977,Atopic dermatitis,1,Number,2021,9099.06109866374,15981.9254630247,4642.45832872266,33118936.9198278,35625315.5381169,30699520.6511587,1.59758,1.6,China,77
1887,2,DALYs (Disability-Adjusted Life Years),6,China,3,Both,30,80-84 years,977,Atopic dermatitis,1,Number,2021,5416.83203923788,9954.73121446779,2774.63378833858,19791855.9591958,21286111.2343708,18350461.7238033,1.09729,1.1,China,82
1888,2,DALYs (Disability-Adjusted Life Years),6,China,3,Both,31,85-89 years,977,Atopic dermatitis,1,Number,2021,2451.91706220891,4435.31815342785,1309.8306832721,9525751.04389445,10241982.404179,8835708.05975537,0.604519,0.6,China,87
1889,2,DALYs (Disability-Adjusted Life Years),6,China,3,Both,32,90-94 years,977,Atopic dermatitis,1,Number,2021,657.059134818974,1163.87355482643,348.230912586126,2931987.49508033,3150521.32934664,2722002.79218523,0.246663,0.25,China,92
1890,2,DALYs (Disability-Adjusted Life Years),6,China,3,Both,10,25-29 years,942,Myocarditis,1,Number,2021,11557.6443200681,15070.606200462,7589.67986263728,86482070.9043593,93028056.7565448,80163484.4257888,7.59144,7.59,China,27
1891,2,DALYs (Disability-Adjusted Life Years),6,China,3,Both,11,30-34 years,942,Myocarditis,1,Number,2021,15184.8013039022,20072.2697545639,9631.29652329169,121153279.502113,130331410.125577,112290557.790045,7.32171,7.32,China,32
1892,2,DALYs (Disability-Adjusted Life Years),6,China,3,Both,12,35-39 years,942,Myocarditis,1,Number,2021,16047.6211310383,21914.5880450584,9397.54529061054,105963255.636324,113982367.104433,98223075.7727965,6.82805,6.83,China,37
1893,2,DALYs (Disability-Adjusted Life Years),6,China,3,Both,13,40-44 years,942,Myocarditis,1,Number,2021,14064.181809108,19516.6810638555,8423.48201455523,91533684.6415661,98456327.3467282,84852935.3102887,6.14735,6.15,China,42
1894,2,DALYs (Disability-Adjusted Life Years),6,China,3,Both,14,45-49 years,942,Myocarditis,1,Number,2021,14540.0919024152,20227.5162064809,8787.84961866049,110321560.932227,118673842.978656,102258447.610609,5.51133,5.51,China,47
1895,2,DALYs (Disability-Adjusted Life Years),6,China,3,Both,15,50-54 years,942,Myocarditis,1,Number,2021,15626.8455615546,21797.2542517323,9563.61612367845,120859033.528416,130013871.642202,112019245.908077,4.91312,4.91,China,52
1896,2,DALYs (Disability-Adjusted Life Years),6,China,3,Both,16,55-59 years,942,Myocarditis,1,Number,2021,21714.4773331047,30883.7385188985,12475.4429428103,109942374.635099,118263065.390651,101910583.197243,4.34586,4.35,China,57
1897,2,DALYs (Disability-Adjusted Life Years),6,China,3,Both,17,60-64 years,942,Myocarditis,1,Number,2021,14539.6389827243,19899.2764241611,8929.25668443123,73005166.3091959,78517317.8009865,67688365.1170174,3.68223,3.68,China,62
1898,2,DALYs (Disability-Adjusted Life Years),6,China,3,Both,18,65-69 years,942,Myocarditis,1,Number,2021,21750.9940252558,30084.5248010309,13536.3139583284,76703511.9952277,82505405.7251053,71103984.5055564,2.98509,2.99,China,67
1899,2,DALYs (Disability-Adjusted Life Years),6,China,3,Both,19,70-74 years,942,Myocarditis,1,Number,2021,23822.8756839435,32134.6610962786,15587.5619169167,53296442.1834049,57326053.2537987,49407824.0138524,2.26526,2.27,China,72
1900,2,DALYs (Disability-Adjusted Life Years),6,China,3,Both,20,75-79 years,942,Myocarditis,1,Number,2021,23493.9969107702,31754.3805277152,14864.2752142435,33118936.9198278,35625315.5381169,30699520.6511587,1.59758,1.6,China,77
1901,2,DALYs (Disability-Adjusted Life Years),6,China,3,Both,30,80-84 years,942,Myocarditis,1,Number,2021,25946.1357666735,34338.7844609111,16606.5628377211,19791855.9591958,21286111.2343708,18350461.7238033,1.09729,1.1,China,82
1902,2,DALYs (Disability-Adjusted Life Years),6,China,3,Both,31,85-89 years,942,Myocarditis,1,Number,2021,24009.6474589184,31604.3394592511,15393.1228141275,9525751.04389445,10241982.404179,8835708.05975537,0.604519,0.6,China,87
1903,2,DALYs (Disability-Adjusted Life Years),6,China,3,Both,32,90-94 years,942,Myocarditis,1,Number,2021,15527.360521787,20936.8708595499,9732.72669589768,2931987.49508033,3150521.32934664,2722002.79218523,0.246663,0.25,China,92
1904,2,DALYs (Disability-Adjusted Life Years),6,China,3,Both,235,95+ years,942,Myocarditis,1,Number,2021,5323.03256761382,7973.88960485832,3016.93450828465,639098.451282971,685273.852270942,595713.904194708,0.0785092,0.08,China,97
1905,2,DALYs (Disability-Adjusted Life Years),6,China,3,Both,10,25-29 years,943,Other leukemia,1,Number,2021,21699.3886062786,29946.9537411825,8778.20365739882,86482070.9043593,93028056.7565448,80163484.4257888,7.59144,7.59,China,27
1906,2,DALYs (Disability-Adjusted Life Years),6,China,3,Both,11,30-34 years,943,Other leukemia,1,Number,2021,29600.6230243523,39720.3632471269,13919.7547660224,121153279.502113,130331410.125577,112290557.790045,7.32171,7.32,China,32
1907,2,DALYs (Disability-Adjusted Life Years),6,China,3,Both,12,35-39 years,943,Other leukemia,1,Number,2021,28413.9023172206,39380.1669725647,14245.0755052561,105963255.636324,113982367.104433,98223075.7727965,6.82805,6.83,China,37
1908,2,DALYs (Disability-Adjusted Life Years),6,China,3,Both,13,40-44 years,943,Other leukemia,1,Number,2021,26901.1046364253,43128.6470819354,12348.8199383263,91533684.6415661,98456327.3467282,84852935.3102887,6.14735,6.15,China,42
1909,2,DALYs (Disability-Adjusted Life Years),6,China,3,Both,14,45-49 years,943,Other leukemia,1,Number,2021,30517.3895079471,47018.5235496833,13776.2398008146,110321560.932227,118673842.978656,102258447.610609,5.51133,5.51,China,47
1910,2,DALYs (Disability-Adjusted Life Years),6,China,3,Both,15,50-54 years,943,Other leukemia,1,Number,2021,41907.1662477186,60102.5694140337,20967.9280317395,120859033.528416,130013871.642202,112019245.908077,4.91312,4.91,China,52
1911,2,DALYs (Disability-Adjusted Life Years),6,China,3,Both,16,55-59 years,943,Other leukemia,1,Number,2021,42383.7722370818,62982.5372532038,19006.2557163947,109942374.635099,118263065.390651,101910583.197243,4.34586,4.35,China,57
1912,2,DALYs (Disability-Adjusted Life Years),6,China,3,Both,17,60-64 years,943,Other leukemia,1,Number,2021,34355.2953618349,49402.1428286972,15043.9162312771,73005166.3091959,78517317.8009865,67688365.1170174,3.68223,3.68,China,62
1913,2,DALYs (Disability-Adjusted Life Years),6,China,3,Both,18,65-69 years,943,Other leukemia,1,Number,2021,42781.8611823755,60737.6672909449,21439.1136018866,76703511.9952277,82505405.7251053,71103984.5055564,2.98509,2.99,China,67
1914,2,DALYs (Disability-Adjusted Life Years),6,China,3,Both,19,70-74 years,943,Other leukemia,1,Number,2021,33708.9204969476,46608.4932095052,16457.4749659398,53296442.1834049,57326053.2537987,49407824.0138524,2.26526,2.27,China,72
1915,2,DALYs (Disability-Adjusted Life Years),6,China,3,Both,20,75-79 years,943,Other leukemia,1,Number,2021,20931.8340450541,30700.6494429727,9658.65110209328,33118936.9198278,35625315.5381169,30699520.6511587,1.59758,1.6,China,77
1916,2,DALYs (Disability-Adjusted Life Years),6,China,3,Both,30,80-84 years,943,Other leukemia,1,Number,2021,10550.5305518502,15636.7868231285,5753.83110507997,19791855.9591958,21286111.2343708,18350461.7238033,1.09729,1.1,China,82
1917,2,DALYs (Disability-Adjusted Life Years),6,China,3,Both,31,85-89 years,943,Other leukemia,1,Number,2021,4579.19934197145,6833.82576896869,2324.71897837919,9525751.04389445,10241982.404179,8835708.05975537,0.604519,0.6,China,87
1918,2,DALYs (Disability-Adjusted Life Years),6,China,3,Both,32,90-94 years,943,Other leukemia,1,Number,2021,1323.02135806741,2003.09491444792,738.288931656313,2931987.49508033,3150521.32934664,2722002.79218523,0.246663,0.25,China,92
1919,2,DALYs (Disability-Adjusted Life Years),6,China,3,Both,235,95+ years,943,Other leukemia,1,Number,2021,271.791053001695,427.144414131801,142.463593995521,639098.451282971,685273.852270942,595713.904194708,0.0785092,0.08,China,97
1920,2,DALYs (Disability-Adjusted Life Years),6,China,3,Both,10,25-29 years,944,Other cardiomyopathy,1,Number,2021,9533.68733314551,13287.8164334675,7002.41775731544,86482070.9043593,93028056.7565448,80163484.4257888,7.59144,7.59,China,27
1921,2,DALYs (Disability-Adjusted Life Years),6,China,3,Both,11,30-34 years,944,Other cardiomyopathy,1,Number,2021,15028.590234896,21239.0003510619,11182.3859807412,121153279.502113,130331410.125577,112290557.790045,7.32171,7.32,China,32
1922,2,DALYs (Disability-Adjusted Life Years),6,China,3,Both,12,35-39 years,944,Other cardiomyopathy,1,Number,2021,18690.827865997,25837.8397635307,13723.9726579251,105963255.636324,113982367.104433,98223075.7727965,6.82805,6.83,China,37
1923,2,DALYs (Disability-Adjusted Life Years),6,China,3,Both,13,40-44 years,944,Other cardiomyopathy,1,Number,2021,18497.2412657614,25429.1158046645,13595.2913594868,91533684.6415661,98456327.3467282,84852935.3102887,6.14735,6.15,China,42
1924,2,DALYs (Disability-Adjusted Life Years),6,China,3,Both,14,45-49 years,944,Other cardiomyopathy,1,Number,2021,22786.5166843516,32356.8997089458,16575.3794678363,110321560.932227,118673842.978656,102258447.610609,5.51133,5.51,China,47
1925,2,DALYs (Disability-Adjusted Life Years),6,China,3,Both,15,50-54 years,944,Other cardiomyopathy,1,Number,2021,30709.9689923157,43150.3088582461,22528.4081668376,120859033.528416,130013871.642202,112019245.908077,4.91312,4.91,China,52
1926,2,DALYs (Disability-Adjusted Life Years),6,China,3,Both,16,55-59 years,944,Other cardiomyopathy,1,Number,2021,40167.2004982677,54102.5790445756,30068.1153526923,109942374.635099,118263065.390651,101910583.197243,4.34586,4.35,China,57
1927,2,DALYs (Disability-Adjusted Life Years),6,China,3,Both,17,60-64 years,944,Other cardiomyopathy,1,Number,2021,27238.3261263051,36347.7096661526,20653.1953919475,73005166.3091959,78517317.8009865,67688365.1170174,3.68223,3.68,China,62
1928,2,DALYs (Disability-Adjusted Life Years),6,China,3,Both,18,65-69 years,944,Other cardiomyopathy,1,Number,2021,35978.1239808083,47956.9640981976,28011.5161786534,76703511.9952277,82505405.7251053,71103984.5055564,2.98509,2.99,China,67
1929,2,DALYs (Disability-Adjusted Life Years),6,China,3,Both,19,70-74 years,944,Other cardiomyopathy,1,Number,2021,30467.2670331168,40117.9100081428,23835.3241270215,53296442.1834049,57326053.2537987,49407824.0138524,2.26526,2.27,China,72
1930,2,DALYs (Disability-Adjusted Life Years),6,China,3,Both,20,75-79 years,944,Other cardiomyopathy,1,Number,2021,26675.2346286979,35862.1953797608,20313.3827822539,33118936.9198278,35625315.5381169,30699520.6511587,1.59758,1.6,China,77
1931,2,DALYs (Disability-Adjusted Life Years),6,China,3,Both,30,80-84 years,944,Other cardiomyopathy,1,Number,2021,22974.2713534669,32295.5154634492,16476.0359129248,19791855.9591958,21286111.2343708,18350461.7238033,1.09729,1.1,China,82
1932,2,DALYs (Disability-Adjusted Life Years),6,China,3,Both,31,85-89 years,944,Other cardiomyopathy,1,Number,2021,19070.074368986,26718.9913670856,12950.2312562283,9525751.04389445,10241982.404179,8835708.05975537,0.604519,0.6,China,87
1933,2,DALYs (Disability-Adjusted Life Years),6,China,3,Both,32,90-94 years,944,Other cardiomyopathy,1,Number,2021,10250.3667225024,14400.2903648493,7108.43738205252,2931987.49508033,3150521.32934664,2722002.79218523,0.246663,0.25,China,92
1934,2,DALYs (Disability-Adjusted Life Years),6,China,3,Both,235,95+ years,944,Other cardiomyopathy,1,Number,2021,4001.10044445732,6130.93869804331,2532.80898973541,639098.451282971,685273.852270942,595713.904194708,0.0785092,0.08,China,97
1935,2,DALYs (Disability-Adjusted Life Years),6,China,3,Both,10,25-29 years,947,Extensively drug-resistant tuberculosis,1,Number,2021,554.348086247675,1770.5565780657,80.9546585066915,86482070.9043593,93028056.7565448,80163484.4257888,7.59144,7.59,China,27
1936,2,DALYs (Disability-Adjusted Life Years),6,China,3,Both,11,30-34 years,947,Extensively drug-resistant tuberculosis,1,Number,2021,845.585924709701,2704.92595651257,126.73963105517,121153279.502113,130331410.125577,112290557.790045,7.32171,7.32,China,32
1937,2,DALYs (Disability-Adjusted Life Years),6,China,3,Both,12,35-39 years,947,Extensively drug-resistant tuberculosis,1,Number,2021,752.213650923155,2235.93077756547,117.719859668371,105963255.636324,113982367.104433,98223075.7727965,6.82805,6.83,China,37
1938,2,DALYs (Disability-Adjusted Life Years),6,China,3,Both,13,40-44 years,947,Extensively drug-resistant tuberculosis,1,Number,2021,835.281191449834,2631.48450518006,126.822488655499,91533684.6415661,98456327.3467282,84852935.3102887,6.14735,6.15,China,42
1939,2,DALYs (Disability-Adjusted Life Years),6,China,3,Both,14,45-49 years,947,Extensively drug-resistant tuberculosis,1,Number,2021,1195.3745304733,3823.58587285726,182.405370644201,110321560.932227,118673842.978656,102258447.610609,5.51133,5.51,China,47
1940,2,DALYs (Disability-Adjusted Life Years),6,China,3,Both,15,50-54 years,947,Extensively drug-resistant tuberculosis,1,Number,2021,1618.70173461481,5087.54527243187,245.555972627863,120859033.528416,130013871.642202,112019245.908077,4.91312,4.91,China,52
1941,2,DALYs (Disability-Adjusted Life Years),6,China,3,Both,16,55-59 years,947,Extensively drug-resistant tuberculosis,1,Number,2021,1517.09220501474,4631.18251676047,231.019754635733,109942374.635099,118263065.390651,101910583.197243,4.34586,4.35,China,57
1942,2,DALYs (Disability-Adjusted Life Years),6,China,3,Both,17,60-64 years,947,Extensively drug-resistant tuberculosis,1,Number,2021,1485.77675922991,4637.29174137325,223.793905204643,73005166.3091959,78517317.8009865,67688365.1170174,3.68223,3.68,China,62
1943,2,DALYs (Disability-Adjusted Life Years),6,China,3,Both,18,65-69 years,947,Extensively drug-resistant tuberculosis,1,Number,2021,2054.71452382398,6436.76418605226,317.982706139582,76703511.9952277,82505405.7251053,71103984.5055564,2.98509,2.99,China,67
1944,2,DALYs (Disability-Adjusted Life Years),6,China,3,Both,19,70-74 years,947,Extensively drug-resistant tuberculosis,1,Number,2021,1879.39905185907,5942.70371420523,303.038346122616,53296442.1834049,57326053.2537987,49407824.0138524,2.26526,2.27,China,72
1945,2,DALYs (Disability-Adjusted Life Years),6,China,3,Both,20,75-79 years,947,Extensively drug-resistant tuberculosis,1,Number,2021,1307.27940124755,3953.80875590666,211.189245119866,33118936.9198278,35625315.5381169,30699520.6511587,1.59758,1.6,China,77
1946,2,DALYs (Disability-Adjusted Life Years),6,China,3,Both,30,80-84 years,947,Extensively drug-resistant tuberculosis,1,Number,2021,899.699331641539,2762.77106125335,142.659582552979,19791855.9591958,21286111.2343708,18350461.7238033,1.09729,1.1,China,82
1947,2,DALYs (Disability-Adjusted Life Years),6,China,3,Both,31,85-89 years,947,Extensively drug-resistant tuberculosis,1,Number,2021,385.637627949252,1216.94392186546,62.4234784637584,9525751.04389445,10241982.404179,8835708.05975537,0.604519,0.6,China,87
1948,2,DALYs (Disability-Adjusted Life Years),6,China,3,Both,32,90-94 years,947,Extensively drug-resistant tuberculosis,1,Number,2021,80.123832726243,243.257711567284,12.7967848441717,2931987.49508033,3150521.32934664,2722002.79218523,0.246663,0.25,China,92
1949,2,DALYs (Disability-Adjusted Life Years),6,China,3,Both,235,95+ years,947,Extensively drug-resistant tuberculosis,1,Number,2021,14.1101926091746,43.5069844283147,2.34374686730165,639098.451282971,685273.852270942,595713.904194708,0.0785092,0.08,China,97
1950,2,DALYs (Disability-Adjusted Life Years),6,China,3,Both,235,95+ years,721,Self-harm by firearm,1,Number,2021,4.78638584579369,6.78814621910109,3.52770019581265,639098.451282971,685273.852270942,595713.904194708,0.0785092,0.08,China,97
1951,2,DALYs (Disability-Adjusted Life Years),6,China,3,Both,10,25-29 years,729,Exposure to forces of nature,1,Number,2021,5015.40991864026,6706.8401514728,3826.90604352808,86482070.9043593,93028056.7565448,80163484.4257888,7.59144,7.59,China,27
1952,2,DALYs (Disability-Adjusted Life Years),6,China,3,Both,11,30-34 years,729,Exposure to forces of nature,1,Number,2021,5922.74230422829,7804.80750018239,4601.71608976129,121153279.502113,130331410.125577,112290557.790045,7.32171,7.32,China,32
1953,2,DALYs (Disability-Adjusted Life Years),6,China,3,Both,12,35-39 years,729,Exposure to forces of nature,1,Number,2021,4624.26736252095,6375.77315323793,3498.65019437191,105963255.636324,113982367.104433,98223075.7727965,6.82805,6.83,China,37
1954,2,DALYs (Disability-Adjusted Life Years),6,China,3,Both,13,40-44 years,729,Exposure to forces of nature,1,Number,2021,4579.47381011263,6270.74388258759,3376.45461280665,91533684.6415661,98456327.3467282,84852935.3102887,6.14735,6.15,China,42
1955,2,DALYs (Disability-Adjusted Life Years),6,China,3,Both,14,45-49 years,729,Exposure to forces of nature,1,Number,2021,3974.74570404924,5636.74834738458,2839.21816456666,110321560.932227,118673842.978656,102258447.610609,5.51133,5.51,China,47
1956,2,DALYs (Disability-Adjusted Life Years),6,China,3,Both,15,50-54 years,729,Exposure to forces of nature,1,Number,2021,3168.38647029761,4160.66158485342,2414.45851755259,120859033.528416,130013871.642202,112019245.908077,4.91312,4.91,China,52
1957,2,DALYs (Disability-Adjusted Life Years),6,China,3,Both,16,55-59 years,729,Exposure to forces of nature,1,Number,2021,2894.3180967345,3796.25893062155,2336.55579051224,109942374.635099,118263065.390651,101910583.197243,4.34586,4.35,China,57
1958,2,DALYs (Disability-Adjusted Life Years),6,China,3,Both,17,60-64 years,729,Exposure to forces of nature,1,Number,2021,1582.95811211351,2022.58377281491,1281.14775110825,73005166.3091959,78517317.8009865,67688365.1170174,3.68223,3.68,China,62
1959,2,DALYs (Disability-Adjusted Life Years),6,China,3,Both,18,65-69 years,729,Exposure to forces of nature,1,Number,2021,2955.36271865462,3664.50984464577,2463.21269698496,76703511.9952277,82505405.7251053,71103984.5055564,2.98509,2.99,China,67
1960,2,DALYs (Disability-Adjusted Life Years),6,China,3,Both,19,70-74 years,729,Exposure to forces of nature,1,Number,2021,2202.55911657948,2717.49501065068,1806.09979529989,53296442.1834049,57326053.2537987,49407824.0138524,2.26526,2.27,China,72
1961,2,DALYs (Disability-Adjusted Life Years),6,China,3,Both,20,75-79 years,729,Exposure to forces of nature,1,Number,2021,1665.46720751257,2059.63736568652,1341.39312479901,33118936.9198278,35625315.5381169,30699520.6511587,1.59758,1.6,China,77
1962,2,DALYs (Disability-Adjusted Life Years),6,China,3,Both,30,80-84 years,729,Exposure to forces of nature,1,Number,2021,1452.94081196012,1878.79472103058,1142.30571416637,19791855.9591958,21286111.2343708,18350461.7238033,1.09729,1.1,China,82
1963,2,DALYs (Disability-Adjusted Life Years),6,China,3,Both,31,85-89 years,729,Exposure to forces of nature,1,Number,2021,780.623096753064,1005.60544803745,612.388140649656,9525751.04389445,10241982.404179,8835708.05975537,0.604519,0.6,China,87
1964,2,DALYs (Disability-Adjusted Life Years),6,China,3,Both,32,90-94 years,729,Exposure to forces of nature,1,Number,2021,238.518996206768,319.734987348643,177.79326024975,2931987.49508033,3150521.32934664,2722002.79218523,0.246663,0.25,China,92
1965,2,DALYs (Disability-Adjusted Life Years),6,China,3,Both,235,95+ years,729,Exposure to forces of nature,1,Number,2021,58.7908001334178,78.8434200138547,43.8983561900121,639098.451282971,685273.852270942,595713.904194708,0.0785092,0.08,China,97
1966,2,DALYs (Disability-Adjusted Life Years),6,China,3,Both,10,25-29 years,839,G6PD trait,1,Number,2021,58.7400267293041,88.6621236241486,38.8928872538684,86482070.9043593,93028056.7565448,80163484.4257888,7.59144,7.59,China,27
1967,2,DALYs (Disability-Adjusted Life Years),6,China,3,Both,11,30-34 years,839,G6PD trait,1,Number,2021,90.970561859471,134.325590866636,59.1111609547013,121153279.502113,130331410.125577,112290557.790045,7.32171,7.32,China,32
1968,2,DALYs (Disability-Adjusted Life Years),6,China,3,Both,12,35-39 years,839,G6PD trait,1,Number,2021,85.668598342298,127.283115679654,55.861473491342,105963255.636324,113982367.104433,98223075.7727965,6.82805,6.83,China,37
1969,2,DALYs (Disability-Adjusted Life Years),6,China,3,Both,13,40-44 years,839,G6PD trait,1,Number,2021,73.0981420849034,106.125099751548,47.7990806444586,91533684.6415661,98456327.3467282,84852935.3102887,6.14735,6.15,China,42
1970,2,DALYs (Disability-Adjusted Life Years),6,China,3,Both,14,45-49 years,839,G6PD trait,1,Number,2021,87.9459244537298,129.065293189832,58.3923913543492,110321560.932227,118673842.978656,102258447.610609,5.51133,5.51,China,47
1971,2,DALYs (Disability-Adjusted Life Years),6,China,3,Both,15,50-54 years,839,G6PD trait,1,Number,2021,54.7055481062263,81.3925002986489,34.7315697060691,120859033.528416,130013871.642202,112019245.908077,4.91312,4.91,China,52
1972,2,DALYs (Disability-Adjusted Life Years),6,China,3,Both,16,55-59 years,839,G6PD trait,1,Number,2021,57.2969959746694,86.0435279349631,36.5028907467026,109942374.635099,118263065.390651,101910583.197243,4.34586,4.35,China,57
1973,2,DALYs (Disability-Adjusted Life Years),6,China,3,Both,17,60-64 years,839,G6PD trait,1,Number,2021,41.9220853604928,61.2324546053401,27.5687346720498,73005166.3091959,78517317.8009865,67688365.1170174,3.68223,3.68,China,62
1974,2,DALYs (Disability-Adjusted Life Years),6,China,3,Both,18,65-69 years,839,G6PD trait,1,Number,2021,50.8505374198269,76.0469163038273,32.5769480424979,76703511.9952277,82505405.7251053,71103984.5055564,2.98509,2.99,China,67
1975,2,DALYs (Disability-Adjusted Life Years),6,China,3,Both,19,70-74 years,839,G6PD trait,1,Number,2021,43.8012506937666,62.8383337416198,28.4283264888635,53296442.1834049,57326053.2537987,49407824.0138524,2.26526,2.27,China,72
1976,2,DALYs (Disability-Adjusted Life Years),6,China,3,Both,20,75-79 years,839,G6PD trait,1,Number,2021,33.9213770318615,48.466676371376,23.0568570741692,33118936.9198278,35625315.5381169,30699520.6511587,1.59758,1.6,China,77
1977,2,DALYs (Disability-Adjusted Life Years),6,China,3,Both,30,80-84 years,839,G6PD trait,1,Number,2021,24.5241146369614,34.9996571923118,16.2059608100939,19791855.9591958,21286111.2343708,18350461.7238033,1.09729,1.1,China,82
1978,2,DALYs (Disability-Adjusted Life Years),6,China,3,Both,31,85-89 years,839,G6PD trait,1,Number,2021,14.166716487022,20.7651985178235,9.52516908109176,9525751.04389445,10241982.404179,8835708.05975537,0.604519,0.6,China,87
1979,2,DALYs (Disability-Adjusted Life Years),6,China,3,Both,32,90-94 years,839,G6PD trait,1,Number,2021,10.1872185138214,15.2313414471209,6.50558461928297,2931987.49508033,3150521.32934664,2722002.79218523,0.246663,0.25,China,92
1980,2,DALYs (Disability-Adjusted Life Years),6,China,3,Both,235,95+ years,839,G6PD trait,1,Number,2021,3.15099548341279,4.55330296967124,1.95367961669897,639098.451282971,685273.852270942,595713.904194708,0.0785092,0.08,China,97
1981,2,DALYs (Disability-Adjusted Life Years),6,China,3,Both,10,25-29 years,842,Environmental heat and cold exposure,1,Number,2021,8089.60128062682,13434.3244482218,4965.56192758484,86482070.9043593,93028056.7565448,80163484.4257888,7.59144,7.59,China,27
1982,2,DALYs (Disability-Adjusted Life Years),6,China,3,Both,11,30-34 years,842,Environmental heat and cold exposure,1,Number,2021,12789.2807407277,20816.3357654612,7995.0470140489,121153279.502113,130331410.125577,112290557.790045,7.32171,7.32,China,32
1983,2,DALYs (Disability-Adjusted Life Years),6,China,3,Both,12,35-39 years,842,Environmental heat and cold exposure,1,Number,2021,13486.8453047587,23143.0671071028,8190.91961699406,105963255.636324,113982367.104433,98223075.7727965,6.82805,6.83,China,37
1984,2,DALYs (Disability-Adjusted Life Years),6,China,3,Both,13,40-44 years,842,Environmental heat and cold exposure,1,Number,2021,12552.0732918028,21286.5741423118,7123.7187907166,91533684.6415661,98456327.3467282,84852935.3102887,6.14735,6.15,China,42
1985,2,DALYs (Disability-Adjusted Life Years),6,China,3,Both,14,45-49 years,842,Environmental heat and cold exposure,1,Number,2021,15225.6443629745,25381.2853392013,8707.04192012143,110321560.932227,118673842.978656,102258447.610609,5.51133,5.51,China,47
1986,2,DALYs (Disability-Adjusted Life Years),6,China,3,Both,15,50-54 years,842,Environmental heat and cold exposure,1,Number,2021,16493.8566952293,26864.0296952537,9189.30238575286,120859033.528416,130013871.642202,112019245.908077,4.91312,4.91,China,52
1987,2,DALYs (Disability-Adjusted Life Years),6,China,3,Both,16,55-59 years,842,Environmental heat and cold exposure,1,Number,2021,15056.9771584978,24210.0210916606,8287.94171408864,109942374.635099,118263065.390651,101910583.197243,4.34586,4.35,China,57
1988,2,DALYs (Disability-Adjusted Life Years),6,China,3,Both,17,60-64 years,842,Environmental heat and cold exposure,1,Number,2021,10670.4120141834,15734.0412463451,6080.64582470067,73005166.3091959,78517317.8009865,67688365.1170174,3.68223,3.68,China,62
1989,2,DALYs (Disability-Adjusted Life Years),6,China,3,Both,18,65-69 years,842,Environmental heat and cold exposure,1,Number,2021,12481.141262278,17873.4097487194,6981.45095707506,76703511.9952277,82505405.7251053,71103984.5055564,2.98509,2.99,China,67
1990,2,DALYs (Disability-Adjusted Life Years),6,China,3,Both,19,70-74 years,842,Environmental heat and cold exposure,1,Number,2021,10828.5745495881,15024.1315959539,5732.86336231061,53296442.1834049,57326053.2537987,49407824.0138524,2.26526,2.27,China,72
1991,2,DALYs (Disability-Adjusted Life Years),6,China,3,Both,20,75-79 years,842,Environmental heat and cold exposure,1,Number,2021,9304.79077136707,13328.2431719508,4457.29184585702,33118936.9198278,35625315.5381169,30699520.6511587,1.59758,1.6,China,77
1992,2,DALYs (Disability-Adjusted Life Years),6,China,3,Both,30,80-84 years,842,Environmental heat and cold exposure,1,Number,2021,9142.43860929755,12833.6875220769,4106.48091390944,19791855.9591958,21286111.2343708,18350461.7238033,1.09729,1.1,China,82
1993,2,DALYs (Disability-Adjusted Life Years),6,China,3,Both,31,85-89 years,842,Environmental heat and cold exposure,1,Number,2021,7169.69098401065,9818.78871541585,3169.78435231572,9525751.04389445,10241982.404179,8835708.05975537,0.604519,0.6,China,87
1994,2,DALYs (Disability-Adjusted Life Years),6,China,3,Both,32,90-94 years,842,Environmental heat and cold exposure,1,Number,2021,3262.11723668558,4428.17901392201,1374.74657824212,2931987.49508033,3150521.32934664,2722002.79218523,0.246663,0.25,China,92
1995,2,DALYs (Disability-Adjusted Life Years),6,China,3,Both,235,95+ years,842,Environmental heat and cold exposure,1,Number,2021,896.765583341463,1225.62692174947,374.053892694728,639098.451282971,685273.852270942,595713.904194708,0.0785092,0.08,China,97
1996,2,DALYs (Disability-Adjusted Life Years),6,China,3,Both,10,25-29 years,845,Acute lymphoid leukemia,1,Number,2021,45419.0028627905,59599.4055511401,23847.6360123842,86482070.9043593,93028056.7565448,80163484.4257888,7.59144,7.59,China,27
1997,2,DALYs (Disability-Adjusted Life Years),6,China,3,Both,11,30-34 years,845,Acute lymphoid leukemia,1,Number,2021,61134.1236060608,80489.9413720729,33898.8265502794,121153279.502113,130331410.125577,112290557.790045,7.32171,7.32,China,32
1998,2,DALYs (Disability-Adjusted Life Years),6,China,3,Both,12,35-39 years,845,Acute lymphoid leukemia,1,Number,2021,51676.434651796,68865.6393446807,27254.0471116367,105963255.636324,113982367.104433,98223075.7727965,6.82805,6.83,China,37
1999,2,DALYs (Disability-Adjusted Life Years),6,China,3,Both,13,40-44 years,845,Acute lymphoid leukemia,1,Number,2021,42090.9387636914,58352.1943211604,22926.9611518223,91533684.6415661,98456327.3467282,84852935.3102887,6.14735,6.15,China,42
2000,2,DALYs (Disability-Adjusted Life Years),6,China,3,Both,14,45-49 years,845,Acute lymphoid leukemia,1,Number,2021,48089.4484391143,69217.0997036322,25342.0151634932,110321560.932227,118673842.978656,102258447.610609,5.51133,5.51,China,47
2001,2,DALYs (Disability-Adjusted Life Years),6,China,3,Both,15,50-54 years,845,Acute lymphoid leukemia,1,Number,2021,54561.5159532344,76660.7170407365,27055.3743688447,120859033.528416,130013871.642202,112019245.908077,4.91312,4.91,China,52
2002,2,DALYs (Disability-Adjusted Life Years),6,China,3,Both,16,55-59 years,845,Acute lymphoid leukemia,1,Number,2021,59846.6370625032,82705.4537080733,29436.0380833187,109942374.635099,118263065.390651,101910583.197243,4.34586,4.35,China,57
2003,2,DALYs (Disability-Adjusted Life Years),6,China,3,Both,17,60-64 years,845,Acute lymphoid leukemia,1,Number,2021,43623.8745093268,60647.7102769089,23224.4532863128,73005166.3091959,78517317.8009865,67688365.1170174,3.68223,3.68,China,62
2004,2,DALYs (Disability-Adjusted Life Years),6,China,3,Both,18,65-69 years,845,Acute lymphoid leukemia,1,Number,2021,46662.9757413639,63847.3289670136,23616.3915640363,76703511.9952277,82505405.7251053,71103984.5055564,2.98509,2.99,China,67
2005,2,DALYs (Disability-Adjusted Life Years),6,China,3,Both,19,70-74 years,845,Acute lymphoid leukemia,1,Number,2021,35816.2332531799,50795.1680842617,18288.4833747867,53296442.1834049,57326053.2537987,49407824.0138524,2.26526,2.27,China,72
2006,2,DALYs (Disability-Adjusted Life Years),6,China,3,Both,20,75-79 years,845,Acute lymphoid leukemia,1,Number,2021,20550.4816035404,29170.1583237368,10360.4466276646,33118936.9198278,35625315.5381169,30699520.6511587,1.59758,1.6,China,77
2007,2,DALYs (Disability-Adjusted Life Years),6,China,3,Both,30,80-84 years,845,Acute lymphoid leukemia,1,Number,2021,10039.1440059202,14038.5004801659,5828.50111476011,19791855.9591958,21286111.2343708,18350461.7238033,1.09729,1.1,China,82
2008,2,DALYs (Disability-Adjusted Life Years),6,China,3,Both,31,85-89 years,845,Acute lymphoid leukemia,1,Number,2021,4218.71328881066,6153.70149064365,2167.49308266722,9525751.04389445,10241982.404179,8835708.05975537,0.604519,0.6,China,87
2009,2,DALYs (Disability-Adjusted Life Years),6,China,3,Both,32,90-94 years,845,Acute lymphoid leukemia,1,Number,2021,969.3395587,1449.15218247629,537.254493425246,2931987.49508033,3150521.32934664,2722002.79218523,0.246663,0.25,China,92
2010,2,DALYs (Disability-Adjusted Life Years),6,China,3,Both,235,95+ years,845,Acute lymphoid leukemia,1,Number,2021,136.776154010726,207.055037317823,76.0733441382974,639098.451282971,685273.852270942,595713.904194708,0.0785092,0.08,China,97
2011,2,DALYs (Disability-Adjusted Life Years),6,China,3,Both,10,25-29 years,846,Chronic lymphoid leukemia,1,Number,2021,9989.32465467245,13507.5440378534,4999.18309096168,86482070.9043593,93028056.7565448,80163484.4257888,7.59144,7.59,China,27
2012,2,DALYs (Disability-Adjusted Life Years),6,China,3,Both,11,30-34 years,846,Chronic lymphoid leukemia,1,Number,2021,17123.193621239,24490.1881953188,9962.6858188722,121153279.502113,130331410.125577,112290557.790045,7.32171,7.32,China,32
2013,2,DALYs (Disability-Adjusted Life Years),6,China,3,Both,12,35-39 years,846,Chronic lymphoid leukemia,1,Number,2021,16186.6165240976,23310.7292128017,9714.39676820191,105963255.636324,113982367.104433,98223075.7727965,6.82805,6.83,China,37
2014,2,DALYs (Disability-Adjusted Life Years),6,China,3,Both,13,40-44 years,846,Chronic lymphoid leukemia,1,Number,2021,16502.9561014514,22951.6846231296,10194.0842191284,91533684.6415661,98456327.3467282,84852935.3102887,6.14735,6.15,China,42
2015,2,DALYs (Disability-Adjusted Life Years),6,China,3,Both,14,45-49 years,846,Chronic lymphoid leukemia,1,Number,2021,19492.2296531297,27258.116281614,11695.3450563117,110321560.932227,118673842.978656,102258447.610609,5.51133,5.51,China,47
2016,2,DALYs (Disability-Adjusted Life Years),6,China,3,Both,15,50-54 years,846,Chronic lymphoid leukemia,1,Number,2021,28449.5670455229,41710.7364139133,16719.4982379593,120859033.528416,130013871.642202,112019245.908077,4.91312,4.91,China,52
2017,2,DALYs (Disability-Adjusted Life Years),6,China,3,Both,16,55-59 years,846,Chronic lymphoid leukemia,1,Number,2021,29575.5327921193,43789.2343219276,17783.6484735667,109942374.635099,118263065.390651,101910583.197243,4.34586,4.35,China,57
2018,2,DALYs (Disability-Adjusted Life Years),6,China,3,Both,17,60-64 years,846,Chronic lymphoid leukemia,1,Number,2021,27864.8877966464,39289.4633919933,17336.2866370728,73005166.3091959,78517317.8009865,67688365.1170174,3.68223,3.68,China,62
2019,2,DALYs (Disability-Adjusted Life Years),6,China,3,Both,18,65-69 years,846,Chronic lymphoid leukemia,1,Number,2021,32075.1257627147,45870.7176890188,17954.3212216587,76703511.9952277,82505405.7251053,71103984.5055564,2.98509,2.99,China,67
2020,2,DALYs (Disability-Adjusted Life Years),6,China,3,Both,19,70-74 years,846,Chronic lymphoid leukemia,1,Number,2021,26889.5897586305,38386.6872304691,15755.1475663569,53296442.1834049,57326053.2537987,49407824.0138524,2.26526,2.27,China,72
2021,2,DALYs (Disability-Adjusted Life Years),6,China,3,Both,20,75-79 years,846,Chronic lymphoid leukemia,1,Number,2021,17837.9141711924,25864.2796142829,11235.5356315056,33118936.9198278,35625315.5381169,30699520.6511587,1.59758,1.6,China,77
2022,2,DALYs (Disability-Adjusted Life Years),6,China,3,Both,10,25-29 years,352,Cysticercosis,1,Number,2021,3304.55947732563,7465.40966419023,1173.70346736792,86482070.9043593,93028056.7565448,80163484.4257888,7.59144,7.59,China,27
2023,2,DALYs (Disability-Adjusted Life Years),6,China,3,Both,11,30-34 years,352,Cysticercosis,1,Number,2021,7599.82334267518,15530.377257357,3085.66489052377,121153279.502113,130331410.125577,112290557.790045,7.32171,7.32,China,32
2024,2,DALYs (Disability-Adjusted Life Years),6,China,3,Both,12,35-39 years,352,Cysticercosis,1,Number,2021,9756.64163654531,19547.8382425551,3481.80361122159,105963255.636324,113982367.104433,98223075.7727965,6.82805,6.83,China,37
2025,2,DALYs (Disability-Adjusted Life Years),6,China,3,Both,13,40-44 years,352,Cysticercosis,1,Number,2021,10735.5607952361,22113.3793668707,4040.97337328127,91533684.6415661,98456327.3467282,84852935.3102887,6.14735,6.15,China,42
2026,2,DALYs (Disability-Adjusted Life Years),6,China,3,Both,14,45-49 years,352,Cysticercosis,1,Number,2021,14611.9496833343,28760.3737246085,5810.88359551625,110321560.932227,118673842.978656,102258447.610609,5.51133,5.51,China,47
2027,2,DALYs (Disability-Adjusted Life Years),6,China,3,Both,15,50-54 years,352,Cysticercosis,1,Number,2021,18016.7225105706,34379.7405314088,7733.19303946012,120859033.528416,130013871.642202,112019245.908077,4.91312,4.91,China,52
2028,2,DALYs (Disability-Adjusted Life Years),6,China,3,Both,16,55-59 years,352,Cysticercosis,1,Number,2021,21206.1057604699,42209.5731506515,9241.61816125961,109942374.635099,118263065.390651,101910583.197243,4.34586,4.35,China,57
2029,2,DALYs (Disability-Adjusted Life Years),6,China,3,Both,17,60-64 years,352,Cysticercosis,1,Number,2021,17783.7547640025,34762.7477847339,7568.64742892632,73005166.3091959,78517317.8009865,67688365.1170174,3.68223,3.68,China,62
2030,2,DALYs (Disability-Adjusted Life Years),6,China,3,Both,18,65-69 years,352,Cysticercosis,1,Number,2021,21926.8580734881,47769.884162732,8762.98906758427,76703511.9952277,82505405.7251053,71103984.5055564,2.98509,2.99,China,67
2031,2,DALYs (Disability-Adjusted Life Years),6,China,3,Both,19,70-74 years,352,Cysticercosis,1,Number,2021,17662.5124051355,35204.985060371,7164.71372103924,53296442.1834049,57326053.2537987,49407824.0138524,2.26526,2.27,China,72
2032,2,DALYs (Disability-Adjusted Life Years),6,China,3,Both,20,75-79 years,352,Cysticercosis,1,Number,2021,12741.0082988134,24196.2668608817,5096.58214383971,33118936.9198278,35625315.5381169,30699520.6511587,1.59758,1.6,China,77
2033,2,DALYs (Disability-Adjusted Life Years),6,China,3,Both,30,80-84 years,352,Cysticercosis,1,Number,2021,8139.99492163868,15025.7502524548,3556.62928693214,19791855.9591958,21286111.2343708,18350461.7238033,1.09729,1.1,China,82
2034,2,DALYs (Disability-Adjusted Life Years),6,China,3,Both,31,85-89 years,352,Cysticercosis,1,Number,2021,3926.97550436577,7575.13331501047,1616.521288,9525751.04389445,10241982.404179,8835708.05975537,0.604519,0.6,China,87
2035,2,DALYs (Disability-Adjusted Life Years),6,China,3,Both,32,90-94 years,352,Cysticercosis,1,Number,2021,1370.59879914604,2795.38788473181,571.141925275609,2931987.49508033,3150521.32934664,2722002.79218523,0.246663,0.25,China,92
2036,2,DALYs (Disability-Adjusted Life Years),6,China,3,Both,235,95+ years,352,Cysticercosis,1,Number,2021,395.463694184221,888.027771677606,130.941153903494,639098.451282971,685273.852270942,595713.904194708,0.0785092,0.08,China,97
2037,2,DALYs (Disability-Adjusted Life Years),6,China,3,Both,10,25-29 years,356,Trachoma,1,Number,2021,4.36839188490537,9.65391438856653,1.59385308086758,86482070.9043593,93028056.7565448,80163484.4257888,7.59144,7.59,China,27
2038,2,DALYs (Disability-Adjusted Life Years),6,China,3,Both,11,30-34 years,356,Trachoma,1,Number,2021,9.00169976063039,17.4909185289989,3.28339739638309,121153279.502113,130331410.125577,112290557.790045,7.32171,7.32,China,32
2039,2,DALYs (Disability-Adjusted Life Years),6,China,3,Both,12,35-39 years,356,Trachoma,1,Number,2021,14.6034517932239,28.8576736235677,5.6528353827687,105963255.636324,113982367.104433,98223075.7727965,6.82805,6.83,China,37
2040,2,DALYs (Disability-Adjusted Life Years),6,China,3,Both,13,40-44 years,356,Trachoma,1,Number,2021,25.8684982803248,51.9128274049227,8.79269780683672,91533684.6415661,98456327.3467282,84852935.3102887,6.14735,6.15,China,42
2041,2,DALYs (Disability-Adjusted Life Years),6,China,3,Both,14,45-49 years,356,Trachoma,1,Number,2021,65.0194143485165,130.970113062363,24.00806978,110321560.932227,118673842.978656,102258447.610609,5.51133,5.51,China,47
2042,2,DALYs (Disability-Adjusted Life Years),6,China,3,Both,15,50-54 years,356,Trachoma,1,Number,2021,111.459205744141,227.696475096841,44.393057528509,120859033.528416,130013871.642202,112019245.908077,4.91312,4.91,China,52
2043,2,DALYs (Disability-Adjusted Life Years),6,China,3,Both,16,55-59 years,356,Trachoma,1,Number,2021,145.620374923008,305.005878931087,60.0863504699909,109942374.635099,118263065.390651,101910583.197243,4.34586,4.35,China,57
2044,2,DALYs (Disability-Adjusted Life Years),6,China,3,Both,17,60-64 years,356,Trachoma,1,Number,2021,142.134762571954,281.38100166494,51.2484905903116,73005166.3091959,78517317.8009865,67688365.1170174,3.68223,3.68,China,62
2045,2,DALYs (Disability-Adjusted Life Years),6,China,3,Both,18,65-69 years,356,Trachoma,1,Number,2021,282.073746928269,591.925693431325,101.050215449806,76703511.9952277,82505405.7251053,71103984.5055564,2.98509,2.99,China,67
2046,2,DALYs (Disability-Adjusted Life Years),6,China,3,Both,19,70-74 years,356,Trachoma,1,Number,2021,317.416757110867,604.179134452958,136.527282158571,53296442.1834049,57326053.2537987,49407824.0138524,2.26526,2.27,China,72
2047,2,DALYs (Disability-Adjusted Life Years),6,China,3,Both,20,75-79 years,356,Trachoma,1,Number,2021,259.324287139467,498.742242418095,125.3689403,33118936.9198278,35625315.5381169,30699520.6511587,1.59758,1.6,China,77
2048,2,DALYs (Disability-Adjusted Life Years),6,China,3,Both,30,80-84 years,356,Trachoma,1,Number,2021,192.322251801569,343.009564566594,89.8065426696943,19791855.9591958,21286111.2343708,18350461.7238033,1.09729,1.1,China,82
2049,2,DALYs (Disability-Adjusted Life Years),6,China,3,Both,31,85-89 years,356,Trachoma,1,Number,2021,104.030230504118,190.859684709423,48.0487599222809,9525751.04389445,10241982.404179,8835708.05975537,0.604519,0.6,China,87
2050,2,DALYs (Disability-Adjusted Life Years),6,China,3,Both,32,90-94 years,356,Trachoma,1,Number,2021,35.1795935317399,68.5324900692769,15.2898232532836,2931987.49508033,3150521.32934664,2722002.79218523,0.246663,0.25,China,92
2051,2,DALYs (Disability-Adjusted Life Years),6,China,3,Both,235,95+ years,356,Trachoma,1,Number,2021,10.4100697221767,22.88287335,3.53587251687943,639098.451282971,685273.852270942,595713.904194708,0.0785092,0.08,China,97
2052,2,DALYs (Disability-Adjusted Life Years),6,China,3,Both,10,25-29 years,489,Other malignant neoplasms,1,Number,2021,17737.2582381941,22166.291181788,13364.1430546421,86482070.9043593,93028056.7565448,80163484.4257888,7.59144,7.59,China,27
2053,2,DALYs (Disability-Adjusted Life Years),6,China,3,Both,11,30-34 years,489,Other malignant neoplasms,1,Number,2021,28759.7943563518,36456.0155735683,21801.6159621981,121153279.502113,130331410.125577,112290557.790045,7.32171,7.32,China,32
2054,2,DALYs (Disability-Adjusted Life Years),6,China,3,Both,12,35-39 years,489,Other malignant neoplasms,1,Number,2021,36605.8317059547,46087.141757684,27863.1760861991,105963255.636324,113982367.104433,98223075.7727965,6.82805,6.83,China,37
2055,2,DALYs (Disability-Adjusted Life Years),6,China,3,Both,13,40-44 years,489,Other malignant neoplasms,1,Number,2021,46969.7587446798,60279.3525269943,36377.0249985515,91533684.6415661,98456327.3467282,84852935.3102887,6.14735,6.15,China,42
2056,2,DALYs (Disability-Adjusted Life Years),6,China,3,Both,14,45-49 years,489,Other malignant neoplasms,1,Number,2021,64084.8434349277,84411.1157571644,48387.9434262475,110321560.932227,118673842.978656,102258447.610609,5.51133,5.51,China,47
2057,2,DALYs (Disability-Adjusted Life Years),6,China,3,Both,15,50-54 years,489,Other malignant neoplasms,1,Number,2021,103657.258117617,134189.702704508,79868.6566512882,120859033.528416,130013871.642202,112019245.908077,4.91312,4.91,China,52
2058,2,DALYs (Disability-Adjusted Life Years),6,China,3,Both,16,55-59 years,489,Other malignant neoplasms,1,Number,2021,128360.791299601,167746.910116197,96089.2921852695,109942374.635099,118263065.390651,101910583.197243,4.34586,4.35,China,57
2059,2,DALYs (Disability-Adjusted Life Years),6,China,3,Both,17,60-64 years,489,Other malignant neoplasms,1,Number,2021,113872.522480369,148682.486241982,84521.1763206564,73005166.3091959,78517317.8009865,67688365.1170174,3.68223,3.68,China,62
2060,2,DALYs (Disability-Adjusted Life Years),6,China,3,Both,18,65-69 years,489,Other malignant neoplasms,1,Number,2021,143525.767485312,184440.933616482,108520.986347155,76703511.9952277,82505405.7251053,71103984.5055564,2.98509,2.99,China,67
2061,2,DALYs (Disability-Adjusted Life Years),6,China,3,Both,19,70-74 years,489,Other malignant neoplasms,1,Number,2021,123945.463048944,156988.118193918,95818.2338288852,53296442.1834049,57326053.2537987,49407824.0138524,2.26526,2.27,China,72
2062,2,DALYs (Disability-Adjusted Life Years),6,China,3,Both,20,75-79 years,489,Other malignant neoplasms,1,Number,2021,85890.1761672285,107264.377148663,66448.4125958143,33118936.9198278,35625315.5381169,30699520.6511587,1.59758,1.6,China,77
2063,2,DALYs (Disability-Adjusted Life Years),6,China,3,Both,30,80-84 years,489,Other malignant neoplasms,1,Number,2021,51494.0049254441,63038.2231954707,40837.8967829143,19791855.9591958,21286111.2343708,18350461.7238033,1.09729,1.1,China,82
2064,2,DALYs (Disability-Adjusted Life Years),6,China,3,Both,31,85-89 years,489,Other malignant neoplasms,1,Number,2021,28382.6531711983,34867.4946342373,22156.6561107214,9525751.04389445,10241982.404179,8835708.05975537,0.604519,0.6,China,87
2065,2,DALYs (Disability-Adjusted Life Years),6,China,3,Both,32,90-94 years,489,Other malignant neoplasms,1,Number,2021,8564.49018828461,10514.7209052015,6620.63737808667,2931987.49508033,3150521.32934664,2722002.79218523,0.246663,0.25,China,92
2066,2,DALYs (Disability-Adjusted Life Years),6,China,3,Both,235,95+ years,489,Other malignant neoplasms,1,Number,2021,1455.11018192394,1866.58604663083,1072.26660614626,639098.451282971,685273.852270942,595713.904194708,0.0785092,0.08,China,97
2067,2,DALYs (Disability-Adjusted Life Years),6,China,3,Both,10,25-29 years,493,Ischemic heart disease,1,Number,2021,200177.025062277,234108.454240766,165776.74959811,86482070.9043593,93028056.7565448,80163484.4257888,7.59144,7.59,China,27
2068,2,DALYs (Disability-Adjusted Life Years),6,China,3,Both,11,30-34 years,493,Ischemic heart disease,1,Number,2021,480997.989350206,570315.225742691,405919.351187927,121153279.502113,130331410.125577,112290557.790045,7.32171,7.32,China,32
2069,2,DALYs (Disability-Adjusted Life Years),6,China,3,Both,12,35-39 years,493,Ischemic heart disease,1,Number,2021,673999.691794368,808508.595073714,556069.411399571,105963255.636324,113982367.104433,98223075.7727965,6.82805,6.83,China,37
2070,2,DALYs (Disability-Adjusted Life Years),6,China,3,Both,13,40-44 years,493,Ischemic heart disease,1,Number,2021,926006.613483018,1131431.33036833,753284.528678659,91533684.6415661,98456327.3467282,84852935.3102887,6.14735,6.15,China,42
2071,2,DALYs (Disability-Adjusted Life Years),6,China,3,Both,14,45-49 years,493,Ischemic heart disease,1,Number,2021,1341217.23461814,1657352.61256668,1067875.17608957,110321560.932227,118673842.978656,102258447.610609,5.51133,5.51,China,47
2072,2,DALYs (Disability-Adjusted Life Years),6,China,3,Both,15,50-54 years,493,Ischemic heart disease,1,Number,2021,2214414.40499107,2735433.15369868,1757034.95856329,120859033.528416,130013871.642202,112019245.908077,4.91312,4.91,China,52
2073,2,DALYs (Disability-Adjusted Life Years),6,China,3,Both,16,55-59 years,493,Ischemic heart disease,1,Number,2021,2826425.79652452,3484911.03161639,2272992.73107716,109942374.635099,118263065.390651,101910583.197243,4.34586,4.35,China,57
2074,2,DALYs (Disability-Adjusted Life Years),6,China,3,Both,17,60-64 years,493,Ischemic heart disease,1,Number,2021,2846546.37364166,3439562.97579566,2335237.68171955,73005166.3091959,78517317.8009865,67688365.1170174,3.68223,3.68,China,62
2075,2,DALYs (Disability-Adjusted Life Years),6,China,3,Both,18,65-69 years,493,Ischemic heart disease,1,Number,2021,4369215.23831368,5187420.45226141,3616722.62239079,76703511.9952277,82505405.7251053,71103984.5055564,2.98509,2.99,China,67
2076,2,DALYs (Disability-Adjusted Life Years),6,China,3,Both,19,70-74 years,493,Ischemic heart disease,1,Number,2021,4868617.79186356,5728020.95784611,4043859.22230934,53296442.1834049,57326053.2537987,49407824.0138524,2.26526,2.27,China,72
2077,2,DALYs (Disability-Adjusted Life Years),6,China,3,Both,20,75-79 years,493,Ischemic heart disease,1,Number,2021,4449426.4775045,5223117.88160744,3747385.24549328,33118936.9198278,35625315.5381169,30699520.6511587,1.59758,1.6,China,77
2078,2,DALYs (Disability-Adjusted Life Years),6,China,3,Both,30,80-84 years,493,Ischemic heart disease,1,Number,2021,4520444.78305791,5212453.5274522,3806634.38823029,19791855.9591958,21286111.2343708,18350461.7238033,1.09729,1.1,China,82
2079,2,DALYs (Disability-Adjusted Life Years),6,China,3,Both,31,85-89 years,493,Ischemic heart disease,1,Number,2021,3586092.80386149,4126613.23970818,3004406.14577223,9525751.04389445,10241982.404179,8835708.05975537,0.604519,0.6,China,87
2080,2,DALYs (Disability-Adjusted Life Years),6,China,3,Both,32,90-94 years,493,Ischemic heart disease,1,Number,2021,1712072.6056673,1982910.44735561,1392996.43194883,2931987.49508033,3150521.32934664,2722002.79218523,0.246663,0.25,China,92
2081,2,DALYs (Disability-Adjusted Life Years),6,China,3,Both,235,95+ years,493,Ischemic heart disease,1,Number,2021,481506.494349058,577625.43048229,362861.773165725,639098.451282971,685273.852270942,595713.904194708,0.0785092,0.08,China,97
2082,2,DALYs (Disability-Adjusted Life Years),6,China,3,Both,10,25-29 years,495,Ischemic stroke,1,Number,2021,49968.5550685793,63055.9254773828,39265.1024089377,86482070.9043593,93028056.7565448,80163484.4257888,7.59144,7.59,China,27
2083,2,DALYs (Disability-Adjusted Life Years),6,China,3,Both,11,30-34 years,495,Ischemic stroke,1,Number,2021,109772.157894663,133631.553780283,87825.0138824961,121153279.502113,130331410.125577,112290557.790045,7.32171,7.32,China,32
2084,2,DALYs (Disability-Adjusted Life Years),6,China,3,Both,12,35-39 years,495,Ischemic stroke,1,Number,2021,150585.578412444,179859.392474259,120852.329799003,105963255.636324,113982367.104433,98223075.7727965,6.82805,6.83,China,37
2085,2,DALYs (Disability-Adjusted Life Years),6,China,3,Both,13,40-44 years,495,Ischemic stroke,1,Number,2021,232642.480827636,274377.691555649,192145.737223675,91533684.6415661,98456327.3467282,84852935.3102887,6.14735,6.15,China,42
2086,2,DALYs (Disability-Adjusted Life Years),6,China,3,Both,14,45-49 years,495,Ischemic stroke,1,Number,2021,445735.01854815,530133.966985773,364598.426227826,110321560.932227,118673842.978656,102258447.610609,5.51133,5.51,China,47
2087,2,DALYs (Disability-Adjusted Life Years),6,China,3,Both,15,50-54 years,495,Ischemic stroke,1,Number,2021,931543.527425834,1115553.64573529,763546.455164109,120859033.528416,130013871.642202,112019245.908077,4.91312,4.91,China,52
2088,2,DALYs (Disability-Adjusted Life Years),6,China,3,Both,16,55-59 years,495,Ischemic stroke,1,Number,2021,1448595.60058991,1719131.17433027,1177702.4768606,109942374.635099,118263065.390651,101910583.197243,4.34586,4.35,China,57
2089,2,DALYs (Disability-Adjusted Life Years),6,China,3,Both,17,60-64 years,495,Ischemic stroke,1,Number,2021,1845371.88879469,2166500.00167522,1544180.50829827,73005166.3091959,78517317.8009865,67688365.1170174,3.68223,3.68,China,62
2090,2,DALYs (Disability-Adjusted Life Years),6,China,3,Both,18,65-69 years,495,Ischemic stroke,1,Number,2021,3264560.3370111,3829204.96917384,2756567.28930659,76703511.9952277,82505405.7251053,71103984.5055564,2.98509,2.99,China,67
2091,2,DALYs (Disability-Adjusted Life Years),6,China,3,Both,19,70-74 years,495,Ischemic stroke,1,Number,2021,4193612.92367729,4845897.52320752,3550355.23711328,53296442.1834049,57326053.2537987,49407824.0138524,2.26526,2.27,China,72
2092,2,DALYs (Disability-Adjusted Life Years),6,China,3,Both,20,75-79 years,495,Ischemic stroke,1,Number,2021,3855551.69074061,4438637.79353483,3240465.93691303,33118936.9198278,35625315.5381169,30699520.6511587,1.59758,1.6,China,77
2093,2,DALYs (Disability-Adjusted Life Years),6,China,3,Both,30,80-84 years,495,Ischemic stroke,1,Number,2021,3441994.60420521,3941721.97251287,2880962.48588348,19791855.9591958,21286111.2343708,18350461.7238033,1.09729,1.1,China,82
2094,2,DALYs (Disability-Adjusted Life Years),6,China,3,Both,31,85-89 years,495,Ischemic stroke,1,Number,2021,2341593.82693473,2662617.33715524,1958566.49103255,9525751.04389445,10241982.404179,8835708.05975537,0.604519,0.6,China,87
2095,2,DALYs (Disability-Adjusted Life Years),6,China,3,Both,32,90-94 years,495,Ischemic stroke,1,Number,2021,847755.301453906,980465.132831363,692108.535340603,2931987.49508033,3150521.32934664,2722002.79218523,0.246663,0.25,China,92
2096,2,DALYs (Disability-Adjusted Life Years),6,China,3,Both,235,95+ years,495,Ischemic stroke,1,Number,2021,186755.608109629,224533.492971754,143440.092309753,639098.451282971,685273.852270942,595713.904194708,0.0785092,0.08,China,97
2097,2,DALYs (Disability-Adjusted Life Years),6,China,3,Both,10,25-29 years,496,Intracerebral hemorrhage,1,Number,2021,135197.197837641,158300.068423545,113354.346548866,86482070.9043593,93028056.7565448,80163484.4257888,7.59144,7.59,China,27
2098,2,DALYs (Disability-Adjusted Life Years),6,China,3,Both,11,30-34 years,496,Intracerebral hemorrhage,1,Number,2021,330737.993553985,388674.266965417,276410.983885242,121153279.502113,130331410.125577,112290557.790045,7.32171,7.32,China,32
2099,2,DALYs (Disability-Adjusted Life Years),6,China,3,Both,12,35-39 years,496,Intracerebral hemorrhage,1,Number,2021,501405.174171541,594234.85438572,415886.717965145,105963255.636324,113982367.104433,98223075.7727965,6.82805,6.83,China,37
2100,2,DALYs (Disability-Adjusted Life Years),6,China,3,Both,13,40-44 years,496,Intracerebral hemorrhage,1,Number,2021,778874.228659283,940253.407123426,636940.814089517,91533684.6415661,98456327.3467282,84852935.3102887,6.14735,6.15,China,42
2101,2,DALYs (Disability-Adjusted Life Years),6,China,3,Both,14,45-49 years,496,Intracerebral hemorrhage,1,Number,2021,1269818.5213245,1557422.47769955,1017138.69471076,110321560.932227,118673842.978656,102258447.610609,5.51133,5.51,China,47
2102,2,DALYs (Disability-Adjusted Life Years),6,China,3,Both,15,50-54 years,496,Intracerebral hemorrhage,1,Number,2021,2262679.40412343,2752159.03262484,1799164.99942715,120859033.528416,130013871.642202,112019245.908077,4.91312,4.91,China,52
2103,2,DALYs (Disability-Adjusted Life Years),6,China,3,Both,16,55-59 years,496,Intracerebral hemorrhage,1,Number,2021,2858479.52623736,3505648.02845614,2311019.75280757,109942374.635099,118263065.390651,101910583.197243,4.34586,4.35,China,57
2104,2,DALYs (Disability-Adjusted Life Years),6,China,3,Both,17,60-64 years,496,Intracerebral hemorrhage,1,Number,2021,2650294.38595418,3185567.22447824,2168240.12672823,73005166.3091959,78517317.8009865,67688365.1170174,3.68223,3.68,China,62
2105,2,DALYs (Disability-Adjusted Life Years),6,China,3,Both,18,65-69 years,496,Intracerebral hemorrhage,1,Number,2021,3948601.05437358,4766562.16948293,3220171.24638642,76703511.9952277,82505405.7251053,71103984.5055564,2.98509,2.99,China,67
2106,2,DALYs (Disability-Adjusted Life Years),6,China,3,Both,19,70-74 years,496,Intracerebral hemorrhage,1,Number,2021,4039631.03549824,4812406.46271253,3335772.4253092,53296442.1834049,57326053.2537987,49407824.0138524,2.26526,2.27,China,72
2107,2,DALYs (Disability-Adjusted Life Years),6,China,3,Both,20,75-79 years,496,Intracerebral hemorrhage,1,Number,2021,3389153.32132204,4033447.90227369,2814796.15766448,33118936.9198278,35625315.5381169,30699520.6511587,1.59758,1.6,China,77
2108,2,DALYs (Disability-Adjusted Life Years),6,China,3,Both,30,80-84 years,496,Intracerebral hemorrhage,1,Number,2021,2642989.05964072,3103583.62097111,2206106.95647115,19791855.9591958,21286111.2343708,18350461.7238033,1.09729,1.1,China,82
2109,2,DALYs (Disability-Adjusted Life Years),6,China,3,Both,31,85-89 years,496,Intracerebral hemorrhage,1,Number,2021,1738782.29592639,2044014.81452898,1440300.8839162,9525751.04389445,10241982.404179,8835708.05975537,0.604519,0.6,China,87
2110,2,DALYs (Disability-Adjusted Life Years),6,China,3,Both,32,90-94 years,496,Intracerebral hemorrhage,1,Number,2021,605228.13893395,718125.372398075,485894.73770871,2931987.49508033,3150521.32934664,2722002.79218523,0.246663,0.25,China,92
2111,2,DALYs (Disability-Adjusted Life Years),6,China,3,Both,235,95+ years,496,Intracerebral hemorrhage,1,Number,2021,130624.876033899,159049.358193596,98227.0608700516,639098.451282971,685273.852270942,595713.904194708,0.0785092,0.08,China,97
2112,2,DALYs (Disability-Adjusted Life Years),6,China,3,Both,10,25-29 years,497,Subarachnoid hemorrhage,1,Number,2021,27689.7663833524,33821.5432780085,20097.3940322709,86482070.9043593,93028056.7565448,80163484.4257888,7.59144,7.59,China,27
2113,2,DALYs (Disability-Adjusted Life Years),6,China,3,Both,11,30-34 years,497,Subarachnoid hemorrhage,1,Number,2021,54104.367313056,67448.5023896675,38737.0066319786,121153279.502113,130331410.125577,112290557.790045,7.32171,7.32,China,32
2114,2,DALYs (Disability-Adjusted Life Years),6,China,3,Both,12,35-39 years,497,Subarachnoid hemorrhage,1,Number,2021,71544.6061012865,89946.9695167735,51876.7337677318,105963255.636324,113982367.104433,98223075.7727965,6.82805,6.83,China,37
2115,2,DALYs (Disability-Adjusted Life Years),6,China,3,Both,13,40-44 years,497,Subarachnoid hemorrhage,1,Number,2021,94497.7345552282,119340.18645347,67913.8932688306,91533684.6415661,98456327.3467282,84852935.3102887,6.14735,6.15,China,42
2116,2,DALYs (Disability-Adjusted Life Years),6,China,3,Both,14,45-49 years,497,Subarachnoid hemorrhage,1,Number,2021,137885.824004336,172227.895391874,101665.748771149,110321560.932227,118673842.978656,102258447.610609,5.51133,5.51,China,47
2117,2,DALYs (Disability-Adjusted Life Years),6,China,3,Both,15,50-54 years,497,Subarachnoid hemorrhage,1,Number,2021,224050.216807305,283255.795533343,165234.866181134,120859033.528416,130013871.642202,112019245.908077,4.91312,4.91,China,52
2118,2,DALYs (Disability-Adjusted Life Years),6,China,3,Both,16,55-59 years,497,Subarachnoid hemorrhage,1,Number,2021,267627.789889117,343779.998098731,201278.47475161,109942374.635099,118263065.390651,101910583.197243,4.34586,4.35,China,57
2119,2,DALYs (Disability-Adjusted Life Years),6,China,3,Both,17,60-64 years,497,Subarachnoid hemorrhage,1,Number,2021,222751.354386655,280512.814934404,161411.568413844,73005166.3091959,78517317.8009865,67688365.1170174,3.68223,3.68,China,62
2120,2,DALYs (Disability-Adjusted Life Years),6,China,3,Both,18,65-69 years,497,Subarachnoid hemorrhage,1,Number,2021,312530.137014813,394976.382312778,229312.609901739,76703511.9952277,82505405.7251053,71103984.5055564,2.98509,2.99,China,67
2121,2,DALYs (Disability-Adjusted Life Years),6,China,3,Both,19,70-74 years,497,Subarachnoid hemorrhage,1,Number,2021,297872.820876455,380833.753127425,216950.755878918,53296442.1834049,57326053.2537987,49407824.0138524,2.26526,2.27,China,72
2122,2,DALYs (Disability-Adjusted Life Years),6,China,3,Both,20,75-79 years,497,Subarachnoid hemorrhage,1,Number,2021,225313.848907424,286885.548716177,157224.000540068,33118936.9198278,35625315.5381169,30699520.6511587,1.59758,1.6,China,77
2123,2,DALYs (Disability-Adjusted Life Years),6,China,3,Both,30,80-84 years,497,Subarachnoid hemorrhage,1,Number,2021,162968.634851998,206106.016058241,114707.005077357,19791855.9591958,21286111.2343708,18350461.7238033,1.09729,1.1,China,82
2124,2,DALYs (Disability-Adjusted Life Years),6,China,3,Both,31,85-89 years,497,Subarachnoid hemorrhage,1,Number,2021,101473.357386825,132238.835025386,71602.896370917,9525751.04389445,10241982.404179,8835708.05975537,0.604519,0.6,China,87
2125,2,DALYs (Disability-Adjusted Life Years),6,China,3,Both,32,90-94 years,497,Subarachnoid hemorrhage,1,Number,2021,35356.8557317338,45410.240826205,25450.6753133626,2931987.49508033,3150521.32934664,2722002.79218523,0.246663,0.25,China,92
2126,2,DALYs (Disability-Adjusted Life Years),6,China,3,Both,235,95+ years,497,Subarachnoid hemorrhage,1,Number,2021,7540.03502693274,9771.31804064166,5002.7604217817,639098.451282971,685273.852270942,595713.904194708,0.0785092,0.08,China,97
2127,2,DALYs (Disability-Adjusted Life Years),6,China,3,Both,10,25-29 years,498,Hypertensive heart disease,1,Number,2021,12737.980155016,16344.5237692644,8736.45282308042,86482070.9043593,93028056.7565448,80163484.4257888,7.59144,7.59,China,27
2128,2,DALYs (Disability-Adjusted Life Years),6,China,3,Both,11,30-34 years,498,Hypertensive heart disease,1,Number,2021,30752.4750744341,39713.6065658225,20151.2069022205,121153279.502113,130331410.125577,112290557.790045,7.32171,7.32,China,32
2129,2,DALYs (Disability-Adjusted Life Years),6,China,3,Both,12,35-39 years,498,Hypertensive heart disease,1,Number,2021,45191.3671204362,58457.3866073186,29072.8367822076,105963255.636324,113982367.104433,98223075.7727965,6.82805,6.83,China,37
2130,2,DALYs (Disability-Adjusted Life Years),6,China,3,Both,13,40-44 years,498,Hypertensive heart disease,1,Number,2021,70689.8663753251,94647.995281534,47234.461669137,91533684.6415661,98456327.3467282,84852935.3102887,6.14735,6.15,China,42
2131,2,DALYs (Disability-Adjusted Life Years),6,China,3,Both,14,45-49 years,498,Hypertensive heart disease,1,Number,2021,122436.711682791,167474.991903547,85155.3539189452,110321560.932227,118673842.978656,102258447.610609,5.51133,5.51,China,47
2132,2,DALYs (Disability-Adjusted Life Years),6,China,3,Both,15,50-54 years,498,Hypertensive heart disease,1,Number,2021,236439.880770354,310384.385359897,167600.089949615,120859033.528416,130013871.642202,112019245.908077,4.91312,4.91,China,52
2133,2,DALYs (Disability-Adjusted Life Years),6,China,3,Both,16,55-59 years,498,Hypertensive heart disease,1,Number,2021,328103.512647532,436085.505704002,231716.056432382,109942374.635099,118263065.390651,101910583.197243,4.34586,4.35,China,57
2134,2,DALYs (Disability-Adjusted Life Years),6,China,3,Both,17,60-64 years,498,Hypertensive heart disease,1,Number,2021,376830.081746471,492339.931936234,271596.918181125,73005166.3091959,78517317.8009865,67688365.1170174,3.68223,3.68,China,62
2135,2,DALYs (Disability-Adjusted Life Years),6,China,3,Both,18,65-69 years,498,Hypertensive heart disease,1,Number,2021,673451.505345155,876936.100463543,487709.775115646,76703511.9952277,82505405.7251053,71103984.5055564,2.98509,2.99,China,67
2136,2,DALYs (Disability-Adjusted Life Years),6,China,3,Both,19,70-74 years,498,Hypertensive heart disease,1,Number,2021,887676.898790143,1138466.08040332,638745.331665427,53296442.1834049,57326053.2537987,49407824.0138524,2.26526,2.27,China,72
2137,2,DALYs (Disability-Adjusted Life Years),6,China,3,Both,20,75-79 years,498,Hypertensive heart disease,1,Number,2021,845603.573727445,1088106.97003412,614412.325430497,33118936.9198278,35625315.5381169,30699520.6511587,1.59758,1.6,China,77
2138,2,DALYs (Disability-Adjusted Life Years),6,China,3,Both,30,80-84 years,498,Hypertensive heart disease,1,Number,2021,846786.988016752,1093068.38088488,583783.034430993,19791855.9591958,21286111.2343708,18350461.7238033,1.09729,1.1,China,82
2139,2,DALYs (Disability-Adjusted Life Years),6,China,3,Both,31,85-89 years,498,Hypertensive heart disease,1,Number,2021,704935.41202365,938022.318601865,467473.149722459,9525751.04389445,10241982.404179,8835708.05975537,0.604519,0.6,China,87
2140,2,DALYs (Disability-Adjusted Life Years),6,China,3,Both,32,90-94 years,498,Hypertensive heart disease,1,Number,2021,312988.802269129,405864.09932619,208528.928206959,2931987.49508033,3150521.32934664,2722002.79218523,0.246663,0.25,China,92
2141,2,DALYs (Disability-Adjusted Life Years),6,China,3,Both,235,95+ years,498,Hypertensive heart disease,1,Number,2021,83142.7295743777,112642.360517191,52795.9268332413,639098.451282971,685273.852270942,595713.904194708,0.0785092,0.08,China,97
2142,2,DALYs (Disability-Adjusted Life Years),6,China,3,Both,10,25-29 years,500,Atrial fibrillation and flutter,1,Number,2021,0,0,0,86482070.9043593,93028056.7565448,80163484.4257888,7.59144,7.59,China,27
2143,2,DALYs (Disability-Adjusted Life Years),6,China,3,Both,11,30-34 years,500,Atrial fibrillation and flutter,1,Number,2021,1108.28414484444,1859.92886105548,613.748859936205,121153279.502113,130331410.125577,112290557.790045,7.32171,7.32,China,32
2144,2,DALYs (Disability-Adjusted Life Years),6,China,3,Both,12,35-39 years,500,Atrial fibrillation and flutter,1,Number,2021,5227.31871004274,9640.67668190122,2462.40129170118,105963255.636324,113982367.104433,98223075.7727965,6.82805,6.83,China,37
2145,2,DALYs (Disability-Adjusted Life Years),6,China,3,Both,13,40-44 years,500,Atrial fibrillation and flutter,1,Number,2021,13692.0669510144,22812.4813786974,7685.1545455178,91533684.6415661,98456327.3467282,84852935.3102887,6.14735,6.15,China,42
2146,2,DALYs (Disability-Adjusted Life Years),6,China,3,Both,14,45-49 years,500,Atrial fibrillation and flutter,1,Number,2021,36684.3299539073,54684.2737372352,22011.9306777763,110321560.932227,118673842.978656,102258447.610609,5.51133,5.51,China,47
2147,2,DALYs (Disability-Adjusted Life Years),6,China,3,Both,15,50-54 years,500,Atrial fibrillation and flutter,1,Number,2021,76576.2878925214,112386.027384661,48299.8431259862,120859033.528416,130013871.642202,112019245.908077,4.91312,4.91,China,52
2148,2,DALYs (Disability-Adjusted Life Years),6,China,3,Both,16,55-59 years,500,Atrial fibrillation and flutter,1,Number,2021,119212.843882977,164099.751951672,80524.4706888104,109942374.635099,118263065.390651,101910583.197243,4.34586,4.35,China,57
2149,2,DALYs (Disability-Adjusted Life Years),6,China,3,Both,17,60-64 years,500,Atrial fibrillation and flutter,1,Number,2021,120721.395394663,169420.855736065,83266.3178004375,73005166.3091959,78517317.8009865,67688365.1170174,3.68223,3.68,China,62
2150,2,DALYs (Disability-Adjusted Life Years),6,China,3,Both,18,65-69 years,500,Atrial fibrillation and flutter,1,Number,2021,188205.541130941,256666.782753895,131832.465791261,76703511.9952277,82505405.7251053,71103984.5055564,2.98509,2.99,China,67
2151,2,DALYs (Disability-Adjusted Life Years),6,China,3,Both,19,70-74 years,500,Atrial fibrillation and flutter,1,Number,2021,214338.064907005,281169.109770994,160021.609404073,53296442.1834049,57326053.2537987,49407824.0138524,2.26526,2.27,China,72
2152,2,DALYs (Disability-Adjusted Life Years),6,China,3,Both,20,75-79 years,500,Atrial fibrillation and flutter,1,Number,2021,217682.146970554,282024.677957126,167370.068758643,33118936.9198278,35625315.5381169,30699520.6511587,1.59758,1.6,China,77
2153,2,DALYs (Disability-Adjusted Life Years),6,China,3,Both,30,80-84 years,500,Atrial fibrillation and flutter,1,Number,2021,251218.940501476,311428.276115555,201037.209452708,19791855.9591958,21286111.2343708,18350461.7238033,1.09729,1.1,China,82
2154,2,DALYs (Disability-Adjusted Life Years),6,China,3,Both,31,85-89 years,500,Atrial fibrillation and flutter,1,Number,2021,213719.356485499,259459.668914618,169791.940432166,9525751.04389445,10241982.404179,8835708.05975537,0.604519,0.6,China,87
2155,2,DALYs (Disability-Adjusted Life Years),6,China,3,Both,32,90-94 years,500,Atrial fibrillation and flutter,1,Number,2021,146198.728137373,175797.908596242,114618.219823363,2931987.49508033,3150521.32934664,2722002.79218523,0.246663,0.25,China,92
2156,2,DALYs (Disability-Adjusted Life Years),6,China,3,Both,235,95+ years,500,Atrial fibrillation and flutter,1,Number,2021,48531.2336059955,60630.2809039823,36015.8315690055,639098.451282971,685273.852270942,595713.904194708,0.0785092,0.08,China,97
2157,2,DALYs (Disability-Adjusted Life Years),6,China,3,Both,10,25-29 years,503,Endocarditis,1,Number,2021,2146.41501364432,3013.73950077975,1609.62008681978,86482070.9043593,93028056.7565448,80163484.4257888,7.59144,7.59,China,27
2158,2,DALYs (Disability-Adjusted Life Years),6,China,3,Both,11,30-34 years,503,Endocarditis,1,Number,2021,2878.81220117114,4164.99483748671,2150.61808402109,121153279.502113,130331410.125577,112290557.790045,7.32171,7.32,China,32
2159,2,DALYs (Disability-Adjusted Life Years),6,China,3,Both,12,35-39 years,503,Endocarditis,1,Number,2021,2534.79783238781,3621.63224082498,1844.18492421768,105963255.636324,113982367.104433,98223075.7727965,6.82805,6.83,China,37
2160,2,DALYs (Disability-Adjusted Life Years),6,China,3,Both,13,40-44 years,503,Endocarditis,1,Number,2021,2864.32223369495,4200.23507431454,2100.485713,91533684.6415661,98456327.3467282,84852935.3102887,6.14735,6.15,China,42
2161,2,DALYs (Disability-Adjusted Life Years),6,China,3,Both,14,45-49 years,503,Endocarditis,1,Number,2021,2653.55041635162,3903.77906190146,1861.37825128118,110321560.932227,118673842.978656,102258447.610609,5.51133,5.51,China,47
2162,2,DALYs (Disability-Adjusted Life Years),6,China,3,Both,15,50-54 years,503,Endocarditis,1,Number,2021,3190.46816164662,4875.5632253437,2309.70626178332,120859033.528416,130013871.642202,112019245.908077,4.91312,4.91,China,52
2163,2,DALYs (Disability-Adjusted Life Years),6,China,3,Both,16,55-59 years,503,Endocarditis,1,Number,2021,3590.34461203066,5498.1103022305,2606.00488547373,109942374.635099,118263065.390651,101910583.197243,4.34586,4.35,China,57
2164,2,DALYs (Disability-Adjusted Life Years),6,China,3,Both,17,60-64 years,503,Endocarditis,1,Number,2021,3151.04048599173,4562.27664518874,2337.82585794503,73005166.3091959,78517317.8009865,67688365.1170174,3.68223,3.68,China,62
2165,2,DALYs (Disability-Adjusted Life Years),6,China,3,Both,18,65-69 years,503,Endocarditis,1,Number,2021,3844.22215090238,5667.76679719521,2934.37916544525,76703511.9952277,82505405.7251053,71103984.5055564,2.98509,2.99,China,67
2166,2,DALYs (Disability-Adjusted Life Years),6,China,3,Both,19,70-74 years,503,Endocarditis,1,Number,2021,3723.16762612376,5575.86192159607,2835.69511343929,53296442.1834049,57326053.2537987,49407824.0138524,2.26526,2.27,China,72
2167,2,DALYs (Disability-Adjusted Life Years),6,China,3,Both,20,75-79 years,503,Endocarditis,1,Number,2021,3417.38473603152,5011.50515206262,2610.49920935573,33118936.9198278,35625315.5381169,30699520.6511587,1.59758,1.6,China,77
2168,2,DALYs (Disability-Adjusted Life Years),6,China,3,Both,30,80-84 years,503,Endocarditis,1,Number,2021,2896.16629182147,4222.33131309008,2163.9397956264,19791855.9591958,21286111.2343708,18350461.7238033,1.09729,1.1,China,82
2169,2,DALYs (Disability-Adjusted Life Years),6,China,3,Both,31,85-89 years,503,Endocarditis,1,Number,2021,2247.18413237741,3072.60729477922,1708.45224261393,9525751.04389445,10241982.404179,8835708.05975537,0.604519,0.6,China,87
2170,2,DALYs (Disability-Adjusted Life Years),6,China,3,Both,32,90-94 years,503,Endocarditis,1,Number,2021,1107.47874448379,1442.10695505695,772.125033087107,2931987.49508033,3150521.32934664,2722002.79218523,0.246663,0.25,China,92
2171,2,DALYs (Disability-Adjusted Life Years),6,China,3,Both,235,95+ years,503,Endocarditis,1,Number,2021,323.827746919706,463.879480923066,196.779832429854,639098.451282971,685273.852270942,595713.904194708,0.0785092,0.08,China,97
2172,2,DALYs (Disability-Adjusted Life Years),6,China,3,Both,10,25-29 years,507,Other cardiovascular and circulatory diseases,1,Number,2021,6544.7415,8852.54844992347,5052.34990853673,86482070.9043593,93028056.7565448,80163484.4257888,7.59144,7.59,China,27
2173,2,DALYs (Disability-Adjusted Life Years),6,China,3,Both,11,30-34 years,507,Other cardiovascular and circulatory diseases,1,Number,2021,11330.2151800559,15255.7051642359,8641.864436,121153279.502113,130331410.125577,112290557.790045,7.32171,7.32,China,32
2174,2,DALYs (Disability-Adjusted Life Years),6,China,3,Both,12,35-39 years,507,Other cardiovascular and circulatory diseases,1,Number,2021,15624.0108491145,22900.4426307726,11048.4352011683,105963255.636324,113982367.104433,98223075.7727965,6.82805,6.83,China,37
2175,2,DALYs (Disability-Adjusted Life Years),6,China,3,Both,13,40-44 years,507,Other cardiovascular and circulatory diseases,1,Number,2021,21925.8392423285,36669.8334017435,13812.8364306756,91533684.6415661,98456327.3467282,84852935.3102887,6.14735,6.15,China,42
2176,2,DALYs (Disability-Adjusted Life Years),6,China,3,Both,14,45-49 years,507,Other cardiovascular and circulatory diseases,1,Number,2021,31783.1150327595,50760.6399452542,20211.4972675077,110321560.932227,118673842.978656,102258447.610609,5.51133,5.51,China,47
2177,2,DALYs (Disability-Adjusted Life Years),6,China,3,Both,15,50-54 years,507,Other cardiovascular and circulatory diseases,1,Number,2021,40080.7602294751,60669.1743560531,26281.3288656676,120859033.528416,130013871.642202,112019245.908077,4.91312,4.91,China,52
2178,2,DALYs (Disability-Adjusted Life Years),6,China,3,Both,16,55-59 years,507,Other cardiovascular and circulatory diseases,1,Number,2021,39037.1457260686,60269.2043526736,26385.3960460689,109942374.635099,118263065.390651,101910583.197243,4.34586,4.35,China,57
2179,2,DALYs (Disability-Adjusted Life Years),6,China,3,Both,17,60-64 years,507,Other cardiovascular and circulatory diseases,1,Number,2021,44456.5002151754,65853.4880408202,30171.5078054867,73005166.3091959,78517317.8009865,67688365.1170174,3.68223,3.68,China,62
2180,2,DALYs (Disability-Adjusted Life Years),6,China,3,Both,18,65-69 years,507,Other cardiovascular and circulatory diseases,1,Number,2021,72629.0502008823,114344.348189777,44773.0230093697,76703511.9952277,82505405.7251053,71103984.5055564,2.98509,2.99,China,67
2181,2,DALYs (Disability-Adjusted Life Years),6,China,3,Both,19,70-74 years,507,Other cardiovascular and circulatory diseases,1,Number,2021,75827.9411573898,118447.850369664,47674.029667486,53296442.1834049,57326053.2537987,49407824.0138524,2.26526,2.27,China,72
2182,2,DALYs (Disability-Adjusted Life Years),6,China,3,Both,20,75-79 years,507,Other cardiovascular and circulatory diseases,1,Number,2021,58522.2041450947,87863.1117361363,40320.85042,33118936.9198278,35625315.5381169,30699520.6511587,1.59758,1.6,China,77
2183,2,DALYs (Disability-Adjusted Life Years),6,China,3,Both,30,80-84 years,507,Other cardiovascular and circulatory diseases,1,Number,2021,44740.0425021843,63136.963394368,32770.9261912941,19791855.9591958,21286111.2343708,18350461.7238033,1.09729,1.1,China,82
2184,2,DALYs (Disability-Adjusted Life Years),6,China,3,Both,31,85-89 years,507,Other cardiovascular and circulatory diseases,1,Number,2021,26771.2422851864,35661.5724746385,20222.1919767739,9525751.04389445,10241982.404179,8835708.05975537,0.604519,0.6,China,87
2185,2,DALYs (Disability-Adjusted Life Years),6,China,3,Both,32,90-94 years,507,Other cardiovascular and circulatory diseases,1,Number,2021,8891.93593553347,11764.9296944457,6799.92740246474,2931987.49508033,3150521.32934664,2722002.79218523,0.246663,0.25,China,92
2186,2,DALYs (Disability-Adjusted Life Years),6,China,3,Both,235,95+ years,507,Other cardiovascular and circulatory diseases,1,Number,2021,2233.64565254398,2993.97230727543,1579.74262486454,639098.451282971,685273.852270942,595713.904194708,0.0785092,0.08,China,97
2187,2,DALYs (Disability-Adjusted Life Years),6,China,3,Both,10,25-29 years,509,Chronic obstructive pulmonary disease,1,Number,2021,55701.1643353213,65703.6192636581,45778.3577977364,86482070.9043593,93028056.7565448,80163484.4257888,7.59144,7.59,China,27
2188,2,DALYs (Disability-Adjusted Life Years),6,China,3,Both,11,30-34 years,509,Chronic obstructive pulmonary disease,1,Number,2021,114232.194996824,133761.254640593,95787.3382371467,121153279.502113,130331410.125577,112290557.790045,7.32171,7.32,China,32
2189,2,DALYs (Disability-Adjusted Life Years),6,China,3,Both,12,35-39 years,509,Chronic obstructive pulmonary disease,1,Number,2021,140610.683148558,166630.911685673,117059.074367133,105963255.636324,113982367.104433,98223075.7727965,6.82805,6.83,China,37
2190,2,DALYs (Disability-Adjusted Life Years),6,China,3,Both,13,40-44 years,509,Chronic obstructive pulmonary disease,1,Number,2021,199816.715350118,233944.088595576,169068.940991251,91533684.6415661,98456327.3467282,84852935.3102887,6.14735,6.15,China,42
2191,2,DALYs (Disability-Adjusted Life Years),6,China,3,Both,14,45-49 years,509,Chronic obstructive pulmonary disease,1,Number,2021,384960.290139214,461035.441380203,321211.407984487,110321560.932227,118673842.978656,102258447.610609,5.51133,5.51,China,47
2192,2,DALYs (Disability-Adjusted Life Years),6,China,3,Both,15,50-54 years,509,Chronic obstructive pulmonary disease,1,Number,2021,812245.377028056,979190.520859607,673131.19742995,120859033.528416,130013871.642202,112019245.908077,4.91312,4.91,China,52
2193,2,DALYs (Disability-Adjusted Life Years),6,China,3,Both,16,55-59 years,509,Chronic obstructive pulmonary disease,1,Number,2021,1263788.42868225,1535736.45326819,1024253.8742349,109942374.635099,118263065.390651,101910583.197243,4.34586,4.35,China,57
2194,2,DALYs (Disability-Adjusted Life Years),6,China,3,Both,17,60-64 years,509,Chronic obstructive pulmonary disease,1,Number,2021,1511649.45518006,1797140.44179288,1234652.30218087,73005166.3091959,78517317.8009865,67688365.1170174,3.68223,3.68,China,62
2195,2,DALYs (Disability-Adjusted Life Years),6,China,3,Both,18,65-69 years,509,Chronic obstructive pulmonary disease,1,Number,2021,2817958.60283454,3379482.27075706,2334610.13294691,76703511.9952277,82505405.7251053,71103984.5055564,2.98509,2.99,China,67
2196,2,DALYs (Disability-Adjusted Life Years),6,China,3,Both,19,70-74 years,509,Chronic obstructive pulmonary disease,1,Number,2021,3976193.4010765,4791778.46099808,3291563.92958574,53296442.1834049,57326053.2537987,49407824.0138524,2.26526,2.27,China,72
2197,2,DALYs (Disability-Adjusted Life Years),6,China,3,Both,20,75-79 years,509,Chronic obstructive pulmonary disease,1,Number,2021,4030286.01615168,4794419.25309493,3390893.15219668,33118936.9198278,35625315.5381169,30699520.6511587,1.59758,1.6,China,77
2198,2,DALYs (Disability-Adjusted Life Years),6,China,3,Both,30,80-84 years,509,Chronic obstructive pulmonary disease,1,Number,2021,3873601.49893706,4478223.54676017,3199744.54898449,19791855.9591958,21286111.2343708,18350461.7238033,1.09729,1.1,China,82
2199,2,DALYs (Disability-Adjusted Life Years),6,China,3,Both,31,85-89 years,509,Chronic obstructive pulmonary disease,1,Number,2021,2929872.89521229,3378227.20418033,2438207.51925988,9525751.04389445,10241982.404179,8835708.05975537,0.604519,0.6,China,87
2200,2,DALYs (Disability-Adjusted Life Years),6,China,3,Both,32,90-94 years,509,Chronic obstructive pulmonary disease,1,Number,2021,1184262.69023059,1387658.13431473,954081.397184315,2931987.49508033,3150521.32934664,2722002.79218523,0.246663,0.25,China,92
2201,2,DALYs (Disability-Adjusted Life Years),6,China,3,Both,235,95+ years,509,Chronic obstructive pulmonary disease,1,Number,2021,285487.397564625,352858.46436437,213032.414724511,639098.451282971,685273.852270942,595713.904194708,0.0785092,0.08,China,97
2202,2,DALYs (Disability-Adjusted Life Years),6,China,3,Both,10,25-29 years,511,Silicosis,1,Number,2021,750.664918681753,998.408241578276,536.976470701004,86482070.9043593,93028056.7565448,80163484.4257888,7.59144,7.59,China,27
2203,2,DALYs (Disability-Adjusted Life Years),6,China,3,Both,11,30-34 years,511,Silicosis,1,Number,2021,2730.67022631953,3646.78711330503,1992.26292423079,121153279.502113,130331410.125577,112290557.790045,7.32171,7.32,China,32
2204,2,DALYs (Disability-Adjusted Life Years),6,China,3,Both,12,35-39 years,511,Silicosis,1,Number,2021,5768.79320526193,7619.17455427091,4147.47155001168,105963255.636324,113982367.104433,98223075.7727965,6.82805,6.83,China,37
2205,2,DALYs (Disability-Adjusted Life Years),6,China,3,Both,13,40-44 years,511,Silicosis,1,Number,2021,9037.9883960465,12145.0696979884,6481.17732080954,91533684.6415661,98456327.3467282,84852935.3102887,6.14735,6.15,China,42
2206,2,DALYs (Disability-Adjusted Life Years),6,China,3,Both,14,45-49 years,511,Silicosis,1,Number,2021,13182.1613347736,17945.2806633106,9307.15089609842,110321560.932227,118673842.978656,102258447.610609,5.51133,5.51,China,47
2207,2,DALYs (Disability-Adjusted Life Years),6,China,3,Both,15,50-54 years,511,Silicosis,1,Number,2021,20167.2828462594,27753.6912343999,13831.5059926124,120859033.528416,130013871.642202,112019245.908077,4.91312,4.91,China,52
2208,2,DALYs (Disability-Adjusted Life Years),6,China,3,Both,16,55-59 years,511,Silicosis,1,Number,2021,20586.7187850065,28140.8490856147,15042.2775853187,109942374.635099,118263065.390651,101910583.197243,4.34586,4.35,China,57
2209,2,DALYs (Disability-Adjusted Life Years),6,China,3,Both,17,60-64 years,511,Silicosis,1,Number,2021,17077.6072388088,22609.2986602115,12219.3428267068,73005166.3091959,78517317.8009865,67688365.1170174,3.68223,3.68,China,62
2210,2,DALYs (Disability-Adjusted Life Years),6,China,3,Both,18,65-69 years,511,Silicosis,1,Number,2021,22092.6882427859,29974.5754575385,15923.1852561389,76703511.9952277,82505405.7251053,71103984.5055564,2.98509,2.99,China,67
2211,2,DALYs (Disability-Adjusted Life Years),6,China,3,Both,19,70-74 years,511,Silicosis,1,Number,2021,22602.803424286,29619.7099222577,17051.3098659315,53296442.1834049,57326053.2537987,49407824.0138524,2.26526,2.27,China,72
2212,2,DALYs (Disability-Adjusted Life Years),6,China,3,Both,20,75-79 years,511,Silicosis,1,Number,2021,18020.1084850337,22965.0836051838,13979.1165557005,33118936.9198278,35625315.5381169,30699520.6511587,1.59758,1.6,China,77
2213,2,DALYs (Disability-Adjusted Life Years),6,China,3,Both,30,80-84 years,511,Silicosis,1,Number,2021,12178.5132127011,15293.7424696943,9115.62073915354,19791855.9591958,21286111.2343708,18350461.7238033,1.09729,1.1,China,82
2214,2,DALYs (Disability-Adjusted Life Years),6,China,3,Both,31,85-89 years,511,Silicosis,1,Number,2021,6923.62375259879,8741.10785212399,5426.78769668212,9525751.04389445,10241982.404179,8835708.05975537,0.604519,0.6,China,87
2215,2,DALYs (Disability-Adjusted Life Years),6,China,3,Both,32,90-94 years,511,Silicosis,1,Number,2021,1505.56259281663,1876.20339899256,1151.72810469664,2931987.49508033,3150521.32934664,2722002.79218523,0.246663,0.25,China,92
2216,2,DALYs (Disability-Adjusted Life Years),6,China,3,Both,235,95+ years,511,Silicosis,1,Number,2021,201.622979395239,252.851367593641,148.891570440005,639098.451282971,685273.852270942,595713.904194708,0.0785092,0.08,China,97
2217,2,DALYs (Disability-Adjusted Life Years),6,China,3,Both,10,25-29 years,618,Other hemoglobinopathies and hemolytic anemias,1,Number,2021,10933.6330808818,16180.45603,6386.244186,86482070.9043593,93028056.7565448,80163484.4257888,7.59144,7.59,China,27
2218,2,DALYs (Disability-Adjusted Life Years),6,China,3,Both,11,30-34 years,618,Other hemoglobinopathies and hemolytic anemias,1,Number,2021,18088.5677921257,26147.6980470868,10932.4061416172,121153279.502113,130331410.125577,112290557.790045,7.32171,7.32,China,32
2219,2,DALYs (Disability-Adjusted Life Years),6,China,3,Both,12,35-39 years,618,Other hemoglobinopathies and hemolytic anemias,1,Number,2021,18118.7310039965,26576.7443182671,11048.9027931909,105963255.636324,113982367.104433,98223075.7727965,6.82805,6.83,China,37
2220,2,DALYs (Disability-Adjusted Life Years),6,China,3,Both,13,40-44 years,618,Other hemoglobinopathies and hemolytic anemias,1,Number,2021,16089.9593936872,23096.0928221971,10175.8346411005,91533684.6415661,98456327.3467282,84852935.3102887,6.14735,6.15,China,42
2221,2,DALYs (Disability-Adjusted Life Years),6,China,3,Both,14,45-49 years,618,Other hemoglobinopathies and hemolytic anemias,1,Number,2021,18252.1676373458,26112.4615469459,10933.9093915337,110321560.932227,118673842.978656,102258447.610609,5.51133,5.51,China,47
2222,2,DALYs (Disability-Adjusted Life Years),6,China,3,Both,15,50-54 years,618,Other hemoglobinopathies and hemolytic anemias,1,Number,2021,14038.4960894878,21009.1889956183,8347.37876067065,120859033.528416,130013871.642202,112019245.908077,4.91312,4.91,China,52
2223,2,DALYs (Disability-Adjusted Life Years),6,China,3,Both,16,55-59 years,618,Other hemoglobinopathies and hemolytic anemias,1,Number,2021,18192.000928449,24878.773785679,12439.495325368,109942374.635099,118263065.390651,101910583.197243,4.34586,4.35,China,57
2224,2,DALYs (Disability-Adjusted Life Years),6,China,3,Both,17,60-64 years,618,Other hemoglobinopathies and hemolytic anemias,1,Number,2021,25740.8670907742,33098.4662835024,19356.8889901246,73005166.3091959,78517317.8009865,67688365.1170174,3.68223,3.68,China,62
2225,2,DALYs (Disability-Adjusted Life Years),6,China,3,Both,18,65-69 years,618,Other hemoglobinopathies and hemolytic anemias,1,Number,2021,34433.8079437063,43668.2997004395,27607.9957606621,76703511.9952277,82505405.7251053,71103984.5055564,2.98509,2.99,China,67
2226,2,DALYs (Disability-Adjusted Life Years),6,China,3,Both,19,70-74 years,618,Other hemoglobinopathies and hemolytic anemias,1,Number,2021,34551.0868022693,43371.0120174649,27758.9331367949,53296442.1834049,57326053.2537987,49407824.0138524,2.26526,2.27,China,72
2227,2,DALYs (Disability-Adjusted Life Years),6,China,3,Both,20,75-79 years,618,Other hemoglobinopathies and hemolytic anemias,1,Number,2021,26496.9068562981,32490.0704230141,21083.248919283,33118936.9198278,35625315.5381169,30699520.6511587,1.59758,1.6,China,77
2228,2,DALYs (Disability-Adjusted Life Years),6,China,3,Both,30,80-84 years,618,Other hemoglobinopathies and hemolytic anemias,1,Number,2021,20787.5888256524,25967.259452391,16773.5262823368,19791855.9591958,21286111.2343708,18350461.7238033,1.09729,1.1,China,82
2229,2,DALYs (Disability-Adjusted Life Years),6,China,3,Both,31,85-89 years,618,Other hemoglobinopathies and hemolytic anemias,1,Number,2021,12252.8956877959,15366.8603261253,9842.02665679031,9525751.04389445,10241982.404179,8835708.05975537,0.604519,0.6,China,87
2230,2,DALYs (Disability-Adjusted Life Years),6,China,3,Both,32,90-94 years,618,Other hemoglobinopathies and hemolytic anemias,1,Number,2021,3835.31033620485,5098.44672171529,2915.39228961893,2931987.49508033,3150521.32934664,2722002.79218523,0.246663,0.25,China,92
2231,2,DALYs (Disability-Adjusted Life Years),6,China,3,Both,235,95+ years,618,Other hemoglobinopathies and hemolytic anemias,1,Number,2021,1247.17936887285,1698.11831306926,867.85429135485,639098.451282971,685273.852270942,595713.904194708,0.0785092,0.08,China,97
2232,2,DALYs (Disability-Adjusted Life Years),6,China,3,Both,10,25-29 years,713,Pulmonary aspiration and foreign body in airway,1,Number,2021,12035.9712227022,15260.2265671992,6804.268776,86482070.9043593,93028056.7565448,80163484.4257888,7.59144,7.59,China,27
2233,2,DALYs (Disability-Adjusted Life Years),6,China,3,Both,11,30-34 years,713,Pulmonary aspiration and foreign body in airway,1,Number,2021,17956.1355751509,22378.0191020985,9479.53462877389,121153279.502113,130331410.125577,112290557.790045,7.32171,7.32,China,32
2234,2,DALYs (Disability-Adjusted Life Years),6,China,3,Both,12,35-39 years,713,Pulmonary aspiration and foreign body in airway,1,Number,2021,17172.0269735127,21378.7515301809,9262.12126926871,105963255.636324,113982367.104433,98223075.7727965,6.82805,6.83,China,37
2235,2,DALYs (Disability-Adjusted Life Years),6,China,3,Both,13,40-44 years,713,Pulmonary aspiration and foreign body in airway,1,Number,2021,15461.1684472544,20017.6078443672,8046.81054461009,91533684.6415661,98456327.3467282,84852935.3102887,6.14735,6.15,China,42
2236,2,DALYs (Disability-Adjusted Life Years),6,China,3,Both,14,45-49 years,713,Pulmonary aspiration and foreign body in airway,1,Number,2021,16446.6916954738,22087.5391223577,8975.14609345336,110321560.932227,118673842.978656,102258447.610609,5.51133,5.51,China,47
2237,2,DALYs (Disability-Adjusted Life Years),6,China,3,Both,15,50-54 years,713,Pulmonary aspiration and foreign body in airway,1,Number,2021,18973.6580303729,24937.6450874441,10110.7756208234,120859033.528416,130013871.642202,112019245.908077,4.91312,4.91,China,52
2238,2,DALYs (Disability-Adjusted Life Years),6,China,3,Both,16,55-59 years,713,Pulmonary aspiration and foreign body in airway,1,Number,2021,17683.026873064,23110.4411073265,9753.68594516149,109942374.635099,118263065.390651,101910583.197243,4.34586,4.35,China,57
2239,2,DALYs (Disability-Adjusted Life Years),6,China,3,Both,17,60-64 years,713,Pulmonary aspiration and foreign body in airway,1,Number,2021,13863.5882686027,17907.3851442888,8128.25648053991,73005166.3091959,78517317.8009865,67688365.1170174,3.68223,3.68,China,62
2240,2,DALYs (Disability-Adjusted Life Years),6,China,3,Both,18,65-69 years,713,Pulmonary aspiration and foreign body in airway,1,Number,2021,18102.9835374418,23652.1548817047,10225.8564809114,76703511.9952277,82505405.7251053,71103984.5055564,2.98509,2.99,China,67
2241,2,DALYs (Disability-Adjusted Life Years),6,China,3,Both,19,70-74 years,713,Pulmonary aspiration and foreign body in airway,1,Number,2021,17943.7348487828,22827.9167901977,10486.6584693907,53296442.1834049,57326053.2537987,49407824.0138524,2.26526,2.27,China,72
2242,2,DALYs (Disability-Adjusted Life Years),6,China,3,Both,20,75-79 years,713,Pulmonary aspiration and foreign body in airway,1,Number,2021,15498.0982441887,19199.8127349372,8791.61859070067,33118936.9198278,35625315.5381169,30699520.6511587,1.59758,1.6,China,77
2243,2,DALYs (Disability-Adjusted Life Years),6,China,3,Both,30,80-84 years,713,Pulmonary aspiration and foreign body in airway,1,Number,2021,13465.7354705907,16513.0782511019,7801.05050550991,19791855.9591958,21286111.2343708,18350461.7238033,1.09729,1.1,China,82
2244,2,DALYs (Disability-Adjusted Life Years),6,China,3,Both,31,85-89 years,713,Pulmonary aspiration and foreign body in airway,1,Number,2021,12202.2793832812,14809.9852245676,6453.26584072526,9525751.04389445,10241982.404179,8835708.05975537,0.604519,0.6,China,87
2245,2,DALYs (Disability-Adjusted Life Years),6,China,3,Both,32,90-94 years,713,Pulmonary aspiration and foreign body in airway,1,Number,2021,5819.71620441509,7183.74946029591,3632.95707168992,2931987.49508033,3150521.32934664,2722002.79218523,0.246663,0.25,China,92
2246,2,DALYs (Disability-Adjusted Life Years),6,China,3,Both,235,95+ years,713,Pulmonary aspiration and foreign body in airway,1,Number,2021,1433.10100715857,1852.43969622974,867.129420498795,639098.451282971,685273.852270942,595713.904194708,0.0785092,0.08,China,97
2247,2,DALYs (Disability-Adjusted Life Years),6,China,3,Both,10,25-29 years,721,Self-harm by firearm,1,Number,2021,401.968650475113,717.490188014395,211.847522426393,86482070.9043593,93028056.7565448,80163484.4257888,7.59144,7.59,China,27
2248,2,DALYs (Disability-Adjusted Life Years),6,China,3,Both,11,30-34 years,721,Self-harm by firearm,1,Number,2021,386.32479366512,648.108882105267,207.263468699074,121153279.502113,130331410.125577,112290557.790045,7.32171,7.32,China,32
2249,2,DALYs (Disability-Adjusted Life Years),6,China,3,Both,12,35-39 years,721,Self-harm by firearm,1,Number,2021,462.61934506125,745.020634269276,236.315708633102,105963255.636324,113982367.104433,98223075.7727965,6.82805,6.83,China,37
2250,2,DALYs (Disability-Adjusted Life Years),6,China,3,Both,13,40-44 years,721,Self-harm by firearm,1,Number,2021,352.601803142113,531.408272113778,198.841463231188,91533684.6415661,98456327.3467282,84852935.3102887,6.14735,6.15,China,42
2251,2,DALYs (Disability-Adjusted Life Years),6,China,3,Both,14,45-49 years,721,Self-harm by firearm,1,Number,2021,351.358906203484,517.61968599232,218.834388386589,110321560.932227,118673842.978656,102258447.610609,5.51133,5.51,China,47
2252,2,DALYs (Disability-Adjusted Life Years),6,China,3,Both,15,50-54 years,721,Self-harm by firearm,1,Number,2021,442.140804268122,704.994630828326,278.309508544118,120859033.528416,130013871.642202,112019245.908077,4.91312,4.91,China,52
2253,2,DALYs (Disability-Adjusted Life Years),6,China,3,Both,16,55-59 years,721,Self-harm by firearm,1,Number,2021,328.48396581628,443.852424935976,239.797132922947,109942374.635099,118263065.390651,101910583.197243,4.34586,4.35,China,57
2254,2,DALYs (Disability-Adjusted Life Years),6,China,3,Both,17,60-64 years,721,Self-harm by firearm,1,Number,2021,184.369074083219,246.416743902759,139.246788893627,73005166.3091959,78517317.8009865,67688365.1170174,3.68223,3.68,China,62
2255,2,DALYs (Disability-Adjusted Life Years),6,China,3,Both,18,65-69 years,721,Self-harm by firearm,1,Number,2021,184.504406220288,241.821296117614,142.412480097597,76703511.9952277,82505405.7251053,71103984.5055564,2.98509,2.99,China,67
2256,2,DALYs (Disability-Adjusted Life Years),6,China,3,Both,19,70-74 years,721,Self-harm by firearm,1,Number,2021,140.300808294732,192.824765957873,106.599058219931,53296442.1834049,57326053.2537987,49407824.0138524,2.26526,2.27,China,72
2257,2,DALYs (Disability-Adjusted Life Years),6,China,3,Both,20,75-79 years,721,Self-harm by firearm,1,Number,2021,85.7578879935829,115.710383415671,65.316525588398,33118936.9198278,35625315.5381169,30699520.6511587,1.59758,1.6,China,77
2258,2,DALYs (Disability-Adjusted Life Years),6,China,3,Both,30,80-84 years,721,Self-harm by firearm,1,Number,2021,66.2857742400193,91.8344142713127,48.5709737820956,19791855.9591958,21286111.2343708,18350461.7238033,1.09729,1.1,China,82
2259,2,DALYs (Disability-Adjusted Life Years),6,China,3,Both,31,85-89 years,721,Self-harm by firearm,1,Number,2021,39.3464135413724,57.519750115797,28.1758437881071,9525751.04389445,10241982.404179,8835708.05975537,0.604519,0.6,China,87
2260,2,DALYs (Disability-Adjusted Life Years),6,China,3,Both,32,90-94 years,721,Self-harm by firearm,1,Number,2021,24.5742134873677,34.3802567596149,16.8402805661853,2931987.49508033,3150521.32934664,2722002.79218523,0.246663,0.25,China,92
2261,2,DALYs (Disability-Adjusted Life Years),6,China,3,Both,10,25-29 years,390,Dietary iron deficiency,1,Number,2021,91991.2143733866,136663.327186995,59322.8302300418,86482070.9043593,93028056.7565448,80163484.4257888,7.59144,7.59,China,27
2262,2,DALYs (Disability-Adjusted Life Years),6,China,3,Both,11,30-34 years,390,Dietary iron deficiency,1,Number,2021,156671.592762602,230860.870911732,100548.481535844,121153279.502113,130331410.125577,112290557.790045,7.32171,7.32,China,32
2263,2,DALYs (Disability-Adjusted Life Years),6,China,3,Both,12,35-39 years,390,Dietary iron deficiency,1,Number,2021,160206.3832,240897.791427076,99303.2517454734,105963255.636324,113982367.104433,98223075.7727965,6.82805,6.83,China,37
2264,2,DALYs (Disability-Adjusted Life Years),6,China,3,Both,13,40-44 years,390,Dietary iron deficiency,1,Number,2021,137707.598692627,198926.754100775,88482.4427441221,91533684.6415661,98456327.3467282,84852935.3102887,6.14735,6.15,China,42
2265,2,DALYs (Disability-Adjusted Life Years),6,China,3,Both,14,45-49 years,390,Dietary iron deficiency,1,Number,2021,159816.830888167,232038.838289204,104935.993845876,110321560.932227,118673842.978656,102258447.610609,5.51133,5.51,China,47
2266,2,DALYs (Disability-Adjusted Life Years),6,China,3,Both,15,50-54 years,390,Dietary iron deficiency,1,Number,2021,87322.9456067769,132073.380542179,55140.3952132093,120859033.528416,130013871.642202,112019245.908077,4.91312,4.91,China,52
2267,2,DALYs (Disability-Adjusted Life Years),6,China,3,Both,16,55-59 years,390,Dietary iron deficiency,1,Number,2021,93955.8335318968,140279.271959075,59421.1144648858,109942374.635099,118263065.390651,101910583.197243,4.34586,4.35,China,57
2268,2,DALYs (Disability-Adjusted Life Years),6,China,3,Both,17,60-64 years,390,Dietary iron deficiency,1,Number,2021,79953.92791,114877.024980452,51039.8332869276,73005166.3091959,78517317.8009865,67688365.1170174,3.68223,3.68,China,62
2269,2,DALYs (Disability-Adjusted Life Years),6,China,3,Both,18,65-69 years,390,Dietary iron deficiency,1,Number,2021,90054.9998184509,136432.966798754,56904.8021441456,76703511.9952277,82505405.7251053,71103984.5055564,2.98509,2.99,China,67
2270,2,DALYs (Disability-Adjusted Life Years),6,China,3,Both,19,70-74 years,390,Dietary iron deficiency,1,Number,2021,83422.6574787631,120383.58087053,55089.098562892,53296442.1834049,57326053.2537987,49407824.0138524,2.26526,2.27,China,72
2271,2,DALYs (Disability-Adjusted Life Years),6,China,3,Both,20,75-79 years,390,Dietary iron deficiency,1,Number,2021,65357.3292739896,93275.2061429087,43130.6839999307,33118936.9198278,35625315.5381169,30699520.6511587,1.59758,1.6,China,77
2272,2,DALYs (Disability-Adjusted Life Years),6,China,3,Both,30,80-84 years,390,Dietary iron deficiency,1,Number,2021,59428.13422,83223.8298619864,40858.8529823614,19791855.9591958,21286111.2343708,18350461.7238033,1.09729,1.1,China,82
2273,2,DALYs (Disability-Adjusted Life Years),6,China,3,Both,31,85-89 years,390,Dietary iron deficiency,1,Number,2021,33781.4064186863,48015.959610501,23155.5310889698,9525751.04389445,10241982.404179,8835708.05975537,0.604519,0.6,China,87
2274,2,DALYs (Disability-Adjusted Life Years),6,China,3,Both,32,90-94 years,390,Dietary iron deficiency,1,Number,2021,8285.99673385522,13668.4439815777,4632.09872566692,2931987.49508033,3150521.32934664,2722002.79218523,0.246663,0.25,China,92
2275,2,DALYs (Disability-Adjusted Life Years),6,China,3,Both,235,95+ years,390,Dietary iron deficiency,1,Number,2021,4220.83656168327,6332.97269519603,2397.54666721343,639098.451282971,685273.852270942,595713.904194708,0.0785092,0.08,China,97
2276,2,DALYs (Disability-Adjusted Life Years),6,China,3,Both,10,25-29 years,512,Asbestosis,1,Number,2021,88.7232340042607,159.754710096655,51.0312802233269,86482070.9043593,93028056.7565448,80163484.4257888,7.59144,7.59,China,27
2277,2,DALYs (Disability-Adjusted Life Years),6,China,3,Both,11,30-34 years,512,Asbestosis,1,Number,2021,273.173935560501,528.426953450278,135.584776335402,121153279.502113,130331410.125577,112290557.790045,7.32171,7.32,China,32
2278,2,DALYs (Disability-Adjusted Life Years),6,China,3,Both,12,35-39 years,512,Asbestosis,1,Number,2021,314.896345191319,643.324036504888,153.730003222668,105963255.636324,113982367.104433,98223075.7727965,6.82805,6.83,China,37
2279,2,DALYs (Disability-Adjusted Life Years),6,China,3,Both,13,40-44 years,512,Asbestosis,1,Number,2021,420.71363719696,878.603770501179,180.969594198637,91533684.6415661,98456327.3467282,84852935.3102887,6.14735,6.15,China,42
2280,2,DALYs (Disability-Adjusted Life Years),6,China,3,Both,14,45-49 years,512,Asbestosis,1,Number,2021,346.758979463247,751.636500491065,165.916746364244,110321560.932227,118673842.978656,102258447.610609,5.51133,5.51,China,47
2281,2,DALYs (Disability-Adjusted Life Years),6,China,3,Both,15,50-54 years,512,Asbestosis,1,Number,2021,641.091808491854,1339.04300938455,302.31584737577,120859033.528416,130013871.642202,112019245.908077,4.91312,4.91,China,52
2282,2,DALYs (Disability-Adjusted Life Years),6,China,3,Both,16,55-59 years,512,Asbestosis,1,Number,2021,693.714883424885,1329.13410340803,364.900221730008,109942374.635099,118263065.390651,101910583.197243,4.34586,4.35,China,57
2283,2,DALYs (Disability-Adjusted Life Years),6,China,3,Both,17,60-64 years,512,Asbestosis,1,Number,2021,504.194026801032,953.388982365286,292.707813302352,73005166.3091959,78517317.8009865,67688365.1170174,3.68223,3.68,China,62
2284,2,DALYs (Disability-Adjusted Life Years),6,China,3,Both,18,65-69 years,512,Asbestosis,1,Number,2021,745.02915633478,1299.91346125101,422.345944838441,76703511.9952277,82505405.7251053,71103984.5055564,2.98509,2.99,China,67
2285,2,DALYs (Disability-Adjusted Life Years),6,China,3,Both,19,70-74 years,512,Asbestosis,1,Number,2021,764.320455748158,1342.7044212419,416.621353539531,53296442.1834049,57326053.2537987,49407824.0138524,2.26526,2.27,China,72
2286,2,DALYs (Disability-Adjusted Life Years),6,China,3,Both,20,75-79 years,512,Asbestosis,1,Number,2021,538.956363835054,918.122375425443,300.193911628035,33118936.9198278,35625315.5381169,30699520.6511587,1.59758,1.6,China,77
2287,2,DALYs (Disability-Adjusted Life Years),6,China,3,Both,30,80-84 years,512,Asbestosis,1,Number,2021,337.743337723638,596.187910410559,178.5070991,19791855.9591958,21286111.2343708,18350461.7238033,1.09729,1.1,China,82
2288,2,DALYs (Disability-Adjusted Life Years),6,China,3,Both,31,85-89 years,512,Asbestosis,1,Number,2021,215.449324685209,388.190037419479,106.252378690371,9525751.04389445,10241982.404179,8835708.05975537,0.604519,0.6,China,87
2289,2,DALYs (Disability-Adjusted Life Years),6,China,3,Both,32,90-94 years,512,Asbestosis,1,Number,2021,74.9419019633853,140.446845358797,35.4899282445994,2931987.49508033,3150521.32934664,2722002.79218523,0.246663,0.25,China,92
2290,2,DALYs (Disability-Adjusted Life Years),6,China,3,Both,235,95+ years,512,Asbestosis,1,Number,2021,13.9661122906297,25.0164576244779,6.96765855726952,639098.451282971,685273.852270942,595713.904194708,0.0785092,0.08,China,97
2291,2,DALYs (Disability-Adjusted Life Years),6,China,3,Both,10,25-29 years,513,Coal workers pneumoconiosis,1,Number,2021,165.289887496495,318.597688211385,108.206148026338,86482070.9043593,93028056.7565448,80163484.4257888,7.59144,7.59,China,27
2292,2,DALYs (Disability-Adjusted Life Years),6,China,3,Both,11,30-34 years,513,Coal workers pneumoconiosis,1,Number,2021,266.864425262625,484.311139567983,161.189415095005,121153279.502113,130331410.125577,112290557.790045,7.32171,7.32,China,32
2293,2,DALYs (Disability-Adjusted Life Years),6,China,3,Both,12,35-39 years,513,Coal workers pneumoconiosis,1,Number,2021,719.732652386708,1393.06348350832,465.684902408249,105963255.636324,113982367.104433,98223075.7727965,6.82805,6.83,China,37
2294,2,DALYs (Disability-Adjusted Life Years),6,China,3,Both,13,40-44 years,513,Coal workers pneumoconiosis,1,Number,2021,1345.36132619538,2558.11298976397,845.794028910199,91533684.6415661,98456327.3467282,84852935.3102887,6.14735,6.15,China,42
2295,2,DALYs (Disability-Adjusted Life Years),6,China,3,Both,14,45-49 years,513,Coal workers pneumoconiosis,1,Number,2021,2112.45428628482,4659.0038928664,1223.45070555826,110321560.932227,118673842.978656,102258447.610609,5.51133,5.51,China,47
2296,2,DALYs (Disability-Adjusted Life Years),6,China,3,Both,15,50-54 years,513,Coal workers pneumoconiosis,1,Number,2021,2848.49892499036,6103.8064126871,1665.6679796441,120859033.528416,130013871.642202,112019245.908077,4.91312,4.91,China,52
2297,2,DALYs (Disability-Adjusted Life Years),6,China,3,Both,16,55-59 years,513,Coal workers pneumoconiosis,1,Number,2021,2593.42677826378,4957.57175180179,1608.15289836874,109942374.635099,118263065.390651,101910583.197243,4.34586,4.35,China,57
2298,2,DALYs (Disability-Adjusted Life Years),6,China,3,Both,17,60-64 years,513,Coal workers pneumoconiosis,1,Number,2021,2518.26305100445,4887.40667167708,1559.6094066478,73005166.3091959,78517317.8009865,67688365.1170174,3.68223,3.68,China,62
2299,2,DALYs (Disability-Adjusted Life Years),6,China,3,Both,18,65-69 years,513,Coal workers pneumoconiosis,1,Number,2021,3679.35703738814,7090.40583975055,2407.16505710186,76703511.9952277,82505405.7251053,71103984.5055564,2.98509,2.99,China,67
2300,2,DALYs (Disability-Adjusted Life Years),6,China,3,Both,19,70-74 years,513,Coal workers pneumoconiosis,1,Number,2021,4374.01006200488,7390.25286429107,2837.30236448314,53296442.1834049,57326053.2537987,49407824.0138524,2.26526,2.27,China,72
2301,2,DALYs (Disability-Adjusted Life Years),6,China,3,Both,20,75-79 years,513,Coal workers pneumoconiosis,1,Number,2021,3994.31519808729,6443.93937049647,2684.660373,33118936.9198278,35625315.5381169,30699520.6511587,1.59758,1.6,China,77
2302,2,DALYs (Disability-Adjusted Life Years),6,China,3,Both,30,80-84 years,513,Coal workers pneumoconiosis,1,Number,2021,2850.42256968143,4781.92212832343,1934.3853835631,19791855.9591958,21286111.2343708,18350461.7238033,1.09729,1.1,China,82
2303,2,DALYs (Disability-Adjusted Life Years),6,China,3,Both,31,85-89 years,513,Coal workers pneumoconiosis,1,Number,2021,1743.87601983823,2992.15166600762,1224.20428197078,9525751.04389445,10241982.404179,8835708.05975537,0.604519,0.6,China,87
2304,2,DALYs (Disability-Adjusted Life Years),6,China,3,Both,32,90-94 years,513,Coal workers pneumoconiosis,1,Number,2021,319.050390426315,590.604746052974,217.196143334383,2931987.49508033,3150521.32934664,2722002.79218523,0.246663,0.25,China,92
2305,2,DALYs (Disability-Adjusted Life Years),6,China,3,Both,235,95+ years,513,Coal workers pneumoconiosis,1,Number,2021,30.0892570875679,54.0175244321657,19.5632937335457,639098.451282971,685273.852270942,595713.904194708,0.0785092,0.08,China,97
2306,2,DALYs (Disability-Adjusted Life Years),6,China,3,Both,10,25-29 years,514,Other pneumoconiosis,1,Number,2021,289.9729527,446.898249445459,201.663412679929,86482070.9043593,93028056.7565448,80163484.4257888,7.59144,7.59,China,27
2307,2,DALYs (Disability-Adjusted Life Years),6,China,3,Both,11,30-34 years,514,Other pneumoconiosis,1,Number,2021,823.046510195077,1397.02989683793,573.246326145198,121153279.502113,130331410.125577,112290557.790045,7.32171,7.32,China,32
2308,2,DALYs (Disability-Adjusted Life Years),6,China,3,Both,12,35-39 years,514,Other pneumoconiosis,1,Number,2021,1119.98827356983,1841.43875238261,743.453540419342,105963255.636324,113982367.104433,98223075.7727965,6.82805,6.83,China,37
2309,2,DALYs (Disability-Adjusted Life Years),6,China,3,Both,13,40-44 years,514,Other pneumoconiosis,1,Number,2021,1081.42010053765,1974.57036783377,705.643970979775,91533684.6415661,98456327.3467282,84852935.3102887,6.14735,6.15,China,42
2310,2,DALYs (Disability-Adjusted Life Years),6,China,3,Both,14,45-49 years,514,Other pneumoconiosis,1,Number,2021,1303.5611184372,2754.2360825707,773.126993206513,110321560.932227,118673842.978656,102258447.610609,5.51133,5.51,China,47
2311,2,DALYs (Disability-Adjusted Life Years),6,China,3,Both,15,50-54 years,514,Other pneumoconiosis,1,Number,2021,1967.98260380122,3733.21041518029,1229.17018357275,120859033.528416,130013871.642202,112019245.908077,4.91312,4.91,China,52
2312,2,DALYs (Disability-Adjusted Life Years),6,China,3,Both,16,55-59 years,514,Other pneumoconiosis,1,Number,2021,1824.9998548894,3654.43591960675,1119.16589012694,109942374.635099,118263065.390651,101910583.197243,4.34586,4.35,China,57
2313,2,DALYs (Disability-Adjusted Life Years),6,China,3,Both,17,60-64 years,514,Other pneumoconiosis,1,Number,2021,1380.5021185977,2568.89849055741,883.308915008935,73005166.3091959,78517317.8009865,67688365.1170174,3.68223,3.68,China,62
2314,2,DALYs (Disability-Adjusted Life Years),6,China,3,Both,18,65-69 years,514,Other pneumoconiosis,1,Number,2021,1547.43526137839,2729.60764620287,994.739617163913,76703511.9952277,82505405.7251053,71103984.5055564,2.98509,2.99,China,67
2315,2,DALYs (Disability-Adjusted Life Years),6,China,3,Both,19,70-74 years,514,Other pneumoconiosis,1,Number,2021,1304.13649903074,2220.63570210225,872.142458989338,53296442.1834049,57326053.2537987,49407824.0138524,2.26526,2.27,China,72
2316,2,DALYs (Disability-Adjusted Life Years),6,China,3,Both,20,75-79 years,514,Other pneumoconiosis,1,Number,2021,900.183356110754,1425.18984701472,606.299690606821,33118936.9198278,35625315.5381169,30699520.6511587,1.59758,1.6,China,77
2317,2,DALYs (Disability-Adjusted Life Years),6,China,3,Both,30,80-84 years,514,Other pneumoconiosis,1,Number,2021,565.280063779007,1006.56137987937,381.368189737935,19791855.9591958,21286111.2343708,18350461.7238033,1.09729,1.1,China,82
2318,2,DALYs (Disability-Adjusted Life Years),6,China,3,Both,31,85-89 years,514,Other pneumoconiosis,1,Number,2021,364.429059600282,616.973027240368,246.060233690333,9525751.04389445,10241982.404179,8835708.05975537,0.604519,0.6,China,87
2319,2,DALYs (Disability-Adjusted Life Years),6,China,3,Both,32,90-94 years,514,Other pneumoconiosis,1,Number,2021,88.5403157531863,155.741277287934,58.8535098788604,2931987.49508033,3150521.32934664,2722002.79218523,0.246663,0.25,China,92
2320,2,DALYs (Disability-Adjusted Life Years),6,China,3,Both,235,95+ years,514,Other pneumoconiosis,1,Number,2021,21.5648777623967,38.9195073348895,14.4829687113173,639098.451282971,685273.852270942,595713.904194708,0.0785092,0.08,China,97
2321,2,DALYs (Disability-Adjusted Life Years),6,China,3,Both,10,25-29 years,515,Asthma,1,Number,2021,41780.2626886042,62830.1198813045,25678.8523969852,86482070.9043593,93028056.7565448,80163484.4257888,7.59144,7.59,China,27
2322,2,DALYs (Disability-Adjusted Life Years),6,China,3,Both,11,30-34 years,515,Asthma,1,Number,2021,62120.0964797433,95153.7762282605,39073.8621998916,121153279.502113,130331410.125577,112290557.790045,7.32171,7.32,China,32
2323,2,DALYs (Disability-Adjusted Life Years),6,China,3,Both,12,35-39 years,515,Asthma,1,Number,2021,59066.1071242848,87373.0734269911,38175.2221254548,105963255.636324,113982367.104433,98223075.7727965,6.82805,6.83,China,37
2324,2,DALYs (Disability-Adjusted Life Years),6,China,3,Both,13,40-44 years,515,Asthma,1,Number,2021,54240.1417399167,76789.2491901905,36577.6216326367,91533684.6415661,98456327.3467282,84852935.3102887,6.14735,6.15,China,42
2325,2,DALYs (Disability-Adjusted Life Years),6,China,3,Both,14,45-49 years,515,Asthma,1,Number,2021,65120.0098098797,89310.6345131763,45052.0264725521,110321560.932227,118673842.978656,102258447.610609,5.51133,5.51,China,47
2326,2,DALYs (Disability-Adjusted Life Years),6,China,3,Both,15,50-54 years,515,Asthma,1,Number,2021,75362.5765693773,100496.837874052,55129.244216854,120859033.528416,130013871.642202,112019245.908077,4.91312,4.91,China,52
2327,2,DALYs (Disability-Adjusted Life Years),6,China,3,Both,16,55-59 years,515,Asthma,1,Number,2021,79954.6883033797,101757.283545027,60018.6030754732,109942374.635099,118263065.390651,101910583.197243,4.34586,4.35,China,57
2328,2,DALYs (Disability-Adjusted Life Years),6,China,3,Both,17,60-64 years,515,Asthma,1,Number,2021,66143.5988882801,85223.0477640056,49825.9945050065,73005166.3091959,78517317.8009865,67688365.1170174,3.68223,3.68,China,62
2329,2,DALYs (Disability-Adjusted Life Years),6,China,3,Both,18,65-69 years,515,Asthma,1,Number,2021,96794.6210999785,123104.200099554,74684.1840009225,76703511.9952277,82505405.7251053,71103984.5055564,2.98509,2.99,China,67
2330,2,DALYs (Disability-Adjusted Life Years),6,China,3,Both,19,70-74 years,515,Asthma,1,Number,2021,107206.295718261,136128.825720844,83821.2037408368,53296442.1834049,57326053.2537987,49407824.0138524,2.26526,2.27,China,72
2331,2,DALYs (Disability-Adjusted Life Years),6,China,3,Both,20,75-79 years,515,Asthma,1,Number,2021,101412.67477635,124191.808458529,81237.8649992626,33118936.9198278,35625315.5381169,30699520.6511587,1.59758,1.6,China,77
2332,2,DALYs (Disability-Adjusted Life Years),6,China,3,Both,30,80-84 years,515,Asthma,1,Number,2021,88826.3490786943,106272.502020387,71576.2583864005,19791855.9591958,21286111.2343708,18350461.7238033,1.09729,1.1,China,82
2333,2,DALYs (Disability-Adjusted Life Years),6,China,3,Both,31,85-89 years,515,Asthma,1,Number,2021,59831.1060417094,70968.2344683947,47591.3001285676,9525751.04389445,10241982.404179,8835708.05975537,0.604519,0.6,China,87
2334,2,DALYs (Disability-Adjusted Life Years),6,China,3,Both,32,90-94 years,515,Asthma,1,Number,2021,22398.3117834888,27384.6428639557,17129.6945242059,2931987.49508033,3150521.32934664,2722002.79218523,0.246663,0.25,China,92
2335,2,DALYs (Disability-Adjusted Life Years),6,China,3,Both,235,95+ years,515,Asthma,1,Number,2021,5318.67736198342,6839.40947256311,3823.40156607759,639098.451282971,685273.852270942,595713.904194708,0.0785092,0.08,China,97
2336,2,DALYs (Disability-Adjusted Life Years),6,China,3,Both,10,25-29 years,516,Interstitial lung disease and pulmonary sarcoidosis,1,Number,2021,1650.26355312611,2309.38418127914,1176.06631262995,86482070.9043593,93028056.7565448,80163484.4257888,7.59144,7.59,China,27
2337,2,DALYs (Disability-Adjusted Life Years),6,China,3,Both,11,30-34 years,516,Interstitial lung disease and pulmonary sarcoidosis,1,Number,2021,3187.52015478606,4494.17436683548,2200.23391846805,121153279.502113,130331410.125577,112290557.790045,7.32171,7.32,China,32
2338,2,DALYs (Disability-Adjusted Life Years),6,China,3,Both,12,35-39 years,516,Interstitial lung disease and pulmonary sarcoidosis,1,Number,2021,4238.59949799277,5740.93385680103,2909.65023470298,105963255.636324,113982367.104433,98223075.7727965,6.82805,6.83,China,37
2339,2,DALYs (Disability-Adjusted Life Years),6,China,3,Both,13,40-44 years,516,Interstitial lung disease and pulmonary sarcoidosis,1,Number,2021,5512.1513150255,7647.54798634341,3747.87202959599,91533684.6415661,98456327.3467282,84852935.3102887,6.14735,6.15,China,42
2340,2,DALYs (Disability-Adjusted Life Years),6,China,3,Both,14,45-49 years,516,Interstitial lung disease and pulmonary sarcoidosis,1,Number,2021,9467.79786070387,13355.2367398555,6639.70390628491,110321560.932227,118673842.978656,102258447.610609,5.51133,5.51,China,47
2341,2,DALYs (Disability-Adjusted Life Years),6,China,3,Both,15,50-54 years,516,Interstitial lung disease and pulmonary sarcoidosis,1,Number,2021,16232.8961530615,22307.856933699,11638.6191931364,120859033.528416,130013871.642202,112019245.908077,4.91312,4.91,China,52
2342,2,DALYs (Disability-Adjusted Life Years),6,China,3,Both,16,55-59 years,516,Interstitial lung disease and pulmonary sarcoidosis,1,Number,2021,24657.6248261542,33876.7410897451,17404.9157787373,109942374.635099,118263065.390651,101910583.197243,4.34586,4.35,China,57
2343,2,DALYs (Disability-Adjusted Life Years),6,China,3,Both,17,60-64 years,516,Interstitial lung disease and pulmonary sarcoidosis,1,Number,2021,24837.1063979533,33617.3031374381,17398.678299595,73005166.3091959,78517317.8009865,67688365.1170174,3.68223,3.68,China,62
2344,2,DALYs (Disability-Adjusted Life Years),6,China,3,Both,18,65-69 years,516,Interstitial lung disease and pulmonary sarcoidosis,1,Number,2021,35782.1378133369,48100.6090995274,25958.8767808094,76703511.9952277,82505405.7251053,71103984.5055564,2.98509,2.99,China,67
2345,2,DALYs (Disability-Adjusted Life Years),6,China,3,Both,19,70-74 years,516,Interstitial lung disease and pulmonary sarcoidosis,1,Number,2021,34633.2691294985,46253.0044713009,24006.6455390462,53296442.1834049,57326053.2537987,49407824.0138524,2.26526,2.27,China,72
2346,2,DALYs (Disability-Adjusted Life Years),6,China,3,Both,20,75-79 years,516,Interstitial lung disease and pulmonary sarcoidosis,1,Number,2021,28285.3462442981,38223.7169880309,19195.0672804084,33118936.9198278,35625315.5381169,30699520.6511587,1.59758,1.6,China,77
2347,2,DALYs (Disability-Adjusted Life Years),6,China,3,Both,30,80-84 years,516,Interstitial lung disease and pulmonary sarcoidosis,1,Number,2021,17125.7721139968,22739.1317332682,11027.3610531753,19791855.9591958,21286111.2343708,18350461.7238033,1.09729,1.1,China,82
2348,2,DALYs (Disability-Adjusted Life Years),6,China,3,Both,31,85-89 years,516,Interstitial lung disease and pulmonary sarcoidosis,1,Number,2021,9812.19829819984,13072.4070323561,6038.48284588653,9525751.04389445,10241982.404179,8835708.05975537,0.604519,0.6,China,87
2349,2,DALYs (Disability-Adjusted Life Years),6,China,3,Both,32,90-94 years,516,Interstitial lung disease and pulmonary sarcoidosis,1,Number,2021,3235.25509645619,4232.40258131086,1947.37575210741,2931987.49508033,3150521.32934664,2722002.79218523,0.246663,0.25,China,92
2350,2,DALYs (Disability-Adjusted Life Years),6,China,3,Both,235,95+ years,516,Interstitial lung disease and pulmonary sarcoidosis,1,Number,2021,797.000574552954,1102.49678212691,470.952426161349,639098.451282971,685273.852270942,595713.904194708,0.0785092,0.08,China,97
2351,2,DALYs (Disability-Adjusted Life Years),6,China,3,Both,10,25-29 years,523,Chronic hepatitis C including cirrhosis,1,Number,2021,4659.42264271202,7222.3400506153,2816.4264217051,86482070.9043593,93028056.7565448,80163484.4257888,7.59144,7.59,China,27
2352,2,DALYs (Disability-Adjusted Life Years),6,China,3,Both,11,30-34 years,523,Chronic hepatitis C including cirrhosis,1,Number,2021,15754.1060156189,22852.4159503393,10846.2603630081,121153279.502113,130331410.125577,112290557.790045,7.32171,7.32,China,32
2353,2,DALYs (Disability-Adjusted Life Years),6,China,3,Both,12,35-39 years,523,Chronic hepatitis C including cirrhosis,1,Number,2021,28120.0146630684,41488.7753631951,17444.2020769739,105963255.636324,113982367.104433,98223075.7727965,6.82805,6.83,China,37
2354,2,DALYs (Disability-Adjusted Life Years),6,China,3,Both,13,40-44 years,523,Chronic hepatitis C including cirrhosis,1,Number,2021,40040.9173843431,57598.0981691324,26526.8328879134,91533684.6415661,98456327.3467282,84852935.3102887,6.14735,6.15,China,42
2355,2,DALYs (Disability-Adjusted Life Years),6,China,3,Both,14,45-49 years,523,Chronic hepatitis C including cirrhosis,1,Number,2021,54760.2111313957,79873.205186221,36684.6502600171,110321560.932227,118673842.978656,102258447.610609,5.51133,5.51,China,47
2356,2,DALYs (Disability-Adjusted Life Years),6,China,3,Both,15,50-54 years,523,Chronic hepatitis C including cirrhosis,1,Number,2021,72602.3267992067,105598.287741477,48733.3407535496,120859033.528416,130013871.642202,112019245.908077,4.91312,4.91,China,52
2357,2,DALYs (Disability-Adjusted Life Years),6,China,3,Both,16,55-59 years,523,Chronic hepatitis C including cirrhosis,1,Number,2021,69222.7027745016,98109.135527777,47171.8247849438,109942374.635099,118263065.390651,101910583.197243,4.34586,4.35,China,57
2358,2,DALYs (Disability-Adjusted Life Years),6,China,3,Both,17,60-64 years,523,Chronic hepatitis C including cirrhosis,1,Number,2021,47484.239242062,70860.9360551612,31514.4129891509,73005166.3091959,78517317.8009865,67688365.1170174,3.68223,3.68,China,62
2359,2,DALYs (Disability-Adjusted Life Years),6,China,3,Both,18,65-69 years,523,Chronic hepatitis C including cirrhosis,1,Number,2021,52700.5143438333,73699.5894176588,35638.3557291208,76703511.9952277,82505405.7251053,71103984.5055564,2.98509,2.99,China,67
2360,2,DALYs (Disability-Adjusted Life Years),6,China,3,Both,19,70-74 years,523,Chronic hepatitis C including cirrhosis,1,Number,2021,39699.904992149,53891.7219556196,28147.3280718905,53296442.1834049,57326053.2537987,49407824.0138524,2.26526,2.27,China,72
2361,2,DALYs (Disability-Adjusted Life Years),6,China,3,Both,20,75-79 years,523,Chronic hepatitis C including cirrhosis,1,Number,2021,25292.3704822371,35562.3382911998,17681.3102755365,33118936.9198278,35625315.5381169,30699520.6511587,1.59758,1.6,China,77
2362,2,DALYs (Disability-Adjusted Life Years),6,China,3,Both,30,80-84 years,523,Chronic hepatitis C including cirrhosis,1,Number,2021,15687.7104689368,21863.4604756178,10871.4054699239,19791855.9591958,21286111.2343708,18350461.7238033,1.09729,1.1,China,82
2363,2,DALYs (Disability-Adjusted Life Years),6,China,3,Both,31,85-89 years,523,Chronic hepatitis C including cirrhosis,1,Number,2021,9184.28106991012,11935.827760168,6823.02711553511,9525751.04389445,10241982.404179,8835708.05975537,0.604519,0.6,China,87
2364,2,DALYs (Disability-Adjusted Life Years),6,China,3,Both,32,90-94 years,523,Chronic hepatitis C including cirrhosis,1,Number,2021,2732.07080404214,3823.87765833745,1808.42198290641,2931987.49508033,3150521.32934664,2722002.79218523,0.246663,0.25,China,92
2365,2,DALYs (Disability-Adjusted Life Years),6,China,3,Both,235,95+ years,523,Chronic hepatitis C including cirrhosis,1,Number,2021,588.276395273985,916.664193250767,331.410884285826,639098.451282971,685273.852270942,595713.904194708,0.0785092,0.08,China,97
2366,2,DALYs (Disability-Adjusted Life Years),6,China,3,Both,10,25-29 years,525,Cirrhosis due to other causes,1,Number,2021,2542.59192421355,4321.57882715897,1355.58698842871,86482070.9043593,93028056.7565448,80163484.4257888,7.59144,7.59,China,27
2367,2,DALYs (Disability-Adjusted Life Years),6,China,3,Both,11,30-34 years,525,Cirrhosis due to other causes,1,Number,2021,3841.8197921545,6574.57525653704,1851.18458610667,121153279.502113,130331410.125577,112290557.790045,7.32171,7.32,China,32
2368,2,DALYs (Disability-Adjusted Life Years),6,China,3,Both,12,35-39 years,525,Cirrhosis due to other causes,1,Number,2021,3554.59578599544,6216.54840712554,1908.35490506664,105963255.636324,113982367.104433,98223075.7727965,6.82805,6.83,China,37
2369,2,DALYs (Disability-Adjusted Life Years),6,China,3,Both,13,40-44 years,525,Cirrhosis due to other causes,1,Number,2021,4004.58396308355,7127.81170730703,2136.29366860622,91533684.6415661,98456327.3467282,84852935.3102887,6.14735,6.15,China,42
2370,2,DALYs (Disability-Adjusted Life Years),6,China,3,Both,14,45-49 years,525,Cirrhosis due to other causes,1,Number,2021,6322.45140521154,10743.4930688298,2994.38178936099,110321560.932227,118673842.978656,102258447.610609,5.51133,5.51,China,47
2371,2,DALYs (Disability-Adjusted Life Years),6,China,3,Both,15,50-54 years,525,Cirrhosis due to other causes,1,Number,2021,9925.20874827244,17785.9962367785,4840.8644117596,120859033.528416,130013871.642202,112019245.908077,4.91312,4.91,China,52
2372,2,DALYs (Disability-Adjusted Life Years),6,China,3,Both,16,55-59 years,525,Cirrhosis due to other causes,1,Number,2021,12189.4316077379,22277.9013032611,6419.09038710489,109942374.635099,118263065.390651,101910583.197243,4.34586,4.35,China,57
2373,2,DALYs (Disability-Adjusted Life Years),6,China,3,Both,17,60-64 years,525,Cirrhosis due to other causes,1,Number,2021,10338.9609376965,17816.213257637,5469.89291177977,73005166.3091959,78517317.8009865,67688365.1170174,3.68223,3.68,China,62
2374,2,DALYs (Disability-Adjusted Life Years),6,China,3,Both,18,65-69 years,525,Cirrhosis due to other causes,1,Number,2021,14838.1027808097,25810.8017308026,7399.78171686993,76703511.9952277,82505405.7251053,71103984.5055564,2.98509,2.99,China,67
2375,2,DALYs (Disability-Adjusted Life Years),6,China,3,Both,19,70-74 years,525,Cirrhosis due to other causes,1,Number,2021,12586.5862409758,22638.3343930142,6422.91693846689,53296442.1834049,57326053.2537987,49407824.0138524,2.26526,2.27,China,72
2376,2,DALYs (Disability-Adjusted Life Years),6,China,3,Both,20,75-79 years,525,Cirrhosis due to other causes,1,Number,2021,8328.46339729003,13619.6983270328,4450.67021239352,33118936.9198278,35625315.5381169,30699520.6511587,1.59758,1.6,China,77
2377,2,DALYs (Disability-Adjusted Life Years),6,China,3,Both,30,80-84 years,525,Cirrhosis due to other causes,1,Number,2021,5280.78429238957,8804.52874763585,2921.80504607497,19791855.9591958,21286111.2343708,18350461.7238033,1.09729,1.1,China,82
2378,2,DALYs (Disability-Adjusted Life Years),6,China,3,Both,31,85-89 years,525,Cirrhosis due to other causes,1,Number,2021,2805.44263029105,4369.69825079536,1690.25383719253,9525751.04389445,10241982.404179,8835708.05975537,0.604519,0.6,China,87
2379,2,DALYs (Disability-Adjusted Life Years),6,China,3,Both,32,90-94 years,525,Cirrhosis due to other causes,1,Number,2021,881.914124377593,1498.17059391278,485.284659311421,2931987.49508033,3150521.32934664,2722002.79218523,0.246663,0.25,China,92
2380,2,DALYs (Disability-Adjusted Life Years),6,China,3,Both,235,95+ years,525,Cirrhosis due to other causes,1,Number,2021,212.830727441474,420.294331633959,91.4328230509584,639098.451282971,685273.852270942,595713.904194708,0.0785092,0.08,China,97
2381,2,DALYs (Disability-Adjusted Life Years),6,China,3,Both,10,25-29 years,527,Peptic ulcer disease,1,Number,2021,9158.09472962902,11690.6717145479,7206.75761075292,86482070.9043593,93028056.7565448,80163484.4257888,7.59144,7.59,China,27
2382,2,DALYs (Disability-Adjusted Life Years),6,China,3,Both,11,30-34 years,527,Peptic ulcer disease,1,Number,2021,18557.2511185805,23695.4546081953,14630.5693729447,121153279.502113,130331410.125577,112290557.790045,7.32171,7.32,China,32
2383,2,DALYs (Disability-Adjusted Life Years),6,China,3,Both,12,35-39 years,527,Peptic ulcer disease,1,Number,2021,24784.3004264543,32769.4756229282,19254.0027912806,105963255.636324,113982367.104433,98223075.7727965,6.82805,6.83,China,37
2384,2,DALYs (Disability-Adjusted Life Years),6,China,3,Both,13,40-44 years,527,Peptic ulcer disease,1,Number,2021,32132.7661735437,43208.0355907799,24456.8756301815,91533684.6415661,98456327.3467282,84852935.3102887,6.14735,6.15,China,42
2385,2,DALYs (Disability-Adjusted Life Years),6,China,3,Both,14,45-49 years,527,Peptic ulcer disease,1,Number,2021,46655.0125392508,64492.5145722969,34703.404727295,110321560.932227,118673842.978656,102258447.610609,5.51133,5.51,China,47
2386,2,DALYs (Disability-Adjusted Life Years),6,China,3,Both,15,50-54 years,527,Peptic ulcer disease,1,Number,2021,69368.3483106447,96545.8177798161,51160.1595367568,120859033.528416,130013871.642202,112019245.908077,4.91312,4.91,China,52
2387,2,DALYs (Disability-Adjusted Life Years),6,China,3,Both,16,55-59 years,527,Peptic ulcer disease,1,Number,2021,85088.0241008526,116965.392258723,64391.132457396,109942374.635099,118263065.390651,101910583.197243,4.34586,4.35,China,57
2388,2,DALYs (Disability-Adjusted Life Years),6,China,3,Both,17,60-64 years,527,Peptic ulcer disease,1,Number,2021,73945.8931251019,101501.5039,57247.5870219637,73005166.3091959,78517317.8009865,67688365.1170174,3.68223,3.68,China,62
2389,2,DALYs (Disability-Adjusted Life Years),6,China,3,Both,18,65-69 years,527,Peptic ulcer disease,1,Number,2021,107827.251063562,143250.754202752,83347.3129132125,76703511.9952277,82505405.7251053,71103984.5055564,2.98509,2.99,China,67
2390,2,DALYs (Disability-Adjusted Life Years),6,China,3,Both,19,70-74 years,527,Peptic ulcer disease,1,Number,2021,110522.444496237,144388.474949121,86064.7871220302,53296442.1834049,57326053.2537987,49407824.0138524,2.26526,2.27,China,72
2391,2,DALYs (Disability-Adjusted Life Years),6,China,3,Both,20,75-79 years,527,Peptic ulcer disease,1,Number,2021,100047.587622485,128018.423969153,79686.3151826293,33118936.9198278,35625315.5381169,30699520.6511587,1.59758,1.6,China,77
2392,2,DALYs (Disability-Adjusted Life Years),6,China,3,Both,30,80-84 years,527,Peptic ulcer disease,1,Number,2021,85646.8881429586,107346.384669737,67676.9785635365,19791855.9591958,21286111.2343708,18350461.7238033,1.09729,1.1,China,82
2393,2,DALYs (Disability-Adjusted Life Years),6,China,3,Both,31,85-89 years,527,Peptic ulcer disease,1,Number,2021,58550.9802120481,73332.6435657962,46010.9974479154,9525751.04389445,10241982.404179,8835708.05975537,0.604519,0.6,China,87
2394,2,DALYs (Disability-Adjusted Life Years),6,China,3,Both,32,90-94 years,527,Peptic ulcer disease,1,Number,2021,22349.1142705573,28888.1649805635,17056.4660191327,2931987.49508033,3150521.32934664,2722002.79218523,0.246663,0.25,China,92
2395,2,DALYs (Disability-Adjusted Life Years),6,China,3,Both,235,95+ years,527,Peptic ulcer disease,1,Number,2021,5377.5511789344,7166.59837202128,3785.51299462752,639098.451282971,685273.852270942,595713.904194708,0.0785092,0.08,China,97
2396,2,DALYs (Disability-Adjusted Life Years),6,China,3,Both,10,25-29 years,530,Paralytic ileus and intestinal obstruction,1,Number,2021,6103.56936075527,8174.54695756558,4764.49525392366,86482070.9043593,93028056.7565448,80163484.4257888,7.59144,7.59,China,27
2397,2,DALYs (Disability-Adjusted Life Years),6,China,3,Both,11,30-34 years,530,Paralytic ileus and intestinal obstruction,1,Number,2021,8884.37977733583,12390.2945820881,6967.48813103746,121153279.502113,130331410.125577,112290557.790045,7.32171,7.32,China,32
2398,2,DALYs (Disability-Adjusted Life Years),6,China,3,Both,12,35-39 years,530,Paralytic ileus and intestinal obstruction,1,Number,2021,8581.15652851536,12135.9804025443,6579.4256144582,105963255.636324,113982367.104433,98223075.7727965,6.82805,6.83,China,37
2399,2,DALYs (Disability-Adjusted Life Years),6,China,3,Both,13,40-44 years,530,Paralytic ileus and intestinal obstruction,1,Number,2021,9230.62200444146,12578.7349431302,7095.40456115544,91533684.6415661,98456327.3467282,84852935.3102887,6.14735,6.15,China,42
2400,2,DALYs (Disability-Adjusted Life Years),6,China,3,Both,14,45-49 years,530,Paralytic ileus and intestinal obstruction,1,Number,2021,12996.8341944508,18218.0980965641,9925.86117767331,110321560.932227,118673842.978656,102258447.610609,5.51133,5.51,China,47
2401,2,DALYs (Disability-Adjusted Life Years),6,China,3,Both,15,50-54 years,530,Paralytic ileus and intestinal obstruction,1,Number,2021,17917.753177605,25647.1845155793,13181.2501935117,120859033.528416,130013871.642202,112019245.908077,4.91312,4.91,China,52
2402,2,DALYs (Disability-Adjusted Life Years),6,China,3,Both,16,55-59 years,530,Paralytic ileus and intestinal obstruction,1,Number,2021,21946.2637368987,32025.2265147561,16443.0831490382,109942374.635099,118263065.390651,101910583.197243,4.34586,4.35,China,57
2403,2,DALYs (Disability-Adjusted Life Years),6,China,3,Both,17,60-64 years,530,Paralytic ileus and intestinal obstruction,1,Number,2021,20216.7838017941,28562.7608295158,15518.4399574848,73005166.3091959,78517317.8009865,67688365.1170174,3.68223,3.68,China,62
2404,2,DALYs (Disability-Adjusted Life Years),6,China,3,Both,18,65-69 years,530,Paralytic ileus and intestinal obstruction,1,Number,2021,31298.2326388151,45496.3915159087,24312.7983999242,76703511.9952277,82505405.7251053,71103984.5055564,2.98509,2.99,China,67
2405,2,DALYs (Disability-Adjusted Life Years),6,China,3,Both,19,70-74 years,530,Paralytic ileus and intestinal obstruction,1,Number,2021,38533.5070984487,53938.9412454363,29528.7488226862,53296442.1834049,57326053.2537987,49407824.0138524,2.26526,2.27,China,72
2406,2,DALYs (Disability-Adjusted Life Years),6,China,3,Both,20,75-79 years,530,Paralytic ileus and intestinal obstruction,1,Number,2021,39715.8247601738,54290.5671758257,30877.9970757922,33118936.9198278,35625315.5381169,30699520.6511587,1.59758,1.6,China,77
2407,2,DALYs (Disability-Adjusted Life Years),6,China,3,Both,30,80-84 years,530,Paralytic ileus and intestinal obstruction,1,Number,2021,36474.6521671344,48169.5139814162,28636.7990078471,19791855.9591958,21286111.2343708,18350461.7238033,1.09729,1.1,China,82
2408,2,DALYs (Disability-Adjusted Life Years),6,China,3,Both,31,85-89 years,530,Paralytic ileus and intestinal obstruction,1,Number,2021,30363.4987732305,39384.0364238868,23045.3882023558,9525751.04389445,10241982.404179,8835708.05975537,0.604519,0.6,China,87
2409,2,DALYs (Disability-Adjusted Life Years),6,China,3,Both,32,90-94 years,530,Paralytic ileus and intestinal obstruction,1,Number,2021,12753.45019,16626.1395816415,9502.40635773346,2931987.49508033,3150521.32934664,2722002.79218523,0.246663,0.25,China,92
2410,2,DALYs (Disability-Adjusted Life Years),6,China,3,Both,235,95+ years,530,Paralytic ileus and intestinal obstruction,1,Number,2021,2923.62638779011,3877.624018,2029.54393877053,639098.451282971,685273.852270942,595713.904194708,0.0785092,0.08,China,97
2411,2,DALYs (Disability-Adjusted Life Years),6,China,3,Both,10,25-29 years,533,Vascular intestinal disorders,1,Number,2021,196.18320161215,261.283170959015,149.781041673348,86482070.9043593,93028056.7565448,80163484.4257888,7.59144,7.59,China,27
2412,2,DALYs (Disability-Adjusted Life Years),6,China,3,Both,11,30-34 years,533,Vascular intestinal disorders,1,Number,2021,326.951462342574,433.531626032375,248.791873325639,121153279.502113,130331410.125577,112290557.790045,7.32171,7.32,China,32
2413,2,DALYs (Disability-Adjusted Life Years),6,China,3,Both,12,35-39 years,533,Vascular intestinal disorders,1,Number,2021,310.325288308071,416.671991367284,232.480453436087,105963255.636324,113982367.104433,98223075.7727965,6.82805,6.83,China,37
2414,2,DALYs (Disability-Adjusted Life Years),6,China,3,Both,13,40-44 years,533,Vascular intestinal disorders,1,Number,2021,385.476024713353,502.759364983114,292.723700938166,91533684.6415661,98456327.3467282,84852935.3102887,6.14735,6.15,China,42
2415,2,DALYs (Disability-Adjusted Life Years),6,China,3,Both,14,45-49 years,533,Vascular intestinal disorders,1,Number,2021,546.595901387944,738.773967370297,398.637596167373,110321560.932227,118673842.978656,102258447.610609,5.51133,5.51,China,47
2416,2,DALYs (Disability-Adjusted Life Years),6,China,3,Both,15,50-54 years,533,Vascular intestinal disorders,1,Number,2021,843.68052109099,1097.33600300304,631.090839072711,120859033.528416,130013871.642202,112019245.908077,4.91312,4.91,China,52
2417,2,DALYs (Disability-Adjusted Life Years),6,China,3,Both,16,55-59 years,533,Vascular intestinal disorders,1,Number,2021,1280.4247799305,1643.42102979685,978.556261945926,109942374.635099,118263065.390651,101910583.197243,4.34586,4.35,China,57
2418,2,DALYs (Disability-Adjusted Life Years),6,China,3,Both,17,60-64 years,533,Vascular intestinal disorders,1,Number,2021,1386.02090177113,1783.82364784638,1074.86662713479,73005166.3091959,78517317.8009865,67688365.1170174,3.68223,3.68,China,62
2419,2,DALYs (Disability-Adjusted Life Years),6,China,3,Both,18,65-69 years,533,Vascular intestinal disorders,1,Number,2021,2104.22903390727,2612.7391195929,1696.50795410936,76703511.9952277,82505405.7251053,71103984.5055564,2.98509,2.99,China,67
2420,2,DALYs (Disability-Adjusted Life Years),6,China,3,Both,19,70-74 years,533,Vascular intestinal disorders,1,Number,2021,2457.96853030734,3057.65021160183,1998.54753961199,53296442.1834049,57326053.2537987,49407824.0138524,2.26526,2.27,China,72
2421,2,DALYs (Disability-Adjusted Life Years),6,China,3,Both,20,75-79 years,533,Vascular intestinal disorders,1,Number,2021,2415.5617103698,2932.12556017847,1969.77808329981,33118936.9198278,35625315.5381169,30699520.6511587,1.59758,1.6,China,77
2422,2,DALYs (Disability-Adjusted Life Years),6,China,3,Both,30,80-84 years,533,Vascular intestinal disorders,1,Number,2021,2069.60140642152,2470.36858278177,1655.15719444613,19791855.9591958,21286111.2343708,18350461.7238033,1.09729,1.1,China,82
2423,2,DALYs (Disability-Adjusted Life Years),6,China,3,Both,31,85-89 years,533,Vascular intestinal disorders,1,Number,2021,1881.83962205538,2297.42859899507,1444.87293029369,9525751.04389445,10241982.404179,8835708.05975537,0.604519,0.6,China,87
2424,2,DALYs (Disability-Adjusted Life Years),6,China,3,Both,32,90-94 years,533,Vascular intestinal disorders,1,Number,2021,793.760031856605,1019.44586439977,522.869059192765,2931987.49508033,3150521.32934664,2722002.79218523,0.246663,0.25,China,92
2425,2,DALYs (Disability-Adjusted Life Years),6,China,3,Both,235,95+ years,533,Vascular intestinal disorders,1,Number,2021,191.058146083207,274.529940473814,103.228962413888,639098.451282971,685273.852270942,595713.904194708,0.0785092,0.08,China,97
2426,2,DALYs (Disability-Adjusted Life Years),6,China,3,Both,10,25-29 years,656,Cellulitis,1,Number,2021,384.011874842091,546.181491349069,271.640216414868,86482070.9043593,93028056.7565448,80163484.4257888,7.59144,7.59,China,27
2427,2,DALYs (Disability-Adjusted Life Years),6,China,3,Both,11,30-34 years,656,Cellulitis,1,Number,2021,656.370480586383,919.199036479634,465.541921755639,121153279.502113,130331410.125577,112290557.790045,7.32171,7.32,China,32
2428,2,DALYs (Disability-Adjusted Life Years),6,China,3,Both,12,35-39 years,656,Cellulitis,1,Number,2021,699.622716046073,985.300736034677,506.871340996916,105963255.636324,113982367.104433,98223075.7727965,6.82805,6.83,China,37
2429,2,DALYs (Disability-Adjusted Life Years),6,China,3,Both,13,40-44 years,656,Cellulitis,1,Number,2021,681.826460505848,936.065998851312,480.175024986225,91533684.6415661,98456327.3467282,84852935.3102887,6.14735,6.15,China,42
2430,2,DALYs (Disability-Adjusted Life Years),6,China,3,Both,14,45-49 years,656,Cellulitis,1,Number,2021,1021.86690811621,1390.58800518631,709.476318712355,110321560.932227,118673842.978656,102258447.610609,5.51133,5.51,China,47
2431,2,DALYs (Disability-Adjusted Life Years),6,China,3,Both,15,50-54 years,656,Cellulitis,1,Number,2021,1487.01761905356,2020.84501761766,1058.39440636163,120859033.528416,130013871.642202,112019245.908077,4.91312,4.91,China,52
2432,2,DALYs (Disability-Adjusted Life Years),6,China,3,Both,16,55-59 years,656,Cellulitis,1,Number,2021,1649.5094361281,2290.42697131605,1211.34539368459,109942374.635099,118263065.390651,101910583.197243,4.34586,4.35,China,57
2433,2,DALYs (Disability-Adjusted Life Years),6,China,3,Both,17,60-64 years,656,Cellulitis,1,Number,2021,1328.07238850432,1792.75310051062,1002.50338695276,73005166.3091959,78517317.8009865,67688365.1170174,3.68223,3.68,China,62
2434,2,DALYs (Disability-Adjusted Life Years),6,China,3,Both,18,65-69 years,656,Cellulitis,1,Number,2021,1471.29669047868,2015.88638366474,1082.75116913039,76703511.9952277,82505405.7251053,71103984.5055564,2.98509,2.99,China,67
2435,2,DALYs (Disability-Adjusted Life Years),6,China,3,Both,19,70-74 years,656,Cellulitis,1,Number,2021,1288.82050911729,1923.43239323742,936.497788835515,53296442.1834049,57326053.2537987,49407824.0138524,2.26526,2.27,China,72
2436,2,DALYs (Disability-Adjusted Life Years),6,China,3,Both,20,75-79 years,656,Cellulitis,1,Number,2021,933.338830264288,1534.05025853761,631.997539901939,33118936.9198278,35625315.5381169,30699520.6511587,1.59758,1.6,China,77
2437,2,DALYs (Disability-Adjusted Life Years),6,China,3,Both,30,80-84 years,656,Cellulitis,1,Number,2021,703.913042973149,1224.47580121475,475.790462249021,19791855.9591958,21286111.2343708,18350461.7238033,1.09729,1.1,China,82
2438,2,DALYs (Disability-Adjusted Life Years),6,China,3,Both,31,85-89 years,656,Cellulitis,1,Number,2021,611.433771675752,1306.19800982093,384.1367017,9525751.04389445,10241982.404179,8835708.05975537,0.604519,0.6,China,87
2439,2,DALYs (Disability-Adjusted Life Years),6,China,3,Both,32,90-94 years,656,Cellulitis,1,Number,2021,272.813760835217,641.895093246307,149.468663871161,2931987.49508033,3150521.32934664,2722002.79218523,0.246663,0.25,China,92
2440,2,DALYs (Disability-Adjusted Life Years),6,China,3,Both,235,95+ years,656,Cellulitis,1,Number,2021,94.6214485754659,229.981176279409,45.1916442104189,639098.451282971,685273.852270942,595713.904194708,0.0785092,0.08,China,97
2441,2,DALYs (Disability-Adjusted Life Years),6,China,3,Both,10,25-29 years,657,Pyoderma,1,Number,2021,1070.3918078616,1539.52424523914,776.041067928035,86482070.9043593,93028056.7565448,80163484.4257888,7.59144,7.59,China,27
2442,2,DALYs (Disability-Adjusted Life Years),6,China,3,Both,11,30-34 years,657,Pyoderma,1,Number,2021,1884.95281841812,2628.4082839134,1369.78728278753,121153279.502113,130331410.125577,112290557.790045,7.32171,7.32,China,32
2443,2,DALYs (Disability-Adjusted Life Years),6,China,3,Both,12,35-39 years,657,Pyoderma,1,Number,2021,2121.93897691478,2986.85864825055,1481.49594078917,105963255.636324,113982367.104433,98223075.7727965,6.82805,6.83,China,37
2444,2,DALYs (Disability-Adjusted Life Years),6,China,3,Both,13,40-44 years,657,Pyoderma,1,Number,2021,2303.34054263152,3133.49578988183,1662.33524808969,91533684.6415661,98456327.3467282,84852935.3102887,6.14735,6.15,China,42
2445,2,DALYs (Disability-Adjusted Life Years),6,China,3,Both,14,45-49 years,657,Pyoderma,1,Number,2021,2767.56064697973,3697.27650765771,1993.11019540653,110321560.932227,118673842.978656,102258447.610609,5.51133,5.51,China,47
2446,2,DALYs (Disability-Adjusted Life Years),6,China,3,Both,15,50-54 years,657,Pyoderma,1,Number,2021,3631.56892407373,4936.01183671484,2676.3637635277,120859033.528416,130013871.642202,112019245.908077,4.91312,4.91,China,52
2447,2,DALYs (Disability-Adjusted Life Years),6,China,3,Both,16,55-59 years,657,Pyoderma,1,Number,2021,3970.95218569842,5209.55659763481,2917.43296853493,109942374.635099,118263065.390651,101910583.197243,4.34586,4.35,China,57
2448,2,DALYs (Disability-Adjusted Life Years),6,China,3,Both,17,60-64 years,657,Pyoderma,1,Number,2021,2907.53473777429,3951.1787078039,2151.03965106753,73005166.3091959,78517317.8009865,67688365.1170174,3.68223,3.68,China,62
2449,2,DALYs (Disability-Adjusted Life Years),6,China,3,Both,18,65-69 years,657,Pyoderma,1,Number,2021,4168.86571087106,5694.04139067708,3063.08325731127,76703511.9952277,82505405.7251053,71103984.5055564,2.98509,2.99,China,67
2450,2,DALYs (Disability-Adjusted Life Years),6,China,3,Both,19,70-74 years,657,Pyoderma,1,Number,2021,4385.52583054366,6468.59679141135,3225.93531923538,53296442.1834049,57326053.2537987,49407824.0138524,2.26526,2.27,China,72
2451,2,DALYs (Disability-Adjusted Life Years),6,China,3,Both,20,75-79 years,657,Pyoderma,1,Number,2021,4111.38356072629,6541.22263545398,2911.58039080674,33118936.9198278,35625315.5381169,30699520.6511587,1.59758,1.6,China,77
2452,2,DALYs (Disability-Adjusted Life Years),6,China,3,Both,30,80-84 years,657,Pyoderma,1,Number,2021,3964.18181275918,6934.85648754136,2591.48445092059,19791855.9591958,21286111.2343708,18350461.7238033,1.09729,1.1,China,82
2453,2,DALYs (Disability-Adjusted Life Years),6,China,3,Both,31,85-89 years,657,Pyoderma,1,Number,2021,4184.5792508144,7951.78482356221,2599.27610866007,9525751.04389445,10241982.404179,8835708.05975537,0.604519,0.6,China,87
2454,2,DALYs (Disability-Adjusted Life Years),6,China,3,Both,32,90-94 years,657,Pyoderma,1,Number,2021,2077.95166496428,4408.4525298187,1130.20733769531,2931987.49508033,3150521.32934664,2722002.79218523,0.246663,0.25,China,92
2455,2,DALYs (Disability-Adjusted Life Years),6,China,3,Both,235,95+ years,657,Pyoderma,1,Number,2021,735.629460669532,1718.17384642797,363.979202688174,639098.451282971,685273.852270942,595713.904194708,0.0785092,0.08,China,97
2456,2,DALYs (Disability-Adjusted Life Years),6,China,3,Both,10,25-29 years,659,Fungal skin diseases,1,Number,2021,19009.5624354384,41189.8400865334,7271.57815352658,86482070.9043593,93028056.7565448,80163484.4257888,7.59144,7.59,China,27
2457,2,DALYs (Disability-Adjusted Life Years),6,China,3,Both,11,30-34 years,659,Fungal skin diseases,1,Number,2021,28108.904349364,58679.0525992251,10766.3264267249,121153279.502113,130331410.125577,112290557.790045,7.32171,7.32,China,32
2458,2,DALYs (Disability-Adjusted Life Years),6,China,3,Both,12,35-39 years,659,Fungal skin diseases,1,Number,2021,27013.2658010495,54792.9568218473,10742.2126512013,105963255.636324,113982367.104433,98223075.7727965,6.82805,6.83,China,37
2459,2,DALYs (Disability-Adjusted Life Years),6,China,3,Both,13,40-44 years,659,Fungal skin diseases,1,Number,2021,25642.5754792117,53198.2993876954,10089.8724608839,91533684.6415661,98456327.3467282,84852935.3102887,6.14735,6.15,China,42
2460,2,DALYs (Disability-Adjusted Life Years),6,China,3,Both,14,45-49 years,659,Fungal skin diseases,1,Number,2021,33252.851835089,68769.358294986,12970.4399432719,110321560.932227,118673842.978656,102258447.610609,5.51133,5.51,China,47
2461,2,DALYs (Disability-Adjusted Life Years),6,China,3,Both,15,50-54 years,659,Fungal skin diseases,1,Number,2021,37568.7566849277,77922.5631452578,14980.5939729613,120859033.528416,130013871.642202,112019245.908077,4.91312,4.91,China,52
2462,2,DALYs (Disability-Adjusted Life Years),6,China,3,Both,16,55-59 years,659,Fungal skin diseases,1,Number,2021,33480.8144041917,72916.8875916724,13358.1555508305,109942374.635099,118263065.390651,101910583.197243,4.34586,4.35,China,57
2463,2,DALYs (Disability-Adjusted Life Years),6,China,3,Both,17,60-64 years,659,Fungal skin diseases,1,Number,2021,21913.0103938811,48151.4027081174,8564.04888878805,73005166.3091959,78517317.8009865,67688365.1170174,3.68223,3.68,China,62
2464,2,DALYs (Disability-Adjusted Life Years),6,China,3,Both,18,65-69 years,659,Fungal skin diseases,1,Number,2021,25956.9525012474,56611.6377897926,10290.8575157345,76703511.9952277,82505405.7251053,71103984.5055564,2.98509,2.99,China,67
2465,2,DALYs (Disability-Adjusted Life Years),6,China,3,Both,19,70-74 years,659,Fungal skin diseases,1,Number,2021,22910.440915607,48521.7291288394,9565.00482053686,53296442.1834049,57326053.2537987,49407824.0138524,2.26526,2.27,China,72
2466,2,DALYs (Disability-Adjusted Life Years),6,China,3,Both,20,75-79 years,659,Fungal skin diseases,1,Number,2021,17052.6991704622,35287.0316128389,6841.58711463124,33118936.9198278,35625315.5381169,30699520.6511587,1.59758,1.6,China,77
2467,2,DALYs (Disability-Adjusted Life Years),6,China,3,Both,30,80-84 years,659,Fungal skin diseases,1,Number,2021,13025.8449657414,26879.2464819042,5165.55295442925,19791855.9591958,21286111.2343708,18350461.7238033,1.09729,1.1,China,82
2468,2,DALYs (Disability-Adjusted Life Years),6,China,3,Both,31,85-89 years,659,Fungal skin diseases,1,Number,2021,8356.06326373969,16956.9292476759,3229.81394999477,9525751.04389445,10241982.404179,8835708.05975537,0.604519,0.6,China,87
2469,2,DALYs (Disability-Adjusted Life Years),6,China,3,Both,32,90-94 years,659,Fungal skin diseases,1,Number,2021,3149.99142674624,6770.66656943054,1236.51049989757,2931987.49508033,3150521.32934664,2722002.79218523,0.246663,0.25,China,92
2470,2,DALYs (Disability-Adjusted Life Years),6,China,3,Both,235,95+ years,659,Fungal skin diseases,1,Number,2021,796.606083610207,1765.42749124919,299.38224060469,639098.451282971,685273.852270942,595713.904194708,0.0785092,0.08,China,97
2471,2,DALYs (Disability-Adjusted Life Years),6,China,3,Both,30,80-84 years,846,Chronic lymphoid leukemia,1,Number,2021,9047.35734652221,14256.9878843353,5965.87437872056,19791855.9591958,21286111.2343708,18350461.7238033,1.09729,1.1,China,82
2472,2,DALYs (Disability-Adjusted Life Years),6,China,3,Both,31,85-89 years,846,Chronic lymphoid leukemia,1,Number,2021,5032.57213263145,7646.54820600801,3470.45422087408,9525751.04389445,10241982.404179,8835708.05975537,0.604519,0.6,China,87
2473,2,DALYs (Disability-Adjusted Life Years),6,China,3,Both,32,90-94 years,846,Chronic lymphoid leukemia,1,Number,2021,1303.24329283036,2040.97376644329,890.453749867561,2931987.49508033,3150521.32934664,2722002.79218523,0.246663,0.25,China,92
2474,2,DALYs (Disability-Adjusted Life Years),6,China,3,Both,235,95+ years,846,Chronic lymphoid leukemia,1,Number,2021,229.36057909518,348.165439853762,146.216192536532,639098.451282971,685273.852270942,595713.904194708,0.0785092,0.08,China,97
2475,2,DALYs (Disability-Adjusted Life Years),6,China,3,Both,10,25-29 years,847,Acute myeloid leukemia,1,Number,2021,26619.1848570906,36509.9294688666,16479.2179441905,86482070.9043593,93028056.7565448,80163484.4257888,7.59144,7.59,China,27
2476,2,DALYs (Disability-Adjusted Life Years),6,China,3,Both,11,30-34 years,847,Acute myeloid leukemia,1,Number,2021,36777.9136085788,49750.8778557813,23702.3831865088,121153279.502113,130331410.125577,112290557.790045,7.32171,7.32,China,32
2477,2,DALYs (Disability-Adjusted Life Years),6,China,3,Both,12,35-39 years,847,Acute myeloid leukemia,1,Number,2021,34674.5913987139,48759.7088385964,21683.4212494618,105963255.636324,113982367.104433,98223075.7727965,6.82805,6.83,China,37
2478,2,DALYs (Disability-Adjusted Life Years),6,China,3,Both,13,40-44 years,847,Acute myeloid leukemia,1,Number,2021,30604.894521042,42550.0514805342,19999.3752453531,91533684.6415661,98456327.3467282,84852935.3102887,6.14735,6.15,China,42
2479,2,DALYs (Disability-Adjusted Life Years),6,China,3,Both,14,45-49 years,847,Acute myeloid leukemia,1,Number,2021,33984.1356514315,50265.0084856949,22376.0810415246,110321560.932227,118673842.978656,102258447.610609,5.51133,5.51,China,47
2480,2,DALYs (Disability-Adjusted Life Years),6,China,3,Both,15,50-54 years,847,Acute myeloid leukemia,1,Number,2021,45013.9056067381,63627.8180904348,29563.036032319,120859033.528416,130013871.642202,112019245.908077,4.91312,4.91,China,52
2481,2,DALYs (Disability-Adjusted Life Years),6,China,3,Both,16,55-59 years,847,Acute myeloid leukemia,1,Number,2021,49050.1824349193,73768.3811143163,32902.5204861535,109942374.635099,118263065.390651,101910583.197243,4.34586,4.35,China,57
2482,2,DALYs (Disability-Adjusted Life Years),6,China,3,Both,17,60-64 years,847,Acute myeloid leukemia,1,Number,2021,38747.9604868272,52390.3462347141,24689.630604338,73005166.3091959,78517317.8009865,67688365.1170174,3.68223,3.68,China,62
2483,2,DALYs (Disability-Adjusted Life Years),6,China,3,Both,18,65-69 years,847,Acute myeloid leukemia,1,Number,2021,45296.2386251515,65139.4995479482,30221.8612174932,76703511.9952277,82505405.7251053,71103984.5055564,2.98509,2.99,China,67
2484,2,DALYs (Disability-Adjusted Life Years),6,China,3,Both,19,70-74 years,847,Acute myeloid leukemia,1,Number,2021,35581.5730166112,50902.1985468052,23609.8570783439,53296442.1834049,57326053.2537987,49407824.0138524,2.26526,2.27,China,72
2485,2,DALYs (Disability-Adjusted Life Years),6,China,3,Both,20,75-79 years,847,Acute myeloid leukemia,1,Number,2021,21454.0582640562,31705.4771076662,14644.6872849391,33118936.9198278,35625315.5381169,30699520.6511587,1.59758,1.6,China,77
2486,2,DALYs (Disability-Adjusted Life Years),6,China,3,Both,30,80-84 years,847,Acute myeloid leukemia,1,Number,2021,10592.2617534503,15260.9291464631,7430.35876198784,19791855.9591958,21286111.2343708,18350461.7238033,1.09729,1.1,China,82
2487,2,DALYs (Disability-Adjusted Life Years),6,China,3,Both,31,85-89 years,847,Acute myeloid leukemia,1,Number,2021,5655.63227860725,8161.60268277497,3796.64379815168,9525751.04389445,10241982.404179,8835708.05975537,0.604519,0.6,China,87
2488,2,DALYs (Disability-Adjusted Life Years),6,China,3,Both,32,90-94 years,847,Acute myeloid leukemia,1,Number,2021,1489.39109173309,2301.20882930497,1045.33301936369,2931987.49508033,3150521.32934664,2722002.79218523,0.246663,0.25,China,92
2489,2,DALYs (Disability-Adjusted Life Years),6,China,3,Both,235,95+ years,847,Acute myeloid leukemia,1,Number,2021,201.853590454672,307.960661157098,129.224406206928,639098.451282971,685273.852270942,595713.904194708,0.0785092,0.08,China,97
2490,2,DALYs (Disability-Adjusted Life Years),6,China,3,Both,10,25-29 years,848,Chronic myeloid leukemia,1,Number,2021,3253.45863723207,5348.19431313656,1742.91484448566,86482070.9043593,93028056.7565448,80163484.4257888,7.59144,7.59,China,27
2491,2,DALYs (Disability-Adjusted Life Years),6,China,3,Both,11,30-34 years,848,Chronic myeloid leukemia,1,Number,2021,4856.31025420993,8066.22909025063,2382.66199222853,121153279.502113,130331410.125577,112290557.790045,7.32171,7.32,China,32
2492,2,DALYs (Disability-Adjusted Life Years),6,China,3,Both,12,35-39 years,848,Chronic myeloid leukemia,1,Number,2021,5106.05241002056,8138.13549884051,2509.82694066272,105963255.636324,113982367.104433,98223075.7727965,6.82805,6.83,China,37
2493,2,DALYs (Disability-Adjusted Life Years),6,China,3,Both,13,40-44 years,848,Chronic myeloid leukemia,1,Number,2021,4053.35782903909,6829.66320336575,2067.11021286227,91533684.6415661,98456327.3467282,84852935.3102887,6.14735,6.15,China,42
2494,2,DALYs (Disability-Adjusted Life Years),6,China,3,Both,14,45-49 years,848,Chronic myeloid leukemia,1,Number,2021,4761.18540082864,8298.37178207899,2478.73335068905,110321560.932227,118673842.978656,102258447.610609,5.51133,5.51,China,47
2495,2,DALYs (Disability-Adjusted Life Years),6,China,3,Both,15,50-54 years,848,Chronic myeloid leukemia,1,Number,2021,5320.42798630551,9331.10607303351,2885.39382484585,120859033.528416,130013871.642202,112019245.908077,4.91312,4.91,China,52
2496,2,DALYs (Disability-Adjusted Life Years),6,China,3,Both,16,55-59 years,848,Chronic myeloid leukemia,1,Number,2021,6110.75916952442,10419.9006397036,3483.63850561769,109942374.635099,118263065.390651,101910583.197243,4.34586,4.35,China,57
2497,2,DALYs (Disability-Adjusted Life Years),6,China,3,Both,17,60-64 years,848,Chronic myeloid leukemia,1,Number,2021,4267.4914877471,6952.70015845414,2272.20604412887,73005166.3091959,78517317.8009865,67688365.1170174,3.68223,3.68,China,62
2498,2,DALYs (Disability-Adjusted Life Years),6,China,3,Both,18,65-69 years,848,Chronic myeloid leukemia,1,Number,2021,4967.25012736983,9413.44020000787,2849.34371715326,76703511.9952277,82505405.7251053,71103984.5055564,2.98509,2.99,China,67
2499,2,DALYs (Disability-Adjusted Life Years),6,China,3,Both,19,70-74 years,848,Chronic myeloid leukemia,1,Number,2021,4649.55015929225,8064.38807925932,2628.47312465554,53296442.1834049,57326053.2537987,49407824.0138524,2.26526,2.27,China,72
2500,2,DALYs (Disability-Adjusted Life Years),6,China,3,Both,20,75-79 years,848,Chronic myeloid leukemia,1,Number,2021,2820.13182017376,4795.95959139397,1525.49286406097,33118936.9198278,35625315.5381169,30699520.6511587,1.59758,1.6,China,77
2501,2,DALYs (Disability-Adjusted Life Years),6,China,3,Both,30,80-84 years,848,Chronic myeloid leukemia,1,Number,2021,1645.43013815773,2945.24424723844,900.437665860986,19791855.9591958,21286111.2343708,18350461.7238033,1.09729,1.1,China,82
2502,2,DALYs (Disability-Adjusted Life Years),6,China,3,Both,31,85-89 years,848,Chronic myeloid leukemia,1,Number,2021,900.29391175657,1514.21504897149,472.516675236497,9525751.04389445,10241982.404179,8835708.05975537,0.604519,0.6,China,87
2503,2,DALYs (Disability-Adjusted Life Years),6,China,3,Both,32,90-94 years,848,Chronic myeloid leukemia,1,Number,2021,273.204005266337,461.659407127413,149.520761940032,2931987.49508033,3150521.32934664,2722002.79218523,0.246663,0.25,China,92
2504,2,DALYs (Disability-Adjusted Life Years),6,China,3,Both,235,95+ years,848,Chronic myeloid leukemia,1,Number,2021,31.8174767063849,59.5483484664608,16.3042365665152,639098.451282971,685273.852270942,595713.904194708,0.0785092,0.08,China,97
2505,2,DALYs (Disability-Adjusted Life Years),6,China,3,Both,10,25-29 years,849,Non-melanoma skin cancer (squamous-cell carcinoma),1,Number,2021,3806.79672726965,4814.44559685166,2874.4689701704,86482070.9043593,93028056.7565448,80163484.4257888,7.59144,7.59,China,27
2506,2,DALYs (Disability-Adjusted Life Years),6,China,3,Both,11,30-34 years,849,Non-melanoma skin cancer (squamous-cell carcinoma),1,Number,2021,7473.26825068608,9183.87308251546,5731.57867043593,121153279.502113,130331410.125577,112290557.790045,7.32171,7.32,China,32
2507,2,DALYs (Disability-Adjusted Life Years),6,China,3,Both,12,35-39 years,849,Non-melanoma skin cancer (squamous-cell carcinoma),1,Number,2021,9220.67054870029,11604.265550493,6934.33024054957,105963255.636324,113982367.104433,98223075.7727965,6.82805,6.83,China,37
2508,2,DALYs (Disability-Adjusted Life Years),6,China,3,Both,13,40-44 years,849,Non-melanoma skin cancer (squamous-cell carcinoma),1,Number,2021,13010.5269031429,16486.4448696657,9787.34748716349,91533684.6415661,98456327.3467282,84852935.3102887,6.14735,6.15,China,42
2509,2,DALYs (Disability-Adjusted Life Years),6,China,3,Both,14,45-49 years,849,Non-melanoma skin cancer (squamous-cell carcinoma),1,Number,2021,16549.027531859,20909.6072264005,12338.0971085621,110321560.932227,118673842.978656,102258447.610609,5.51133,5.51,China,47
2510,2,DALYs (Disability-Adjusted Life Years),6,China,3,Both,15,50-54 years,849,Non-melanoma skin cancer (squamous-cell carcinoma),1,Number,2021,25967.5727201995,32478.9696347388,20252.8522260121,120859033.528416,130013871.642202,112019245.908077,4.91312,4.91,China,52
2511,2,DALYs (Disability-Adjusted Life Years),6,China,3,Both,16,55-59 years,849,Non-melanoma skin cancer (squamous-cell carcinoma),1,Number,2021,31803.6534267974,39991.669984449,23928.071542316,109942374.635099,118263065.390651,101910583.197243,4.34586,4.35,China,57
2512,2,DALYs (Disability-Adjusted Life Years),6,China,3,Both,17,60-64 years,849,Non-melanoma skin cancer (squamous-cell carcinoma),1,Number,2021,40862.3133650408,51929.8656675627,31124.2044735092,73005166.3091959,78517317.8009865,67688365.1170174,3.68223,3.68,China,62
2513,2,DALYs (Disability-Adjusted Life Years),6,China,3,Both,18,65-69 years,849,Non-melanoma skin cancer (squamous-cell carcinoma),1,Number,2021,58527.7794255431,74104.7509674176,45064.1448084912,76703511.9952277,82505405.7251053,71103984.5055564,2.98509,2.99,China,67
2514,2,DALYs (Disability-Adjusted Life Years),6,China,3,Both,19,70-74 years,849,Non-melanoma skin cancer (squamous-cell carcinoma),1,Number,2021,55180.0084492677,68258.1439040949,43087.1036938939,53296442.1834049,57326053.2537987,49407824.0138524,2.26526,2.27,China,72
2515,2,DALYs (Disability-Adjusted Life Years),6,China,3,Both,20,75-79 years,849,Non-melanoma skin cancer (squamous-cell carcinoma),1,Number,2021,35669.1013233847,43388.9468105447,28271.6545807935,33118936.9198278,35625315.5381169,30699520.6511587,1.59758,1.6,China,77
2516,2,DALYs (Disability-Adjusted Life Years),6,China,3,Both,30,80-84 years,849,Non-melanoma skin cancer (squamous-cell carcinoma),1,Number,2021,28559.0486103139,34726.3737397555,21276.6457967416,19791855.9591958,21286111.2343708,18350461.7238033,1.09729,1.1,China,82
2517,2,DALYs (Disability-Adjusted Life Years),6,China,3,Both,31,85-89 years,849,Non-melanoma skin cancer (squamous-cell carcinoma),1,Number,2021,20094.5146816432,24799.8205326942,15227.9281711806,9525751.04389445,10241982.404179,8835708.05975537,0.604519,0.6,China,87
2518,2,DALYs (Disability-Adjusted Life Years),6,China,3,Both,32,90-94 years,849,Non-melanoma skin cancer (squamous-cell carcinoma),1,Number,2021,8746.45360565017,10640.7985484544,6371.33094464317,2931987.49508033,3150521.32934664,2722002.79218523,0.246663,0.25,China,92
2519,2,DALYs (Disability-Adjusted Life Years),6,China,3,Both,235,95+ years,849,Non-melanoma skin cancer (squamous-cell carcinoma),1,Number,2021,2464.77205528662,3063.03549805357,1646.56982126005,639098.451282971,685273.852270942,595713.904194708,0.0785092,0.08,China,97
2520,2,DALYs (Disability-Adjusted Life Years),6,China,3,Both,10,25-29 years,850,Non-melanoma skin cancer (basal-cell carcinoma),1,Number,2021,3.54632871527751,7.742199304,1.24711278410484,86482070.9043593,93028056.7565448,80163484.4257888,7.59144,7.59,China,27
2521,2,DALYs (Disability-Adjusted Life Years),6,China,3,Both,11,30-34 years,850,Non-melanoma skin cancer (basal-cell carcinoma),1,Number,2021,8.19018684178161,17.3669224853574,2.9809070619216,121153279.502113,130331410.125577,112290557.790045,7.32171,7.32,China,32
2522,2,DALYs (Disability-Adjusted Life Years),6,China,3,Both,12,35-39 years,850,Non-melanoma skin cancer (basal-cell carcinoma),1,Number,2021,10.5137863963495,20.8839172786673,3.46905290662605,105963255.636324,113982367.104433,98223075.7727965,6.82805,6.83,China,37
2523,2,DALYs (Disability-Adjusted Life Years),6,China,3,Both,13,40-44 years,850,Non-melanoma skin cancer (basal-cell carcinoma),1,Number,2021,13.4702496066685,27.2695773346098,5.4584546772367,91533684.6415661,98456327.3467282,84852935.3102887,6.14735,6.15,China,42
2524,2,DALYs (Disability-Adjusted Life Years),6,China,3,Both,14,45-49 years,850,Non-melanoma skin cancer (basal-cell carcinoma),1,Number,2021,23.1091951471672,51.1934315786995,10.1033187674548,110321560.932227,118673842.978656,102258447.610609,5.51133,5.51,China,47
2525,2,DALYs (Disability-Adjusted Life Years),6,China,3,Both,15,50-54 years,850,Non-melanoma skin cancer (basal-cell carcinoma),1,Number,2021,35.7105900979015,77.7970063192959,15.8033040911651,120859033.528416,130013871.642202,112019245.908077,4.91312,4.91,China,52
2526,2,DALYs (Disability-Adjusted Life Years),6,China,3,Both,16,55-59 years,850,Non-melanoma skin cancer (basal-cell carcinoma),1,Number,2021,44.3485049489974,92.6412563282622,18.7268284061845,109942374.635099,118263065.390651,101910583.197243,4.34586,4.35,China,57
2527,2,DALYs (Disability-Adjusted Life Years),6,China,3,Both,17,60-64 years,850,Non-melanoma skin cancer (basal-cell carcinoma),1,Number,2021,39.8618224451737,78.8767522117519,16.49825492,73005166.3091959,78517317.8009865,67688365.1170174,3.68223,3.68,China,62
2528,2,DALYs (Disability-Adjusted Life Years),6,China,3,Both,18,65-69 years,850,Non-melanoma skin cancer (basal-cell carcinoma),1,Number,2021,54.9070352023003,104.775726167224,24.1174565763948,76703511.9952277,82505405.7251053,71103984.5055564,2.98509,2.99,China,67
2529,2,DALYs (Disability-Adjusted Life Years),6,China,3,Both,19,70-74 years,850,Non-melanoma skin cancer (basal-cell carcinoma),1,Number,2021,46.4515518930343,88.7900822646621,20.0799514716288,53296442.1834049,57326053.2537987,49407824.0138524,2.26526,2.27,China,72
2530,2,DALYs (Disability-Adjusted Life Years),6,China,3,Both,20,75-79 years,850,Non-melanoma skin cancer (basal-cell carcinoma),1,Number,2021,33.2350150485348,62.8517522025193,14.6233845597454,33118936.9198278,35625315.5381169,30699520.6511587,1.59758,1.6,China,77
2531,2,DALYs (Disability-Adjusted Life Years),6,China,3,Both,30,80-84 years,850,Non-melanoma skin cancer (basal-cell carcinoma),1,Number,2021,20.3861621467544,40.7417270721948,8.6897570237494,19791855.9591958,21286111.2343708,18350461.7238033,1.09729,1.1,China,82
2532,2,DALYs (Disability-Adjusted Life Years),6,China,3,Both,31,85-89 years,850,Non-melanoma skin cancer (basal-cell carcinoma),1,Number,2021,8.78135026788016,17.182012408754,3.80158540215376,9525751.04389445,10241982.404179,8835708.05975537,0.604519,0.6,China,87
2533,2,DALYs (Disability-Adjusted Life Years),6,China,3,Both,32,90-94 years,850,Non-melanoma skin cancer (basal-cell carcinoma),1,Number,2021,2.41899070844649,4.60663690796962,0.946282924267677,2931987.49508033,3150521.32934664,2722002.79218523,0.246663,0.25,China,92
2534,2,DALYs (Disability-Adjusted Life Years),6,China,3,Both,235,95+ years,850,Non-melanoma skin cancer (basal-cell carcinoma),1,Number,2021,0.470943269786956,1.01443144702293,0.158163806693613,639098.451282971,685273.852270942,595713.904194708,0.0785092,0.08,China,97
2535,2,DALYs (Disability-Adjusted Life Years),6,China,3,Both,10,25-29 years,302,Diarrheal diseases,1,Number,2021,7831.98133781606,11390.6669601148,5420.31177526961,86482070.9043593,93028056.7565448,80163484.4257888,7.59144,7.59,China,27
2536,2,DALYs (Disability-Adjusted Life Years),6,China,3,Both,11,30-34 years,302,Diarrheal diseases,1,Number,2021,11300.7674377961,16021.4549445342,7910.64138519669,121153279.502113,130331410.125577,112290557.790045,7.32171,7.32,China,32
2537,2,DALYs (Disability-Adjusted Life Years),6,China,3,Both,12,35-39 years,302,Diarrheal diseases,1,Number,2021,9916.17396932364,13856.2084282355,7260.94622407594,105963255.636324,113982367.104433,98223075.7727965,6.82805,6.83,China,37
2538,2,DALYs (Disability-Adjusted Life Years),6,China,3,Both,13,40-44 years,302,Diarrheal diseases,1,Number,2021,9252.13398583826,12917.6889244813,6702.13847350977,91533684.6415661,98456327.3467282,84852935.3102887,6.14735,6.15,China,42
2539,2,DALYs (Disability-Adjusted Life Years),6,China,3,Both,14,45-49 years,302,Diarrheal diseases,1,Number,2021,11668.0145377842,16437.9398883269,8116.08662257095,110321560.932227,118673842.978656,102258447.610609,5.51133,5.51,China,47
2540,2,DALYs (Disability-Adjusted Life Years),6,China,3,Both,15,50-54 years,302,Diarrheal diseases,1,Number,2021,13384.2960121115,19121.8236258826,9077.28721948622,120859033.528416,130013871.642202,112019245.908077,4.91312,4.91,China,52
2541,2,DALYs (Disability-Adjusted Life Years),6,China,3,Both,16,55-59 years,302,Diarrheal diseases,1,Number,2021,13319.9074038951,19577.7228177328,8852.08475888074,109942374.635099,118263065.390651,101910583.197243,4.34586,4.35,China,57
2542,2,DALYs (Disability-Adjusted Life Years),6,China,3,Both,17,60-64 years,302,Diarrheal diseases,1,Number,2021,9919.4026207808,14643.6097382589,6714.47810418752,73005166.3091959,78517317.8009865,67688365.1170174,3.68223,3.68,China,62
2543,2,DALYs (Disability-Adjusted Life Years),6,China,3,Both,18,65-69 years,302,Diarrheal diseases,1,Number,2021,12016.2066296087,18699.5739022802,8210.94003882562,76703511.9952277,82505405.7251053,71103984.5055564,2.98509,2.99,China,67
2544,2,DALYs (Disability-Adjusted Life Years),6,China,3,Both,19,70-74 years,302,Diarrheal diseases,1,Number,2021,11022.6922752517,17819.906799996,7602.6611966061,53296442.1834049,57326053.2537987,49407824.0138524,2.26526,2.27,China,72
2545,2,DALYs (Disability-Adjusted Life Years),6,China,3,Both,20,75-79 years,302,Diarrheal diseases,1,Number,2021,9458.00953565963,16355.1735377133,6210.17683338081,33118936.9198278,35625315.5381169,30699520.6511587,1.59758,1.6,China,77
2546,2,DALYs (Disability-Adjusted Life Years),6,China,3,Both,30,80-84 years,302,Diarrheal diseases,1,Number,2021,8114.2579855478,14585.3741757876,5107.08193137668,19791855.9591958,21286111.2343708,18350461.7238033,1.09729,1.1,China,82
2547,2,DALYs (Disability-Adjusted Life Years),6,China,3,Both,31,85-89 years,302,Diarrheal diseases,1,Number,2021,6360.21256398821,11331.8377918053,3951.75793262983,9525751.04389445,10241982.404179,8835708.05975537,0.604519,0.6,China,87
2548,2,DALYs (Disability-Adjusted Life Years),6,China,3,Both,32,90-94 years,302,Diarrheal diseases,1,Number,2021,2723.12238338026,5060.40438229303,1602.98583007819,2931987.49508033,3150521.32934664,2722002.79218523,0.246663,0.25,China,92
2549,2,DALYs (Disability-Adjusted Life Years),6,China,3,Both,235,95+ years,302,Diarrheal diseases,1,Number,2021,715.496669982575,1395.44019687339,409.985719157277,639098.451282971,685273.852270942,595713.904194708,0.0785092,0.08,China,97
2550,2,DALYs (Disability-Adjusted Life Years),6,China,3,Both,10,25-29 years,322,Lower respiratory infections,1,Number,2021,37147.2029101025,45787.2314239063,30781.3048380943,86482070.9043593,93028056.7565448,80163484.4257888,7.59144,7.59,China,27
2551,2,DALYs (Disability-Adjusted Life Years),6,China,3,Both,11,30-34 years,322,Lower respiratory infections,1,Number,2021,56037.4000868418,67754.1470673872,46910.1790053651,121153279.502113,130331410.125577,112290557.790045,7.32171,7.32,China,32
2552,2,DALYs (Disability-Adjusted Life Years),6,China,3,Both,12,35-39 years,322,Lower respiratory infections,1,Number,2021,58557.4200931285,71743.8519425098,47698.6270244563,105963255.636324,113982367.104433,98223075.7727965,6.82805,6.83,China,37
2553,2,DALYs (Disability-Adjusted Life Years),6,China,3,Both,13,40-44 years,322,Lower respiratory infections,1,Number,2021,60507.1205793754,75402.5875663772,48938.3876745804,91533684.6415661,98456327.3467282,84852935.3102887,6.14735,6.15,China,42
2554,2,DALYs (Disability-Adjusted Life Years),6,China,3,Both,14,45-49 years,322,Lower respiratory infections,1,Number,2021,79969.7931334139,102747.617022897,62647.2297402114,110321560.932227,118673842.978656,102258447.610609,5.51133,5.51,China,47
2555,2,DALYs (Disability-Adjusted Life Years),6,China,3,Both,15,50-54 years,322,Lower respiratory infections,1,Number,2021,125054.265267121,157991.461529902,98397.9895570324,120859033.528416,130013871.642202,112019245.908077,4.91312,4.91,China,52
2556,2,DALYs (Disability-Adjusted Life Years),6,China,3,Both,16,55-59 years,322,Lower respiratory infections,1,Number,2021,153975.69923782,195686.518116931,121182.356541841,109942374.635099,118263065.390651,101910583.197243,4.34586,4.35,China,57
2557,2,DALYs (Disability-Adjusted Life Years),6,China,3,Both,17,60-64 years,322,Lower respiratory infections,1,Number,2021,153289.282489975,189653.508864954,122409.281518966,73005166.3091959,78517317.8009865,67688365.1170174,3.68223,3.68,China,62
2558,2,DALYs (Disability-Adjusted Life Years),6,China,3,Both,18,65-69 years,322,Lower respiratory infections,1,Number,2021,250169.686907081,313662.694922734,201595.184787962,76703511.9952277,82505405.7251053,71103984.5055564,2.98509,2.99,China,67
2559,2,DALYs (Disability-Adjusted Life Years),6,China,3,Both,19,70-74 years,322,Lower respiratory infections,1,Number,2021,349191.663537979,436442.049394206,283034.557090254,53296442.1834049,57326053.2537987,49407824.0138524,2.26526,2.27,China,72
2560,2,DALYs (Disability-Adjusted Life Years),6,China,3,Both,20,75-79 years,322,Lower respiratory infections,1,Number,2021,387892.281893992,482546.795861732,313533.250418051,33118936.9198278,35625315.5381169,30699520.6511587,1.59758,1.6,China,77
2561,2,DALYs (Disability-Adjusted Life Years),6,China,3,Both,30,80-84 years,322,Lower respiratory infections,1,Number,2021,481951.927896667,589077.310433991,388776.283001439,19791855.9591958,21286111.2343708,18350461.7238033,1.09729,1.1,China,82
2562,2,DALYs (Disability-Adjusted Life Years),6,China,3,Both,31,85-89 years,322,Lower respiratory infections,1,Number,2021,459780.519320917,566851.170726341,379706.324266301,9525751.04389445,10241982.404179,8835708.05975537,0.604519,0.6,China,87
2563,2,DALYs (Disability-Adjusted Life Years),6,China,3,Both,32,90-94 years,322,Lower respiratory infections,1,Number,2021,263628.545635624,330307.099478353,205975.489460736,2931987.49508033,3150521.32934664,2722002.79218523,0.246663,0.25,China,92
2564,2,DALYs (Disability-Adjusted Life Years),6,China,3,Both,235,95+ years,322,Lower respiratory infections,1,Number,2021,81100.9422020519,106481.132856249,58900.5827954949,639098.451282971,685273.852270942,595713.904194708,0.0785092,0.08,China,97
2565,2,DALYs (Disability-Adjusted Life Years),6,China,3,Both,10,25-29 years,332,Meningitis,1,Number,2021,10439.0217840479,12377.3692017659,8699.85502064835,86482070.9043593,93028056.7565448,80163484.4257888,7.59144,7.59,China,27
2566,2,DALYs (Disability-Adjusted Life Years),6,China,3,Both,11,30-34 years,332,Meningitis,1,Number,2021,14155.9224936744,16734.902747182,11718.3214723714,121153279.502113,130331410.125577,112290557.790045,7.32171,7.32,China,32
2567,2,DALYs (Disability-Adjusted Life Years),6,China,3,Both,12,35-39 years,332,Meningitis,1,Number,2021,12212.4375822376,14711.5967522252,10129.6631861621,105963255.636324,113982367.104433,98223075.7727965,6.82805,6.83,China,37
2568,2,DALYs (Disability-Adjusted Life Years),6,China,3,Both,13,40-44 years,332,Meningitis,1,Number,2021,10143.9184051031,12185.0756932207,8174.15160507489,91533684.6415661,98456327.3467282,84852935.3102887,6.14735,6.15,China,42
2569,2,DALYs (Disability-Adjusted Life Years),6,China,3,Both,14,45-49 years,332,Meningitis,1,Number,2021,11268.3157119395,13479.0151521638,9146.43878264277,110321560.932227,118673842.978656,102258447.610609,5.51133,5.51,China,47
2570,2,DALYs (Disability-Adjusted Life Years),6,China,3,Both,15,50-54 years,332,Meningitis,1,Number,2021,13246.162803423,16061.4868732811,10716.673293434,120859033.528416,130013871.642202,112019245.908077,4.91312,4.91,China,52
2571,2,DALYs (Disability-Adjusted Life Years),6,China,3,Both,16,55-59 years,332,Meningitis,1,Number,2021,12806.8393942856,15559.1309835148,10398.6818390993,109942374.635099,118263065.390651,101910583.197243,4.34586,4.35,China,57
2572,2,DALYs (Disability-Adjusted Life Years),6,China,3,Both,17,60-64 years,332,Meningitis,1,Number,2021,10165.7389131505,12585.8627963584,8302.2015562948,73005166.3091959,78517317.8009865,67688365.1170174,3.68223,3.68,China,62
2573,2,DALYs (Disability-Adjusted Life Years),6,China,3,Both,18,65-69 years,332,Meningitis,1,Number,2021,12170.3224238906,14600.8654715385,9872.97193322409,76703511.9952277,82505405.7251053,71103984.5055564,2.98509,2.99,China,67
2574,2,DALYs (Disability-Adjusted Life Years),6,China,3,Both,19,70-74 years,332,Meningitis,1,Number,2021,10456.2645298297,12558.7755898196,8547.15955817672,53296442.1834049,57326053.2537987,49407824.0138524,2.26526,2.27,China,72
2575,2,DALYs (Disability-Adjusted Life Years),6,China,3,Both,20,75-79 years,332,Meningitis,1,Number,2021,7754.67496975708,9302.77947843736,6510.48791400929,33118936.9198278,35625315.5381169,30699520.6511587,1.59758,1.6,China,77
2576,2,DALYs (Disability-Adjusted Life Years),6,China,3,Both,30,80-84 years,332,Meningitis,1,Number,2021,6311.94872912353,7372.30533142709,5273.97784919864,19791855.9591958,21286111.2343708,18350461.7238033,1.09729,1.1,China,82
2577,2,DALYs (Disability-Adjusted Life Years),6,China,3,Both,31,85-89 years,332,Meningitis,1,Number,2021,4108.98514188134,4933.2847255846,3394.88247651655,9525751.04389445,10241982.404179,8835708.05975537,0.604519,0.6,China,87
2578,2,DALYs (Disability-Adjusted Life Years),6,China,3,Both,32,90-94 years,332,Meningitis,1,Number,2021,1776.2764371367,2151.66745256786,1404.32011936427,2931987.49508033,3150521.32934664,2722002.79218523,0.246663,0.25,China,92
2579,2,DALYs (Disability-Adjusted Life Years),6,China,3,Both,235,95+ years,332,Meningitis,1,Number,2021,603.987385265561,731.049084216929,446.742879733209,639098.451282971,685273.852270942,595713.904194708,0.0785092,0.08,China,97
2580,2,DALYs (Disability-Adjusted Life Years),6,China,3,Both,10,25-29 years,337,Encephalitis,1,Number,2021,11358.4048710189,14025.555376989,8840.65444367183,86482070.9043593,93028056.7565448,80163484.4257888,7.59144,7.59,China,27
2581,2,DALYs (Disability-Adjusted Life Years),6,China,3,Both,11,30-34 years,337,Encephalitis,1,Number,2021,15589.3292273358,19642.3658539708,11956.3630191518,121153279.502113,130331410.125577,112290557.790045,7.32171,7.32,China,32
2582,2,DALYs (Disability-Adjusted Life Years),6,China,3,Both,12,35-39 years,337,Encephalitis,1,Number,2021,14067.4443489681,17570.2136460717,11045.4544842792,105963255.636324,113982367.104433,98223075.7727965,6.82805,6.83,China,37
2583,2,DALYs (Disability-Adjusted Life Years),6,China,3,Both,13,40-44 years,337,Encephalitis,1,Number,2021,12483.1495062804,15809.4378755047,9877.53620674299,91533684.6415661,98456327.3467282,84852935.3102887,6.14735,6.15,China,42
2584,2,DALYs (Disability-Adjusted Life Years),6,China,3,Both,14,45-49 years,337,Encephalitis,1,Number,2021,13588.0034082568,17016.7525807633,10768.3085997705,110321560.932227,118673842.978656,102258447.610609,5.51133,5.51,China,47
2585,2,DALYs (Disability-Adjusted Life Years),6,China,3,Both,15,50-54 years,337,Encephalitis,1,Number,2021,14646.8581798693,18203.4628287802,11467.5576890646,120859033.528416,130013871.642202,112019245.908077,4.91312,4.91,China,52
2586,2,DALYs (Disability-Adjusted Life Years),6,China,3,Both,16,55-59 years,337,Encephalitis,1,Number,2021,14769.9040988448,18261.5609491401,11756.7407717977,109942374.635099,118263065.390651,101910583.197243,4.34586,4.35,China,57
2587,2,DALYs (Disability-Adjusted Life Years),6,China,3,Both,17,60-64 years,337,Encephalitis,1,Number,2021,8669.16711143468,10719.6728822356,6922.21051340244,73005166.3091959,78517317.8009865,67688365.1170174,3.68223,3.68,China,62
2588,2,DALYs (Disability-Adjusted Life Years),6,China,3,Both,18,65-69 years,337,Encephalitis,1,Number,2021,9114.32161992653,11194.676224742,7389.25350636879,76703511.9952277,82505405.7251053,71103984.5055564,2.98509,2.99,China,67
2589,2,DALYs (Disability-Adjusted Life Years),6,China,3,Both,19,70-74 years,337,Encephalitis,1,Number,2021,5914.05293242755,7031.51203299529,4818.34947621143,53296442.1834049,57326053.2537987,49407824.0138524,2.26526,2.27,China,72
2590,2,DALYs (Disability-Adjusted Life Years),6,China,3,Both,20,75-79 years,337,Encephalitis,1,Number,2021,3791.60029689533,4731.04683800308,3116.34901923248,33118936.9198278,35625315.5381169,30699520.6511587,1.59758,1.6,China,77
2591,2,DALYs (Disability-Adjusted Life Years),6,China,3,Both,30,80-84 years,337,Encephalitis,1,Number,2021,1658.02051966639,2080.04096867221,1338.0336974866,19791855.9591958,21286111.2343708,18350461.7238033,1.09729,1.1,China,82
2592,2,DALYs (Disability-Adjusted Life Years),6,China,3,Both,31,85-89 years,337,Encephalitis,1,Number,2021,996.445410754526,1226.49034298647,768.516841995762,9525751.04389445,10241982.404179,8835708.05975537,0.604519,0.6,China,87
2593,2,DALYs (Disability-Adjusted Life Years),6,China,3,Both,32,90-94 years,337,Encephalitis,1,Number,2021,461.683502303574,583.033251575722,355.230624985121,2931987.49508033,3150521.32934664,2722002.79218523,0.246663,0.25,China,92
2594,2,DALYs (Disability-Adjusted Life Years),6,China,3,Both,235,95+ years,337,Encephalitis,1,Number,2021,98.1092467655303,125.536267231564,73.6369161204705,639098.451282971,685273.852270942,595713.904194708,0.0785092,0.08,China,97
2595,2,DALYs (Disability-Adjusted Life Years),6,China,3,Both,10,25-29 years,342,Varicella and herpes zoster,1,Number,2021,2129.35507746729,3551.16738511473,1203.88331300715,86482070.9043593,93028056.7565448,80163484.4257888,7.59144,7.59,China,27
2596,2,DALYs (Disability-Adjusted Life Years),6,China,3,Both,11,30-34 years,342,Varicella and herpes zoster,1,Number,2021,3489.41254122515,5581.61979839501,2112.68164646795,121153279.502113,130331410.125577,112290557.790045,7.32171,7.32,China,32
2597,2,DALYs (Disability-Adjusted Life Years),6,China,3,Both,12,35-39 years,342,Varicella and herpes zoster,1,Number,2021,3265.22592900733,5175.17872014121,1932.31058121335,105963255.636324,113982367.104433,98223075.7727965,6.82805,6.83,China,37
2598,2,DALYs (Disability-Adjusted Life Years),6,China,3,Both,13,40-44 years,342,Varicella and herpes zoster,1,Number,2021,2949.24849521454,5102.00858040832,1577.06568303763,91533684.6415661,98456327.3467282,84852935.3102887,6.14735,6.15,China,42
2599,2,DALYs (Disability-Adjusted Life Years),6,China,3,Both,14,45-49 years,342,Varicella and herpes zoster,1,Number,2021,4279.38187435412,7006.02527813545,2327.29841113724,110321560.932227,118673842.978656,102258447.610609,5.51133,5.51,China,47
2600,2,DALYs (Disability-Adjusted Life Years),6,China,3,Both,15,50-54 years,342,Varicella and herpes zoster,1,Number,2021,6050.59557875135,9254.50883006838,3426.67422462239,120859033.528416,130013871.642202,112019245.908077,4.91312,4.91,China,52
2601,2,DALYs (Disability-Adjusted Life Years),6,China,3,Both,16,55-59 years,342,Varicella and herpes zoster,1,Number,2021,6826.09832938826,10623.0903789814,3741.08695327318,109942374.635099,118263065.390651,101910583.197243,4.34586,4.35,China,57
2602,2,DALYs (Disability-Adjusted Life Years),6,China,3,Both,17,60-64 years,342,Varicella and herpes zoster,1,Number,2021,5451.61800666337,8689.84881784913,2727.92101628024,73005166.3091959,78517317.8009865,67688365.1170174,3.68223,3.68,China,62
2603,2,DALYs (Disability-Adjusted Life Years),6,China,3,Both,18,65-69 years,342,Varicella and herpes zoster,1,Number,2021,7075.87873174502,11041.6969473335,4046.42510732239,76703511.9952277,82505405.7251053,71103984.5055564,2.98509,2.99,China,67
2604,2,DALYs (Disability-Adjusted Life Years),6,China,3,Both,19,70-74 years,342,Varicella and herpes zoster,1,Number,2021,5515.55653009745,8602.30157879634,3279.38378818654,53296442.1834049,57326053.2537987,49407824.0138524,2.26526,2.27,China,72
2605,2,DALYs (Disability-Adjusted Life Years),6,China,3,Both,20,75-79 years,342,Varicella and herpes zoster,1,Number,2021,4252.88181072486,6512.8799043266,2721.84675385794,33118936.9198278,35625315.5381169,30699520.6511587,1.59758,1.6,China,77
2606,2,DALYs (Disability-Adjusted Life Years),6,China,3,Both,30,80-84 years,342,Varicella and herpes zoster,1,Number,2021,3428.62155788432,5094.83686731584,2287.21433939681,19791855.9591958,21286111.2343708,18350461.7238033,1.09729,1.1,China,82
2607,2,DALYs (Disability-Adjusted Life Years),6,China,3,Both,31,85-89 years,342,Varicella and herpes zoster,1,Number,2021,2294.79498260253,3229.82284248861,1624.82428123856,9525751.04389445,10241982.404179,8835708.05975537,0.604519,0.6,China,87
2608,2,DALYs (Disability-Adjusted Life Years),6,China,3,Both,32,90-94 years,342,Varicella and herpes zoster,1,Number,2021,868.381823551124,1224.93537430552,595.852946604429,2931987.49508033,3150521.32934664,2722002.79218523,0.246663,0.25,China,92
2609,2,DALYs (Disability-Adjusted Life Years),6,China,3,Both,235,95+ years,342,Varicella and herpes zoster,1,Number,2021,289.67513740258,418.384172571085,181.594215582072,639098.451282971,685273.852270942,595713.904194708,0.0785092,0.08,China,97
2610,2,DALYs (Disability-Adjusted Life Years),6,China,3,Both,10,25-29 years,435,Uterine cancer,1,Number,2021,2994.42473586906,4384.1246256012,1774.65366484055,86482070.9043593,93028056.7565448,80163484.4257888,7.59144,7.59,China,27
2611,2,DALYs (Disability-Adjusted Life Years),6,China,3,Both,11,30-34 years,435,Uterine cancer,1,Number,2021,8242.24382075827,12129.9453487074,5151.2524569556,121153279.502113,130331410.125577,112290557.790045,7.32171,7.32,China,32
2612,2,DALYs (Disability-Adjusted Life Years),6,China,3,Both,12,35-39 years,435,Uterine cancer,1,Number,2021,13836.2722219645,19717.5470859193,9083.54382282272,105963255.636324,113982367.104433,98223075.7727965,6.82805,6.83,China,37
2613,2,DALYs (Disability-Adjusted Life Years),6,China,3,Both,13,40-44 years,435,Uterine cancer,1,Number,2021,21338.0334678852,29553.8308991873,14446.7832377285,91533684.6415661,98456327.3467282,84852935.3102887,6.14735,6.15,China,42
2614,2,DALYs (Disability-Adjusted Life Years),6,China,3,Both,14,45-49 years,435,Uterine cancer,1,Number,2021,35736.6636750195,50139.1753835818,25133.7926225589,110321560.932227,118673842.978656,102258447.610609,5.51133,5.51,China,47
2615,2,DALYs (Disability-Adjusted Life Years),6,China,3,Both,15,50-54 years,435,Uterine cancer,1,Number,2021,61415.334105536,87389.5901155467,43184.0106541138,120859033.528416,130013871.642202,112019245.908077,4.91312,4.91,China,52
2616,2,DALYs (Disability-Adjusted Life Years),6,China,3,Both,16,55-59 years,435,Uterine cancer,1,Number,2021,67751.1396835406,98627.0638191431,48547.4465430063,109942374.635099,118263065.390651,101910583.197243,4.34586,4.35,China,57
2617,2,DALYs (Disability-Adjusted Life Years),6,China,3,Both,17,60-64 years,435,Uterine cancer,1,Number,2021,53286.0220369691,74238.6570980757,38920.11916,73005166.3091959,78517317.8009865,67688365.1170174,3.68223,3.68,China,62
2618,2,DALYs (Disability-Adjusted Life Years),6,China,3,Both,18,65-69 years,435,Uterine cancer,1,Number,2021,58331.5250255124,79317.2226137458,42235.2496387846,76703511.9952277,82505405.7251053,71103984.5055564,2.98509,2.99,China,67
2619,2,DALYs (Disability-Adjusted Life Years),6,China,3,Both,19,70-74 years,435,Uterine cancer,1,Number,2021,38790.8458268409,54649.1452244597,28313.2100259968,53296442.1834049,57326053.2537987,49407824.0138524,2.26526,2.27,China,72
2620,2,DALYs (Disability-Adjusted Life Years),6,China,3,Both,20,75-79 years,435,Uterine cancer,1,Number,2021,22430.891971556,32102.202923407,16742.2558975763,33118936.9198278,35625315.5381169,30699520.6511587,1.59758,1.6,China,77
2621,2,DALYs (Disability-Adjusted Life Years),6,China,3,Both,30,80-84 years,435,Uterine cancer,1,Number,2021,12268.0430796246,17137.2108362053,8740.800499,19791855.9591958,21286111.2343708,18350461.7238033,1.09729,1.1,China,82
2622,2,DALYs (Disability-Adjusted Life Years),6,China,3,Both,31,85-89 years,435,Uterine cancer,1,Number,2021,5455.9521839088,7584.02188420631,3744.19161910503,9525751.04389445,10241982.404179,8835708.05975537,0.604519,0.6,China,87
2623,2,DALYs (Disability-Adjusted Life Years),6,China,3,Both,32,90-94 years,435,Uterine cancer,1,Number,2021,1728.05697020564,2358.56123401294,1191.67464563419,2931987.49508033,3150521.32934664,2722002.79218523,0.246663,0.25,China,92
2624,2,DALYs (Disability-Adjusted Life Years),6,China,3,Both,235,95+ years,435,Uterine cancer,1,Number,2021,387.288877971896,541.364471750252,247.571407091395,639098.451282971,685273.852270942,595713.904194708,0.0785092,0.08,China,97
2625,2,DALYs (Disability-Adjusted Life Years),6,China,3,Both,10,25-29 years,438,Prostate cancer,1,Number,2021,943.124211982328,1333.88418237866,461.266524371772,86482070.9043593,93028056.7565448,80163484.4257888,7.59144,7.59,China,27
2626,2,DALYs (Disability-Adjusted Life Years),6,China,3,Both,11,30-34 years,438,Prostate cancer,1,Number,2021,2126.98061353179,3042.43558217287,1140.41476979005,121153279.502113,130331410.125577,112290557.790045,7.32171,7.32,China,32
2627,2,DALYs (Disability-Adjusted Life Years),6,China,3,Both,12,35-39 years,438,Prostate cancer,1,Number,2021,3422.64101570978,4608.59287950484,2185.07839840711,105963255.636324,113982367.104433,98223075.7727965,6.82805,6.83,China,37
2628,2,DALYs (Disability-Adjusted Life Years),6,China,3,Both,13,40-44 years,438,Prostate cancer,1,Number,2021,3873.835302,5299.10981212586,2536.7101182418,91533684.6415661,98456327.3467282,84852935.3102887,6.14735,6.15,China,42
2629,2,DALYs (Disability-Adjusted Life Years),6,China,3,Both,14,45-49 years,438,Prostate cancer,1,Number,2021,8846.21960455632,12496.7733836329,6228.59783323447,110321560.932227,118673842.978656,102258447.610609,5.51133,5.51,China,47
2630,2,DALYs (Disability-Adjusted Life Years),6,China,3,Both,15,50-54 years,438,Prostate cancer,1,Number,2021,20492.2492619286,29502.5398657118,14080.9203771913,120859033.528416,130013871.642202,112019245.908077,4.91312,4.91,China,52
2631,2,DALYs (Disability-Adjusted Life Years),6,China,3,Both,16,55-59 years,438,Prostate cancer,1,Number,2021,36333.4450468608,56003.2923566496,24942.7363499368,109942374.635099,118263065.390651,101910583.197243,4.34586,4.35,China,57
2632,2,DALYs (Disability-Adjusted Life Years),6,China,3,Both,17,60-64 years,438,Prostate cancer,1,Number,2021,53784.0759731101,77258.3994016186,38503.8278195958,73005166.3091959,78517317.8009865,67688365.1170174,3.68223,3.68,China,62
2633,2,DALYs (Disability-Adjusted Life Years),6,China,3,Both,18,65-69 years,438,Prostate cancer,1,Number,2021,101959.594248332,141016.412894567,71029.6543529994,76703511.9952277,82505405.7251053,71103984.5055564,2.98509,2.99,China,67
2634,2,DALYs (Disability-Adjusted Life Years),6,China,3,Both,19,70-74 years,438,Prostate cancer,1,Number,2021,131437.503158555,185003.922948149,95268.2262948323,53296442.1834049,57326053.2537987,49407824.0138524,2.26526,2.27,China,72
2635,2,DALYs (Disability-Adjusted Life Years),6,China,3,Both,20,75-79 years,438,Prostate cancer,1,Number,2021,128842.505474017,177680.235620724,95770.7406801124,33118936.9198278,35625315.5381169,30699520.6511587,1.59758,1.6,China,77
2636,2,DALYs (Disability-Adjusted Life Years),6,China,3,Both,30,80-84 years,438,Prostate cancer,1,Number,2021,97548.4716089809,132145.079399719,65167.5013484259,19791855.9591958,21286111.2343708,18350461.7238033,1.09729,1.1,China,82
2637,2,DALYs (Disability-Adjusted Life Years),6,China,3,Both,31,85-89 years,438,Prostate cancer,1,Number,2021,68258.2858145911,92022.3311933395,47658.0014451509,9525751.04389445,10241982.404179,8835708.05975537,0.604519,0.6,China,87
2638,2,DALYs (Disability-Adjusted Life Years),6,China,3,Both,32,90-94 years,438,Prostate cancer,1,Number,2021,20308.4264667329,27642.3291187526,13986.7298384592,2931987.49508033,3150521.32934664,2722002.79218523,0.246663,0.25,China,92
2639,2,DALYs (Disability-Adjusted Life Years),6,China,3,Both,235,95+ years,438,Prostate cancer,1,Number,2021,2376.63841872991,3282.55614336887,1386.86546595897,639098.451282971,685273.852270942,595713.904194708,0.0785092,0.08,China,97
2640,2,DALYs (Disability-Adjusted Life Years),6,China,3,Both,10,25-29 years,441,Colon and rectum cancer,1,Number,2021,63436.7269871781,77009.8656321451,51737.0104997663,86482070.9043593,93028056.7565448,80163484.4257888,7.59144,7.59,China,27
2641,2,DALYs (Disability-Adjusted Life Years),6,China,3,Both,11,30-34 years,441,Colon and rectum cancer,1,Number,2021,172182.426203296,209970.187613601,139642.881389964,121153279.502113,130331410.125577,112290557.790045,7.32171,7.32,China,32
2642,2,DALYs (Disability-Adjusted Life Years),6,China,3,Both,12,35-39 years,441,Colon and rectum cancer,1,Number,2021,231282.916362286,284613.355857351,186090.983702033,105963255.636324,113982367.104433,98223075.7727965,6.82805,6.83,China,37
2643,2,DALYs (Disability-Adjusted Life Years),6,China,3,Both,13,40-44 years,441,Colon and rectum cancer,1,Number,2021,290086.494480677,363569.98187263,227423.384797635,91533684.6415661,98456327.3467282,84852935.3102887,6.14735,6.15,China,42
2644,2,DALYs (Disability-Adjusted Life Years),6,China,3,Both,14,45-49 years,441,Colon and rectum cancer,1,Number,2021,444389.624426085,558613.30346818,344437.499491035,110321560.932227,118673842.978656,102258447.610609,5.51133,5.51,China,47
2645,2,DALYs (Disability-Adjusted Life Years),6,China,3,Both,15,50-54 years,441,Colon and rectum cancer,1,Number,2021,710143.481401241,901542.033831491,541095.321494619,120859033.528416,130013871.642202,112019245.908077,4.91312,4.91,China,52
2646,2,DALYs (Disability-Adjusted Life Years),6,China,3,Both,16,55-59 years,441,Colon and rectum cancer,1,Number,2021,856569.815795758,1074368.16794834,667847.063970634,109942374.635099,118263065.390651,101910583.197243,4.34586,4.35,China,57
2647,2,DALYs (Disability-Adjusted Life Years),6,China,3,Both,17,60-64 years,441,Colon and rectum cancer,1,Number,2021,759606.83483642,931935.155152826,598984.652454552,73005166.3091959,78517317.8009865,67688365.1170174,3.68223,3.68,China,62
2648,2,DALYs (Disability-Adjusted Life Years),6,China,3,Both,18,65-69 years,441,Colon and rectum cancer,1,Number,2021,992168.17790831,1203275.97335625,798055.003512202,76703511.9952277,82505405.7251053,71103984.5055564,2.98509,2.99,China,67
2649,2,DALYs (Disability-Adjusted Life Years),6,China,3,Both,19,70-74 years,441,Colon and rectum cancer,1,Number,2021,911386.452359363,1106812.24841895,726940.360316237,53296442.1834049,57326053.2537987,49407824.0138524,2.26526,2.27,China,72
2650,2,DALYs (Disability-Adjusted Life Years),6,China,3,Both,20,75-79 years,441,Colon and rectum cancer,1,Number,2021,652888.387920883,780605.809782755,531627.614974766,33118936.9198278,35625315.5381169,30699520.6511587,1.59758,1.6,China,77
2651,2,DALYs (Disability-Adjusted Life Years),6,China,3,Both,30,80-84 years,441,Colon and rectum cancer,1,Number,2021,412968.817338308,480639.851302044,334908.516375771,19791855.9591958,21286111.2343708,18350461.7238033,1.09729,1.1,China,82
2652,2,DALYs (Disability-Adjusted Life Years),6,China,3,Both,31,85-89 years,441,Colon and rectum cancer,1,Number,2021,226697.872011282,266818.905378244,185949.722673733,9525751.04389445,10241982.404179,8835708.05975537,0.604519,0.6,China,87
2653,2,DALYs (Disability-Adjusted Life Years),6,China,3,Both,32,90-94 years,441,Colon and rectum cancer,1,Number,2021,69147.790948616,81910.4430891124,54356.0925490546,2931987.49508033,3150521.32934664,2722002.79218523,0.246663,0.25,China,92
2654,2,DALYs (Disability-Adjusted Life Years),6,China,3,Both,235,95+ years,441,Colon and rectum cancer,1,Number,2021,13259.998670744,16331.8459149093,9706.22328092836,639098.451282971,685273.852270942,595713.904194708,0.0785092,0.08,China,97
2655,2,DALYs (Disability-Adjusted Life Years),6,China,3,Both,10,25-29 years,444,Lip and oral cavity cancer,1,Number,2021,3765.07385313739,4583.57842331183,3041.9686241292,86482070.9043593,93028056.7565448,80163484.4257888,7.59144,7.59,China,27
2656,2,DALYs (Disability-Adjusted Life Years),6,China,3,Both,11,30-34 years,444,Lip and oral cavity cancer,1,Number,2021,11991.9150525851,14657.4415909829,9832.01222554518,121153279.502113,130331410.125577,112290557.790045,7.32171,7.32,China,32
2657,2,DALYs (Disability-Adjusted Life Years),6,China,3,Both,12,35-39 years,444,Lip and oral cavity cancer,1,Number,2021,16067.856361371,19437.9942880073,12993.8797741872,105963255.636324,113982367.104433,98223075.7727965,6.82805,6.83,China,37
2658,2,DALYs (Disability-Adjusted Life Years),6,China,3,Both,13,40-44 years,444,Lip and oral cavity cancer,1,Number,2021,22834.0125862002,28530.0551927445,18039.9266903985,91533684.6415661,98456327.3467282,84852935.3102887,6.14735,6.15,China,42
2659,2,DALYs (Disability-Adjusted Life Years),6,China,3,Both,14,45-49 years,444,Lip and oral cavity cancer,1,Number,2021,44187.7807084451,57450.2083261108,33341.1369162485,110321560.932227,118673842.978656,102258447.610609,5.51133,5.51,China,47
2660,2,DALYs (Disability-Adjusted Life Years),6,China,3,Both,15,50-54 years,444,Lip and oral cavity cancer,1,Number,2021,79400.6651723873,104249.184746036,60270.752877152,120859033.528416,130013871.642202,112019245.908077,4.91312,4.91,China,52
2661,2,DALYs (Disability-Adjusted Life Years),6,China,3,Both,16,55-59 years,444,Lip and oral cavity cancer,1,Number,2021,95455.1669613167,123710.045435668,72500.5759035017,109942374.635099,118263065.390651,101910583.197243,4.34586,4.35,China,57
2662,2,DALYs (Disability-Adjusted Life Years),6,China,3,Both,17,60-64 years,444,Lip and oral cavity cancer,1,Number,2021,74089.368397432,94113.3753484455,55875.362167862,73005166.3091959,78517317.8009865,67688365.1170174,3.68223,3.68,China,62
2663,2,DALYs (Disability-Adjusted Life Years),6,China,3,Both,18,65-69 years,444,Lip and oral cavity cancer,1,Number,2021,91189.7095861042,117528.902906373,69752.8780702986,76703511.9952277,82505405.7251053,71103984.5055564,2.98509,2.99,China,67
2664,2,DALYs (Disability-Adjusted Life Years),6,China,3,Both,19,70-74 years,444,Lip and oral cavity cancer,1,Number,2021,76989.9839260411,96324.6575781129,59941.2173770312,53296442.1834049,57326053.2537987,49407824.0138524,2.26526,2.27,China,72
2665,2,DALYs (Disability-Adjusted Life Years),6,China,3,Both,20,75-79 years,444,Lip and oral cavity cancer,1,Number,2021,48988.594656602,59975.1542595656,39256.7674878273,33118936.9198278,35625315.5381169,30699520.6511587,1.59758,1.6,China,77
2666,2,DALYs (Disability-Adjusted Life Years),6,China,3,Both,30,80-84 years,444,Lip and oral cavity cancer,1,Number,2021,28085.6001156105,33397.4168278193,23018.5379044223,19791855.9591958,21286111.2343708,18350461.7238033,1.09729,1.1,China,82
2667,2,DALYs (Disability-Adjusted Life Years),6,China,3,Both,31,85-89 years,444,Lip and oral cavity cancer,1,Number,2021,15844.0326631943,18646.5950643953,13048.0030715612,9525751.04389445,10241982.404179,8835708.05975537,0.604519,0.6,China,87
2668,2,DALYs (Disability-Adjusted Life Years),6,China,3,Both,32,90-94 years,444,Lip and oral cavity cancer,1,Number,2021,4649.61225389689,5431.07913578807,3757.54663759127,2931987.49508033,3150521.32934664,2722002.79218523,0.246663,0.25,China,92
2669,2,DALYs (Disability-Adjusted Life Years),6,China,3,Both,235,95+ years,444,Lip and oral cavity cancer,1,Number,2021,862.628036984404,1046.5088270822,647.191823548139,639098.451282971,685273.852270942,595713.904194708,0.0785092,0.08,China,97
2670,2,DALYs (Disability-Adjusted Life Years),6,China,3,Both,10,25-29 years,453,Gallbladder and biliary tract cancer,1,Number,2021,2697.73359395896,3493.73966808763,1752.6816584212,86482070.9043593,93028056.7565448,80163484.4257888,7.59144,7.59,China,27
2671,2,DALYs (Disability-Adjusted Life Years),6,China,3,Both,11,30-34 years,453,Gallbladder and biliary tract cancer,1,Number,2021,9180.60761322893,11827.5591958268,5820.05983355655,121153279.502113,130331410.125577,112290557.790045,7.32171,7.32,China,32
2672,2,DALYs (Disability-Adjusted Life Years),6,China,3,Both,12,35-39 years,453,Gallbladder and biliary tract cancer,1,Number,2021,15092.420404332,19542.2818108898,9487.65822604734,105963255.636324,113982367.104433,98223075.7727965,6.82805,6.83,China,37
2673,2,DALYs (Disability-Adjusted Life Years),6,China,3,Both,13,40-44 years,453,Gallbladder and biliary tract cancer,1,Number,2021,24166.4480589566,31269.5820453384,14979.8888145564,91533684.6415661,98456327.3467282,84852935.3102887,6.14735,6.15,China,42
2674,2,DALYs (Disability-Adjusted Life Years),6,China,3,Both,14,45-49 years,453,Gallbladder and biliary tract cancer,1,Number,2021,41008.6120771641,55452.4128826034,28138.7333801039,110321560.932227,118673842.978656,102258447.610609,5.51133,5.51,China,47
2675,2,DALYs (Disability-Adjusted Life Years),6,China,3,Both,15,50-54 years,453,Gallbladder and biliary tract cancer,1,Number,2021,80206.7190531455,108304.28469313,53753.8382549483,120859033.528416,130013871.642202,112019245.908077,4.91312,4.91,China,52
2676,2,DALYs (Disability-Adjusted Life Years),6,China,3,Both,16,55-59 years,453,Gallbladder and biliary tract cancer,1,Number,2021,109485.295027318,149253.394598127,76146.4259713777,109942374.635099,118263065.390651,101910583.197243,4.34586,4.35,China,57
2677,2,DALYs (Disability-Adjusted Life Years),6,China,3,Both,17,60-64 years,453,Gallbladder and biliary tract cancer,1,Number,2021,107847.428191285,142459.81997093,74562.2517314087,73005166.3091959,78517317.8009865,67688365.1170174,3.68223,3.68,China,62
2678,2,DALYs (Disability-Adjusted Life Years),6,China,3,Both,18,65-69 years,453,Gallbladder and biliary tract cancer,1,Number,2021,140924.532713495,186163.958186681,96966.2034033871,76703511.9952277,82505405.7251053,71103984.5055564,2.98509,2.99,China,67
2679,2,DALYs (Disability-Adjusted Life Years),6,China,3,Both,19,70-74 years,453,Gallbladder and biliary tract cancer,1,Number,2021,130459.030896158,174039.178384402,92069.246689743,53296442.1834049,57326053.2537987,49407824.0138524,2.26526,2.27,China,72
2680,2,DALYs (Disability-Adjusted Life Years),6,China,3,Both,20,75-79 years,453,Gallbladder and biliary tract cancer,1,Number,2021,95020.2877196644,125702.819729924,67760.5973283643,33118936.9198278,35625315.5381169,30699520.6511587,1.59758,1.6,China,77
2681,2,DALYs (Disability-Adjusted Life Years),6,China,3,Both,30,80-84 years,453,Gallbladder and biliary tract cancer,1,Number,2021,57943.8001272488,72323.7727944394,39287.8951470895,19791855.9591958,21286111.2343708,18350461.7238033,1.09729,1.1,China,82
2682,2,DALYs (Disability-Adjusted Life Years),6,China,3,Both,31,85-89 years,453,Gallbladder and biliary tract cancer,1,Number,2021,31660.6266122405,39797.3743899264,20262.2481934116,9525751.04389445,10241982.404179,8835708.05975537,0.604519,0.6,China,87
2683,2,DALYs (Disability-Adjusted Life Years),6,China,3,Both,32,90-94 years,453,Gallbladder and biliary tract cancer,1,Number,2021,8979.87101203514,11598.8410167472,5732.32335157834,2931987.49508033,3150521.32934664,2722002.79218523,0.246663,0.25,China,92
2684,2,DALYs (Disability-Adjusted Life Years),6,China,3,Both,235,95+ years,453,Gallbladder and biliary tract cancer,1,Number,2021,1587.20274185312,2073.47843058604,961.113065677482,639098.451282971,685273.852270942,595713.904194708,0.0785092,0.08,China,97
2685,2,DALYs (Disability-Adjusted Life Years),6,China,3,Both,10,25-29 years,456,Pancreatic cancer,1,Number,2021,10998.9594494246,13530.6830182053,8806.46616110887,86482070.9043593,93028056.7565448,80163484.4257888,7.59144,7.59,China,27
2686,2,DALYs (Disability-Adjusted Life Years),6,China,3,Both,11,30-34 years,456,Pancreatic cancer,1,Number,2021,41186.9400443923,49574.1623575612,33064.7081981178,121153279.502113,130331410.125577,112290557.790045,7.32171,7.32,China,32
2687,2,DALYs (Disability-Adjusted Life Years),6,China,3,Both,12,35-39 years,456,Pancreatic cancer,1,Number,2021,72658.4289293605,90236.0803637836,56860.4310240909,105963255.636324,113982367.104433,98223075.7727965,6.82805,6.83,China,37
2688,2,DALYs (Disability-Adjusted Life Years),6,China,3,Both,13,40-44 years,456,Pancreatic cancer,1,Number,2021,111136.622755958,138105.508444165,86604.8937442149,91533684.6415661,98456327.3467282,84852935.3102887,6.14735,6.15,China,42
2689,2,DALYs (Disability-Adjusted Life Years),6,China,3,Both,14,45-49 years,456,Pancreatic cancer,1,Number,2021,181981.382670327,234167.889799032,137571.206550321,110321560.932227,118673842.978656,102258447.610609,5.51133,5.51,China,47
2690,2,DALYs (Disability-Adjusted Life Years),6,China,3,Both,15,50-54 years,456,Pancreatic cancer,1,Number,2021,320507.677115893,402928.311643521,244782.142395953,120859033.528416,130013871.642202,112019245.908077,4.91312,4.91,China,52
2691,2,DALYs (Disability-Adjusted Life Years),6,China,3,Both,16,55-59 years,456,Pancreatic cancer,1,Number,2021,414730.731695041,521208.103538923,321253.692770636,109942374.635099,118263065.390651,101910583.197243,4.34586,4.35,China,57
2692,2,DALYs (Disability-Adjusted Life Years),6,China,3,Both,17,60-64 years,456,Pancreatic cancer,1,Number,2021,385883.348915874,480154.780518681,297439.936948307,73005166.3091959,78517317.8009865,67688365.1170174,3.68223,3.68,China,62
2693,2,DALYs (Disability-Adjusted Life Years),6,China,3,Both,18,65-69 years,456,Pancreatic cancer,1,Number,2021,486491.180524633,607451.174490262,377765.54774015,76703511.9952277,82505405.7251053,71103984.5055564,2.98509,2.99,China,67
2694,2,DALYs (Disability-Adjusted Life Years),6,China,3,Both,19,70-74 years,456,Pancreatic cancer,1,Number,2021,412760.450809038,505036.686216781,325561.680904265,53296442.1834049,57326053.2537987,49407824.0138524,2.26526,2.27,China,72
2695,2,DALYs (Disability-Adjusted Life Years),6,China,3,Both,20,75-79 years,456,Pancreatic cancer,1,Number,2021,252158.233311583,306106.945787174,201662.776625625,33118936.9198278,35625315.5381169,30699520.6511587,1.59758,1.6,China,77
2696,2,DALYs (Disability-Adjusted Life Years),6,China,3,Both,30,80-84 years,456,Pancreatic cancer,1,Number,2021,139137.661507384,164217.684734959,112178.893128923,19791855.9591958,21286111.2343708,18350461.7238033,1.09729,1.1,China,82
2697,2,DALYs (Disability-Adjusted Life Years),6,China,3,Both,31,85-89 years,456,Pancreatic cancer,1,Number,2021,71039.8314341606,85519.5064176882,57189.4250174099,9525751.04389445,10241982.404179,8835708.05975537,0.604519,0.6,China,87
2698,2,DALYs (Disability-Adjusted Life Years),6,China,3,Both,32,90-94 years,456,Pancreatic cancer,1,Number,2021,19501.9683377422,23642.6809479099,15211.4865894843,2931987.49508033,3150521.32934664,2722002.79218523,0.246663,0.25,China,92
2699,2,DALYs (Disability-Adjusted Life Years),6,China,3,Both,235,95+ years,456,Pancreatic cancer,1,Number,2021,3529.74403097519,4405.05503242225,2560.6689551078,639098.451282971,685273.852270942,595713.904194708,0.0785092,0.08,China,97
2700,2,DALYs (Disability-Adjusted Life Years),6,China,3,Both,10,25-29 years,459,Malignant skin melanoma,1,Number,2021,2484.40763102322,3429.88504216866,1357.80142118146,86482070.9043593,93028056.7565448,80163484.4257888,7.59144,7.59,China,27
2701,2,DALYs (Disability-Adjusted Life Years),6,China,3,Both,11,30-34 years,459,Malignant skin melanoma,1,Number,2021,7850.0718168991,10485.6166681422,4276.60134279162,121153279.502113,130331410.125577,112290557.790045,7.32171,7.32,China,32
2702,2,DALYs (Disability-Adjusted Life Years),6,China,3,Both,12,35-39 years,459,Malignant skin melanoma,1,Number,2021,10044.9540690558,13675.2465445445,5614.35208266523,105963255.636324,113982367.104433,98223075.7727965,6.82805,6.83,China,37
2703,2,DALYs (Disability-Adjusted Life Years),6,China,3,Both,13,40-44 years,459,Malignant skin melanoma,1,Number,2021,12717.0559711896,17080.7779922255,6917.35841782183,91533684.6415661,98456327.3467282,84852935.3102887,6.14735,6.15,China,42
2704,2,DALYs (Disability-Adjusted Life Years),6,China,3,Both,14,45-49 years,459,Malignant skin melanoma,1,Number,2021,12518.3471780957,17218.3952461498,6624.74376473359,110321560.932227,118673842.978656,102258447.610609,5.51133,5.51,China,47
2705,2,DALYs (Disability-Adjusted Life Years),6,China,3,Both,15,50-54 years,459,Malignant skin melanoma,1,Number,2021,20041.1116553629,27878.779078249,10769.0033154781,120859033.528416,130013871.642202,112019245.908077,4.91312,4.91,China,52
2706,2,DALYs (Disability-Adjusted Life Years),6,China,3,Both,16,55-59 years,459,Malignant skin melanoma,1,Number,2021,23700.7652974742,32957.2244985835,12639.2201213285,109942374.635099,118263065.390651,101910583.197243,4.34586,4.35,China,57
2707,2,DALYs (Disability-Adjusted Life Years),6,China,3,Both,17,60-64 years,459,Malignant skin melanoma,1,Number,2021,12192.7884101418,16776.6898812586,6406.17286630372,73005166.3091959,78517317.8009865,67688365.1170174,3.68223,3.68,China,62
2708,2,DALYs (Disability-Adjusted Life Years),6,China,3,Both,18,65-69 years,459,Malignant skin melanoma,1,Number,2021,14454.7343631204,19203.3251502799,7300.5907753875,76703511.9952277,82505405.7251053,71103984.5055564,2.98509,2.99,China,67
2709,2,DALYs (Disability-Adjusted Life Years),6,China,3,Both,19,70-74 years,459,Malignant skin melanoma,1,Number,2021,12897.71619,17088.4075832179,6834.76641423352,53296442.1834049,57326053.2537987,49407824.0138524,2.26526,2.27,China,72
2710,2,DALYs (Disability-Adjusted Life Years),6,China,3,Both,20,75-79 years,459,Malignant skin melanoma,1,Number,2021,9785.4848414583,12962.5952209601,5073.36824796929,33118936.9198278,35625315.5381169,30699520.6511587,1.59758,1.6,China,77
2711,2,DALYs (Disability-Adjusted Life Years),6,China,3,Both,30,80-84 years,459,Malignant skin melanoma,1,Number,2021,6496.58433318816,8477.37209798918,3311.52411805225,19791855.9591958,21286111.2343708,18350461.7238033,1.09729,1.1,China,82
2712,2,DALYs (Disability-Adjusted Life Years),6,China,3,Both,31,85-89 years,459,Malignant skin melanoma,1,Number,2021,3859.51103008616,5057.8224877205,2114.54368615209,9525751.04389445,10241982.404179,8835708.05975537,0.604519,0.6,China,87
2713,2,DALYs (Disability-Adjusted Life Years),6,China,3,Both,32,90-94 years,459,Malignant skin melanoma,1,Number,2021,1373.63443311043,1821.15254920623,676.787611128143,2931987.49508033,3150521.32934664,2722002.79218523,0.246663,0.25,China,92
2714,2,DALYs (Disability-Adjusted Life Years),6,China,3,Both,235,95+ years,459,Malignant skin melanoma,1,Number,2021,299.974208948994,418.548198019682,130.136314428049,639098.451282971,685273.852270942,595713.904194708,0.0785092,0.08,China,97
2715,2,DALYs (Disability-Adjusted Life Years),6,China,3,Both,10,25-29 years,465,Ovarian cancer,1,Number,2021,7498.10982602174,10647.9015352253,5147.3967829804,86482070.9043593,93028056.7565448,80163484.4257888,7.59144,7.59,China,27
2716,2,DALYs (Disability-Adjusted Life Years),6,China,3,Both,11,30-34 years,465,Ovarian cancer,1,Number,2021,16925.3999230124,23555.1766135852,11887.3443456621,121153279.502113,130331410.125577,112290557.790045,7.32171,7.32,China,32
2717,2,DALYs (Disability-Adjusted Life Years),6,China,3,Both,12,35-39 years,465,Ovarian cancer,1,Number,2021,24979.2484816934,34409.7608442652,17912.0696959885,105963255.636324,113982367.104433,98223075.7727965,6.82805,6.83,China,37
2718,2,DALYs (Disability-Adjusted Life Years),6,China,3,Both,13,40-44 years,465,Ovarian cancer,1,Number,2021,40887.2603707415,57643.1894077384,29128.3048892705,91533684.6415661,98456327.3467282,84852935.3102887,6.14735,6.15,China,42
2719,2,DALYs (Disability-Adjusted Life Years),6,China,3,Both,14,45-49 years,465,Ovarian cancer,1,Number,2021,77372.7807161233,104355.518090269,54093.2614479549,110321560.932227,118673842.978656,102258447.610609,5.51133,5.51,China,47
2720,2,DALYs (Disability-Adjusted Life Years),6,China,3,Both,15,50-54 years,465,Ovarian cancer,1,Number,2021,130705.238230362,176075.798413535,90576.406686042,120859033.528416,130013871.642202,112019245.908077,4.91312,4.91,China,52
2721,2,DALYs (Disability-Adjusted Life Years),6,China,3,Both,16,55-59 years,465,Ovarian cancer,1,Number,2021,127608.582754144,176714.020426617,92317.3550408324,109942374.635099,118263065.390651,101910583.197243,4.34586,4.35,China,57
2722,2,DALYs (Disability-Adjusted Life Years),6,China,3,Both,17,60-64 years,465,Ovarian cancer,1,Number,2021,92656.0248866879,121013.230396129,67170.0770152199,73005166.3091959,78517317.8009865,67688365.1170174,3.68223,3.68,China,62
2723,2,DALYs (Disability-Adjusted Life Years),6,China,3,Both,18,65-69 years,465,Ovarian cancer,1,Number,2021,98762.3919813272,128966.380108485,70475.4325860784,76703511.9952277,82505405.7251053,71103984.5055564,2.98509,2.99,China,67
2724,2,DALYs (Disability-Adjusted Life Years),6,China,3,Both,19,70-74 years,465,Ovarian cancer,1,Number,2021,65121.2043111237,83543.9024450413,48477.4182716401,53296442.1834049,57326053.2537987,49407824.0138524,2.26526,2.27,China,72
2725,2,DALYs (Disability-Adjusted Life Years),6,China,3,Both,20,75-79 years,465,Ovarian cancer,1,Number,2021,33784.0201987224,45454.36576,25099.373003025,33118936.9198278,35625315.5381169,30699520.6511587,1.59758,1.6,China,77
2726,2,DALYs (Disability-Adjusted Life Years),6,China,3,Both,30,80-84 years,465,Ovarian cancer,1,Number,2021,15665.2248534075,20129.0901453085,11700.0568994267,19791855.9591958,21286111.2343708,18350461.7238033,1.09729,1.1,China,82
2727,2,DALYs (Disability-Adjusted Life Years),6,China,3,Both,31,85-89 years,465,Ovarian cancer,1,Number,2021,7066.83535121689,9348.8439618487,5087.32952314956,9525751.04389445,10241982.404179,8835708.05975537,0.604519,0.6,China,87
2728,2,DALYs (Disability-Adjusted Life Years),6,China,3,Both,32,90-94 years,465,Ovarian cancer,1,Number,2021,2270.35969490781,2907.7506695172,1561.34474649783,2931987.49508033,3150521.32934664,2722002.79218523,0.246663,0.25,China,92
2729,2,DALYs (Disability-Adjusted Life Years),6,China,3,Both,235,95+ years,465,Ovarian cancer,1,Number,2021,505.488871475702,660.947318892893,334.803844116255,639098.451282971,685273.852270942,595713.904194708,0.0785092,0.08,China,97
2730,2,DALYs (Disability-Adjusted Life Years),6,China,3,Both,10,25-29 years,471,Kidney cancer,1,Number,2021,6983.83057603527,8473.63334048499,5751.73042792581,86482070.9043593,93028056.7565448,80163484.4257888,7.59144,7.59,China,27
2731,2,DALYs (Disability-Adjusted Life Years),6,China,3,Both,11,30-34 years,471,Kidney cancer,1,Number,2021,16276.5400196894,20194.3955432684,13134.1159079115,121153279.502113,130331410.125577,112290557.790045,7.32171,7.32,China,32
2732,2,DALYs (Disability-Adjusted Life Years),6,China,3,Both,12,35-39 years,471,Kidney cancer,1,Number,2021,22640.688358046,27638.9203705673,18061.6076595782,105963255.636324,113982367.104433,98223075.7727965,6.82805,6.83,China,37
2733,2,DALYs (Disability-Adjusted Life Years),6,China,3,Both,13,40-44 years,471,Kidney cancer,1,Number,2021,29234.0136626271,36680.2646782979,23305.2120038899,91533684.6415661,98456327.3467282,84852935.3102887,6.14735,6.15,China,42
2734,2,DALYs (Disability-Adjusted Life Years),6,China,3,Both,14,45-49 years,471,Kidney cancer,1,Number,2021,48522.6841626478,62224.2277860606,37473.7759883024,110321560.932227,118673842.978656,102258447.610609,5.51133,5.51,China,47
2735,2,DALYs (Disability-Adjusted Life Years),6,China,3,Both,15,50-54 years,471,Kidney cancer,1,Number,2021,78491.2894076062,99346.6071825696,61209.9637476819,120859033.528416,130013871.642202,112019245.908077,4.91312,4.91,China,52
2736,2,DALYs (Disability-Adjusted Life Years),6,China,3,Both,16,55-59 years,471,Kidney cancer,1,Number,2021,90552.160707365,113430.381912596,70482.5790199033,109942374.635099,118263065.390651,101910583.197243,4.34586,4.35,China,57
2737,2,DALYs (Disability-Adjusted Life Years),6,China,3,Both,17,60-64 years,471,Kidney cancer,1,Number,2021,70940.8324643268,87415.9025154827,57063.697717862,73005166.3091959,78517317.8009865,67688365.1170174,3.68223,3.68,China,62
2738,2,DALYs (Disability-Adjusted Life Years),6,China,3,Both,18,65-69 years,471,Kidney cancer,1,Number,2021,86068.5314674916,103884.741493133,69656.1380935563,76703511.9952277,82505405.7251053,71103984.5055564,2.98509,2.99,China,67
2739,2,DALYs (Disability-Adjusted Life Years),6,China,3,Both,19,70-74 years,471,Kidney cancer,1,Number,2021,71951.6553725508,86713.4615270778,58086.005631152,53296442.1834049,57326053.2537987,49407824.0138524,2.26526,2.27,China,72
2740,2,DALYs (Disability-Adjusted Life Years),6,China,3,Both,20,75-79 years,471,Kidney cancer,1,Number,2021,53030.8224368404,63406.1210705434,43163.1561379297,33118936.9198278,35625315.5381169,30699520.6511587,1.59758,1.6,China,77
2741,2,DALYs (Disability-Adjusted Life Years),6,China,3,Both,30,80-84 years,471,Kidney cancer,1,Number,2021,31226.2438069546,36976.0832863994,25449.9351513736,19791855.9591958,21286111.2343708,18350461.7238033,1.09729,1.1,China,82
2742,2,DALYs (Disability-Adjusted Life Years),6,China,3,Both,31,85-89 years,471,Kidney cancer,1,Number,2021,19967.3989507207,23773.6335558247,16532.4597363491,9525751.04389445,10241982.404179,8835708.05975537,0.604519,0.6,China,87
2743,2,DALYs (Disability-Adjusted Life Years),6,China,3,Both,32,90-94 years,471,Kidney cancer,1,Number,2021,5226.27150409742,6237.24658176049,4243.09684596029,2931987.49508033,3150521.32934664,2722002.79218523,0.246663,0.25,China,92
2744,2,DALYs (Disability-Adjusted Life Years),6,China,3,Both,235,95+ years,471,Kidney cancer,1,Number,2021,745.207998491597,901.624014633807,571.569438026141,639098.451282971,685273.852270942,595713.904194708,0.0785092,0.08,China,97
2745,2,DALYs (Disability-Adjusted Life Years),6,China,3,Both,10,25-29 years,474,Bladder cancer,1,Number,2021,2651.57626787944,3267.83713026836,2162.12187583953,86482070.9043593,93028056.7565448,80163484.4257888,7.59144,7.59,China,27
2746,2,DALYs (Disability-Adjusted Life Years),6,China,3,Both,11,30-34 years,474,Bladder cancer,1,Number,2021,8818.20326891689,10971.3550750351,6898.58996635015,121153279.502113,130331410.125577,112290557.790045,7.32171,7.32,China,32
2747,2,DALYs (Disability-Adjusted Life Years),6,China,3,Both,12,35-39 years,474,Bladder cancer,1,Number,2021,13915.5435508171,17778.9918977313,10870.2697505287,105963255.636324,113982367.104433,98223075.7727965,6.82805,6.83,China,37
2748,2,DALYs (Disability-Adjusted Life Years),6,China,3,Both,13,40-44 years,474,Bladder cancer,1,Number,2021,20126.9414058499,26261.8893838857,15645.7901889463,91533684.6415661,98456327.3467282,84852935.3102887,6.14735,6.15,China,42
2749,2,DALYs (Disability-Adjusted Life Years),6,China,3,Both,14,45-49 years,474,Bladder cancer,1,Number,2021,33742.9133788532,44707.7679857811,26057.1067408237,110321560.932227,118673842.978656,102258447.610609,5.51133,5.51,China,47
2750,2,DALYs (Disability-Adjusted Life Years),6,China,3,Both,15,50-54 years,474,Bladder cancer,1,Number,2021,61328.8221984365,82215.2817254448,46896.3419544426,120859033.528416,130013871.642202,112019245.908077,4.91312,4.91,China,52
2751,2,DALYs (Disability-Adjusted Life Years),6,China,3,Both,16,55-59 years,474,Bladder cancer,1,Number,2021,84854.2294444511,114852.562942802,63819.958466679,109942374.635099,118263065.390651,101910583.197243,4.34586,4.35,China,57
2752,2,DALYs (Disability-Adjusted Life Years),6,China,3,Both,17,60-64 years,474,Bladder cancer,1,Number,2021,94149.1993740987,124515.590397937,72414.8517812309,73005166.3091959,78517317.8009865,67688365.1170174,3.68223,3.68,China,62
2753,2,DALYs (Disability-Adjusted Life Years),6,China,3,Both,18,65-69 years,474,Bladder cancer,1,Number,2021,141417.57714051,184738.720964781,107281.188742347,76703511.9952277,82505405.7251053,71103984.5055564,2.98509,2.99,China,67
2754,2,DALYs (Disability-Adjusted Life Years),6,China,3,Both,19,70-74 years,474,Bladder cancer,1,Number,2021,155097.088518416,201098.108328525,121167.694540381,53296442.1834049,57326053.2537987,49407824.0138524,2.26526,2.27,China,72
2755,2,DALYs (Disability-Adjusted Life Years),6,China,3,Both,20,75-79 years,474,Bladder cancer,1,Number,2021,128475.838073895,161428.563709307,101685.023941944,33118936.9198278,35625315.5381169,30699520.6511587,1.59758,1.6,China,77
2756,2,DALYs (Disability-Adjusted Life Years),6,China,3,Both,30,80-84 years,474,Bladder cancer,1,Number,2021,96249.4266537398,118707.569344434,77626.0085641822,19791855.9591958,21286111.2343708,18350461.7238033,1.09729,1.1,China,82
2757,2,DALYs (Disability-Adjusted Life Years),6,China,3,Both,31,85-89 years,474,Bladder cancer,1,Number,2021,63149.6093435123,76659.9684777959,51876.9479342058,9525751.04389445,10241982.404179,8835708.05975537,0.604519,0.6,China,87
2758,2,DALYs (Disability-Adjusted Life Years),6,China,3,Both,32,90-94 years,474,Bladder cancer,1,Number,2021,20538.0918366238,25608.2391154698,16614.417050749,2931987.49508033,3150521.32934664,2722002.79218523,0.246663,0.25,China,92
2759,2,DALYs (Disability-Adjusted Life Years),6,China,3,Both,235,95+ years,474,Bladder cancer,1,Number,2021,3301.80282233017,3970.07349845322,2530.60219347727,639098.451282971,685273.852270942,595713.904194708,0.0785092,0.08,China,97
2760,2,DALYs (Disability-Adjusted Life Years),6,China,3,Both,10,25-29 years,477,Brain and central nervous system cancer,1,Number,2021,64040.1904208002,82218.8940844574,47207.9804070577,86482070.9043593,93028056.7565448,80163484.4257888,7.59144,7.59,China,27
2761,2,DALYs (Disability-Adjusted Life Years),6,China,3,Both,11,30-34 years,477,Brain and central nervous system cancer,1,Number,2021,111164.053481163,146620.397894842,82522.5897448396,121153279.502113,130331410.125577,112290557.790045,7.32171,7.32,China,32
2762,2,DALYs (Disability-Adjusted Life Years),6,China,3,Both,12,35-39 years,477,Brain and central nervous system cancer,1,Number,2021,121396.635839562,159873.519409075,94196.243882781,105963255.636324,113982367.104433,98223075.7727965,6.82805,6.83,China,37
2763,2,DALYs (Disability-Adjusted Life Years),6,China,3,Both,13,40-44 years,477,Brain and central nervous system cancer,1,Number,2021,133887.341612892,180941.170733587,102554.484274592,91533684.6415661,98456327.3467282,84852935.3102887,6.14735,6.15,China,42
2764,2,DALYs (Disability-Adjusted Life Years),6,China,3,Both,14,45-49 years,477,Brain and central nervous system cancer,1,Number,2021,171546.125375712,229119.8874,130172.402156254,110321560.932227,118673842.978656,102258447.610609,5.51133,5.51,China,47
2765,2,DALYs (Disability-Adjusted Life Years),6,China,3,Both,15,50-54 years,477,Brain and central nervous system cancer,1,Number,2021,233758.684860317,314586.05281095,177717.307453284,120859033.528416,130013871.642202,112019245.908077,4.91312,4.91,China,52
2766,2,DALYs (Disability-Adjusted Life Years),6,China,3,Both,16,55-59 years,477,Brain and central nervous system cancer,1,Number,2021,260631.902475803,349123.09824625,197058.637568248,109942374.635099,118263065.390651,101910583.197243,4.34586,4.35,China,57
2767,2,DALYs (Disability-Adjusted Life Years),6,China,3,Both,17,60-64 years,477,Brain and central nervous system cancer,1,Number,2021,202457.227213891,266906.73063738,152945.197561526,73005166.3091959,78517317.8009865,67688365.1170174,3.68223,3.68,China,62
2768,2,DALYs (Disability-Adjusted Life Years),6,China,3,Both,18,65-69 years,477,Brain and central nervous system cancer,1,Number,2021,233590.734941694,303140.260044972,174251.625004892,76703511.9952277,82505405.7251053,71103984.5055564,2.98509,2.99,China,67
2769,2,DALYs (Disability-Adjusted Life Years),6,China,3,Both,19,70-74 years,477,Brain and central nervous system cancer,1,Number,2021,173932.516880149,224046.784401317,130165.596992364,53296442.1834049,57326053.2537987,49407824.0138524,2.26526,2.27,China,72
2770,2,DALYs (Disability-Adjusted Life Years),6,China,3,Both,20,75-79 years,477,Brain and central nervous system cancer,1,Number,2021,105427.796911589,131896.071374599,76691.6793308145,33118936.9198278,35625315.5381169,30699520.6511587,1.59758,1.6,China,77
2771,2,DALYs (Disability-Adjusted Life Years),6,China,3,Both,30,80-84 years,477,Brain and central nervous system cancer,1,Number,2021,52968.1287173335,66688.1285363531,36842.2139683023,19791855.9591958,21286111.2343708,18350461.7238033,1.09729,1.1,China,82
2772,2,DALYs (Disability-Adjusted Life Years),6,China,3,Both,31,85-89 years,477,Brain and central nervous system cancer,1,Number,2021,25111.4706974345,31593.3060015006,17469.1025771843,9525751.04389445,10241982.404179,8835708.05975537,0.604519,0.6,China,87
2773,2,DALYs (Disability-Adjusted Life Years),6,China,3,Both,32,90-94 years,477,Brain and central nervous system cancer,1,Number,2021,6455.22070140943,8189.77702843409,4257.60461558219,2931987.49508033,3150521.32934664,2722002.79218523,0.246663,0.25,China,92
2774,2,DALYs (Disability-Adjusted Life Years),6,China,3,Both,235,95+ years,477,Brain and central nervous system cancer,1,Number,2021,1273.44931237655,1636.79817248512,772.531891691441,639098.451282971,685273.852270942,595713.904194708,0.0785092,0.08,China,97
2775,2,DALYs (Disability-Adjusted Life Years),6,China,3,Both,10,25-29 years,483,Mesothelioma,1,Number,2021,1575.24223854368,1948.14624590015,1297.66720392437,86482070.9043593,93028056.7565448,80163484.4257888,7.59144,7.59,China,27
2776,2,DALYs (Disability-Adjusted Life Years),6,China,3,Both,11,30-34 years,483,Mesothelioma,1,Number,2021,3112.2069528048,3807.33879185575,2562.81951109987,121153279.502113,130331410.125577,112290557.790045,7.32171,7.32,China,32
2777,2,DALYs (Disability-Adjusted Life Years),6,China,3,Both,12,35-39 years,483,Mesothelioma,1,Number,2021,4004.10911862574,4821.5931438598,3248.57661845094,105963255.636324,113982367.104433,98223075.7727965,6.82805,6.83,China,37
2778,2,DALYs (Disability-Adjusted Life Years),6,China,3,Both,13,40-44 years,483,Mesothelioma,1,Number,2021,5564.09982147023,6823.55318330792,4509.46136930854,91533684.6415661,98456327.3467282,84852935.3102887,6.14735,6.15,China,42
2779,2,DALYs (Disability-Adjusted Life Years),6,China,3,Both,14,45-49 years,483,Mesothelioma,1,Number,2021,8735.52874892703,11301.4167903773,6777.14515485893,110321560.932227,118673842.978656,102258447.610609,5.51133,5.51,China,47
2780,2,DALYs (Disability-Adjusted Life Years),6,China,3,Both,15,50-54 years,483,Mesothelioma,1,Number,2021,12008.5161656241,15106.1285847281,9441.6959933629,120859033.528416,130013871.642202,112019245.908077,4.91312,4.91,China,52
2781,2,DALYs (Disability-Adjusted Life Years),6,China,3,Both,16,55-59 years,483,Mesothelioma,1,Number,2021,15268.2715296402,19404.5419077514,11909.12897,109942374.635099,118263065.390651,101910583.197243,4.34586,4.35,China,57
2782,2,DALYs (Disability-Adjusted Life Years),6,China,3,Both,17,60-64 years,483,Mesothelioma,1,Number,2021,7397.4258427754,9256.02055004941,5832.18092455915,73005166.3091959,78517317.8009865,67688365.1170174,3.68223,3.68,China,62
2783,2,DALYs (Disability-Adjusted Life Years),6,China,3,Both,18,65-69 years,483,Mesothelioma,1,Number,2021,8816.27106990433,10858.0887752922,6993.31127491314,76703511.9952277,82505405.7251053,71103984.5055564,2.98509,2.99,China,67
2784,2,DALYs (Disability-Adjusted Life Years),6,China,3,Both,19,70-74 years,483,Mesothelioma,1,Number,2021,7058.48520093159,8636.0067157381,5583.14354019762,53296442.1834049,57326053.2537987,49407824.0138524,2.26526,2.27,China,72
2785,2,DALYs (Disability-Adjusted Life Years),6,China,3,Both,20,75-79 years,483,Mesothelioma,1,Number,2021,5526.40546434496,6640.179905,4404.61866202241,33118936.9198278,35625315.5381169,30699520.6511587,1.59758,1.6,China,77
2786,2,DALYs (Disability-Adjusted Life Years),6,China,3,Both,30,80-84 years,483,Mesothelioma,1,Number,2021,3049.68503122795,3629.91616158939,2467.78979030427,19791855.9591958,21286111.2343708,18350461.7238033,1.09729,1.1,China,82
2787,2,DALYs (Disability-Adjusted Life Years),6,China,3,Both,31,85-89 years,483,Mesothelioma,1,Number,2021,1612.70027920104,1917.5620140738,1308.12997694602,9525751.04389445,10241982.404179,8835708.05975537,0.604519,0.6,China,87
2788,2,DALYs (Disability-Adjusted Life Years),6,China,3,Both,32,90-94 years,483,Mesothelioma,1,Number,2021,436.94860210046,522.258646552509,330.565984646913,2931987.49508033,3150521.32934664,2722002.79218523,0.246663,0.25,China,92
2789,2,DALYs (Disability-Adjusted Life Years),6,China,3,Both,235,95+ years,483,Mesothelioma,1,Number,2021,86.2053794860399,110.143410966445,60.0942512279593,639098.451282971,685273.852270942,595713.904194708,0.0785092,0.08,China,97
2790,2,DALYs (Disability-Adjusted Life Years),6,China,3,Both,10,25-29 years,484,Hodgkin lymphoma,1,Number,2021,2839.96116428515,4083.47809494597,1835.61689008746,86482070.9043593,93028056.7565448,80163484.4257888,7.59144,7.59,China,27
2791,2,DALYs (Disability-Adjusted Life Years),6,China,3,Both,11,30-34 years,484,Hodgkin lymphoma,1,Number,2021,4529.04077890128,6713.64137646302,3104.74754657292,121153279.502113,130331410.125577,112290557.790045,7.32171,7.32,China,32
2792,2,DALYs (Disability-Adjusted Life Years),6,China,3,Both,12,35-39 years,484,Hodgkin lymphoma,1,Number,2021,3841.48220416404,5718.1425815617,2526.43033007713,105963255.636324,113982367.104433,98223075.7727965,6.82805,6.83,China,37
2793,2,DALYs (Disability-Adjusted Life Years),6,China,3,Both,13,40-44 years,484,Hodgkin lymphoma,1,Number,2021,3868.56850326488,5655.34847213726,2633.04192453327,91533684.6415661,98456327.3467282,84852935.3102887,6.14735,6.15,China,42
2794,2,DALYs (Disability-Adjusted Life Years),6,China,3,Both,14,45-49 years,484,Hodgkin lymphoma,1,Number,2021,4707.02174482416,7034.84730826304,2835.97447080809,110321560.932227,118673842.978656,102258447.610609,5.51133,5.51,China,47
2795,2,DALYs (Disability-Adjusted Life Years),6,China,3,Both,15,50-54 years,484,Hodgkin lymphoma,1,Number,2021,7197.53921919201,10051.5452881324,4299.95186120226,120859033.528416,130013871.642202,112019245.908077,4.91312,4.91,China,52
2796,2,DALYs (Disability-Adjusted Life Years),6,China,3,Both,16,55-59 years,484,Hodgkin lymphoma,1,Number,2021,8702.30013695063,12036.4456152369,5070.3515912242,109942374.635099,118263065.390651,101910583.197243,4.34586,4.35,China,57
2797,2,DALYs (Disability-Adjusted Life Years),6,China,3,Both,17,60-64 years,484,Hodgkin lymphoma,1,Number,2021,6955.36868028936,9394.11732167229,3938.50370088896,73005166.3091959,78517317.8009865,67688365.1170174,3.68223,3.68,China,62
2798,2,DALYs (Disability-Adjusted Life Years),6,China,3,Both,18,65-69 years,484,Hodgkin lymphoma,1,Number,2021,8568.94649590253,11254.5035360559,4979.12436783265,76703511.9952277,82505405.7251053,71103984.5055564,2.98509,2.99,China,67
2799,2,DALYs (Disability-Adjusted Life Years),6,China,3,Both,19,70-74 years,484,Hodgkin lymphoma,1,Number,2021,7091.59385749477,9422.78472798922,4270.66505175085,53296442.1834049,57326053.2537987,49407824.0138524,2.26526,2.27,China,72
2800,2,DALYs (Disability-Adjusted Life Years),6,China,3,Both,20,75-79 years,484,Hodgkin lymphoma,1,Number,2021,4543.40270748032,5956.1666023206,2583.88946415578,33118936.9198278,35625315.5381169,30699520.6511587,1.59758,1.6,China,77
2801,2,DALYs (Disability-Adjusted Life Years),6,China,3,Both,30,80-84 years,484,Hodgkin lymphoma,1,Number,2021,2474.17631809892,3244.53599329569,1408.77041627496,19791855.9591958,21286111.2343708,18350461.7238033,1.09729,1.1,China,82
2802,2,DALYs (Disability-Adjusted Life Years),6,China,3,Both,31,85-89 years,484,Hodgkin lymphoma,1,Number,2021,1196.37275005132,1604.12388628838,694.841246898612,9525751.04389445,10241982.404179,8835708.05975537,0.604519,0.6,China,87
2803,2,DALYs (Disability-Adjusted Life Years),6,China,3,Both,32,90-94 years,484,Hodgkin lymphoma,1,Number,2021,258.701971640042,339.784651123915,141.227741570648,2931987.49508033,3150521.32934664,2722002.79218523,0.246663,0.25,China,92
2804,2,DALYs (Disability-Adjusted Life Years),6,China,3,Both,235,95+ years,484,Hodgkin lymphoma,1,Number,2021,43.5720681355553,60.1705563697942,22.5644618024525,639098.451282971,685273.852270942,595713.904194708,0.0785092,0.08,China,97
2805,2,DALYs (Disability-Adjusted Life Years),6,China,3,Both,10,25-29 years,486,Multiple myeloma,1,Number,2021,4940.51844427434,6827.59844761537,2373.82572709994,86482070.9043593,93028056.7565448,80163484.4257888,7.59144,7.59,China,27
2806,2,DALYs (Disability-Adjusted Life Years),6,China,3,Both,11,30-34 years,486,Multiple myeloma,1,Number,2021,7214.64846390473,9633.08032146318,3852.91361908831,121153279.502113,130331410.125577,112290557.790045,7.32171,7.32,China,32
2807,2,DALYs (Disability-Adjusted Life Years),6,China,3,Both,12,35-39 years,486,Multiple myeloma,1,Number,2021,9387.9268622114,12504.9796281475,5522.0637571666,105963255.636324,113982367.104433,98223075.7727965,6.82805,6.83,China,37
2808,2,DALYs (Disability-Adjusted Life Years),6,China,3,Both,13,40-44 years,486,Multiple myeloma,1,Number,2021,12305.6795500397,16617.2388497077,7038.05531395614,91533684.6415661,98456327.3467282,84852935.3102887,6.14735,6.15,China,42
2809,2,DALYs (Disability-Adjusted Life Years),6,China,3,Both,14,45-49 years,486,Multiple myeloma,1,Number,2021,19320.8510684739,25895.8421166097,11587.748359102,110321560.932227,118673842.978656,102258447.610609,5.51133,5.51,China,47
2810,2,DALYs (Disability-Adjusted Life Years),6,China,3,Both,15,50-54 years,486,Multiple myeloma,1,Number,2021,36414.8266262919,49675.8077300512,21873.5783080058,120859033.528416,130013871.642202,112019245.908077,4.91312,4.91,China,52
2811,2,DALYs (Disability-Adjusted Life Years),6,China,3,Both,16,55-59 years,486,Multiple myeloma,1,Number,2021,46856.5602893791,64868.4568362937,29627.8227859317,109942374.635099,118263065.390651,101910583.197243,4.34586,4.35,China,57
2812,2,DALYs (Disability-Adjusted Life Years),6,China,3,Both,17,60-64 years,486,Multiple myeloma,1,Number,2021,44294.8530338647,59249.6518875103,26612.1589965608,73005166.3091959,78517317.8009865,67688365.1170174,3.68223,3.68,China,62
2813,2,DALYs (Disability-Adjusted Life Years),6,China,3,Both,18,65-69 years,486,Multiple myeloma,1,Number,2021,56790.7850351111,75969.9908155934,34864.1063846859,76703511.9952277,82505405.7251053,71103984.5055564,2.98509,2.99,China,67
2814,2,DALYs (Disability-Adjusted Life Years),6,China,3,Both,19,70-74 years,486,Multiple myeloma,1,Number,2021,48170.4330207228,63991.6560627427,31605.1273148374,53296442.1834049,57326053.2537987,49407824.0138524,2.26526,2.27,China,72
2815,2,DALYs (Disability-Adjusted Life Years),6,China,3,Both,20,75-79 years,486,Multiple myeloma,1,Number,2021,27681.5948971595,36395.806507008,18570.024914275,33118936.9198278,35625315.5381169,30699520.6511587,1.59758,1.6,China,77
2816,2,DALYs (Disability-Adjusted Life Years),6,China,3,Both,30,80-84 years,486,Multiple myeloma,1,Number,2021,13037.9900685551,16966.501122124,8164.38647323293,19791855.9591958,21286111.2343708,18350461.7238033,1.09729,1.1,China,82
2817,2,DALYs (Disability-Adjusted Life Years),6,China,3,Both,31,85-89 years,486,Multiple myeloma,1,Number,2021,6302.76899704759,8161.87658448443,3842.8359829336,9525751.04389445,10241982.404179,8835708.05975537,0.604519,0.6,China,87
2818,2,DALYs (Disability-Adjusted Life Years),6,China,3,Both,32,90-94 years,486,Multiple myeloma,1,Number,2021,1440.23698596808,1916.49253371531,882.270478533165,2931987.49508033,3150521.32934664,2722002.79218523,0.246663,0.25,China,92
2819,2,DALYs (Disability-Adjusted Life Years),6,China,3,Both,235,95+ years,486,Multiple myeloma,1,Number,2021,198.523023343027,276.689471363122,107.396365012629,639098.451282971,685273.852270942,595713.904194708,0.0785092,0.08,China,97
2820,2,DALYs (Disability-Adjusted Life Years),6,China,3,Both,10,25-29 years,591,Chronic kidney disease due to hypertension,1,Number,2021,18085.2339146533,28009.388016972,11107.6244929901,86482070.9043593,93028056.7565448,80163484.4257888,7.59144,7.59,China,27
2821,2,DALYs (Disability-Adjusted Life Years),6,China,3,Both,11,30-34 years,591,Chronic kidney disease due to hypertension,1,Number,2021,35046.4885010214,51386.4213794813,21765.0997894195,121153279.502113,130331410.125577,112290557.790045,7.32171,7.32,China,32
2822,2,DALYs (Disability-Adjusted Life Years),6,China,3,Both,12,35-39 years,591,Chronic kidney disease due to hypertension,1,Number,2021,42097.7211049273,64474.8900057573,26532.4109615621,105963255.636324,113982367.104433,98223075.7727965,6.82805,6.83,China,37
2823,2,DALYs (Disability-Adjusted Life Years),6,China,3,Both,13,40-44 years,591,Chronic kidney disease due to hypertension,1,Number,2021,52069.5323448749,78985.9464804502,32767.0549528905,91533684.6415661,98456327.3467282,84852935.3102887,6.14735,6.15,China,42
2824,2,DALYs (Disability-Adjusted Life Years),6,China,3,Both,14,45-49 years,591,Chronic kidney disease due to hypertension,1,Number,2021,78211.4692216495,113890.430046946,50214.6952399973,110321560.932227,118673842.978656,102258447.610609,5.51133,5.51,China,47
2825,2,DALYs (Disability-Adjusted Life Years),6,China,3,Both,15,50-54 years,591,Chronic kidney disease due to hypertension,1,Number,2021,125824.901145541,178581.695178701,85421.2762851938,120859033.528416,130013871.642202,112019245.908077,4.91312,4.91,China,52
2826,2,DALYs (Disability-Adjusted Life Years),6,China,3,Both,16,55-59 years,591,Chronic kidney disease due to hypertension,1,Number,2021,166886.267010428,236077.472947742,114209.442220844,109942374.635099,118263065.390651,101910583.197243,4.34586,4.35,China,57
2827,2,DALYs (Disability-Adjusted Life Years),6,China,3,Both,17,60-64 years,591,Chronic kidney disease due to hypertension,1,Number,2021,150814.178682991,220352.786207498,104516.503124695,73005166.3091959,78517317.8009865,67688365.1170174,3.68223,3.68,China,62
2828,2,DALYs (Disability-Adjusted Life Years),6,China,3,Both,18,65-69 years,591,Chronic kidney disease due to hypertension,1,Number,2021,213306.003973157,311973.178533545,145152.190030432,76703511.9952277,82505405.7251053,71103984.5055564,2.98509,2.99,China,67
2829,2,DALYs (Disability-Adjusted Life Years),6,China,3,Both,19,70-74 years,591,Chronic kidney disease due to hypertension,1,Number,2021,219216.175876321,304613.589473498,141763.479622385,53296442.1834049,57326053.2537987,49407824.0138524,2.26526,2.27,China,72
2830,2,DALYs (Disability-Adjusted Life Years),6,China,3,Both,20,75-79 years,591,Chronic kidney disease due to hypertension,1,Number,2021,188403.154706239,261949.985762963,125878.44813438,33118936.9198278,35625315.5381169,30699520.6511587,1.59758,1.6,China,77
2831,2,DALYs (Disability-Adjusted Life Years),6,China,3,Both,30,80-84 years,591,Chronic kidney disease due to hypertension,1,Number,2021,150441.773335726,202650.763384296,103389.610894897,19791855.9591958,21286111.2343708,18350461.7238033,1.09729,1.1,China,82
2832,2,DALYs (Disability-Adjusted Life Years),6,China,3,Both,31,85-89 years,591,Chronic kidney disease due to hypertension,1,Number,2021,111213.658129788,150212.064668883,78247.6189387806,9525751.04389445,10241982.404179,8835708.05975537,0.604519,0.6,China,87
2833,2,DALYs (Disability-Adjusted Life Years),6,China,3,Both,32,90-94 years,591,Chronic kidney disease due to hypertension,1,Number,2021,46680.555957912,64953.2384108227,31884.3254893815,2931987.49508033,3150521.32934664,2722002.79218523,0.246663,0.25,China,92
2834,2,DALYs (Disability-Adjusted Life Years),6,China,3,Both,235,95+ years,591,Chronic kidney disease due to hypertension,1,Number,2021,11397.9609970082,17054.8162796086,7083.37566024884,639098.451282971,685273.852270942,595713.904194708,0.0785092,0.08,China,97
2835,2,DALYs (Disability-Adjusted Life Years),6,China,3,Both,10,25-29 years,593,Chronic kidney disease due to other and unspecified causes,1,Number,2021,18241.6593159433,26143.1879287095,11602.2935859666,86482070.9043593,93028056.7565448,80163484.4257888,7.59144,7.59,China,27
2836,2,DALYs (Disability-Adjusted Life Years),6,China,3,Both,11,30-34 years,593,Chronic kidney disease due to other and unspecified causes,1,Number,2021,28597.6822671072,44040.8258847097,17253.2000305366,121153279.502113,130331410.125577,112290557.790045,7.32171,7.32,China,32
2837,2,DALYs (Disability-Adjusted Life Years),6,China,3,Both,12,35-39 years,593,Chronic kidney disease due to other and unspecified causes,1,Number,2021,28789.8344399732,44889.3856177333,17694.8675902435,105963255.636324,113982367.104433,98223075.7727965,6.82805,6.83,China,37
2838,2,DALYs (Disability-Adjusted Life Years),6,China,3,Both,13,40-44 years,593,Chronic kidney disease due to other and unspecified causes,1,Number,2021,29416.4710415545,42501.2882676053,18452.064062312,91533684.6415661,98456327.3467282,84852935.3102887,6.14735,6.15,China,42
2839,2,DALYs (Disability-Adjusted Life Years),6,China,3,Both,14,45-49 years,593,Chronic kidney disease due to other and unspecified causes,1,Number,2021,41775.2707294575,61043.1289704418,24789.8656875521,110321560.932227,118673842.978656,102258447.610609,5.51133,5.51,China,47
2840,2,DALYs (Disability-Adjusted Life Years),6,China,3,Both,15,50-54 years,593,Chronic kidney disease due to other and unspecified causes,1,Number,2021,54883.7622271715,82920.5148922782,32126.7898249022,120859033.528416,130013871.642202,112019245.908077,4.91312,4.91,China,52
2841,2,DALYs (Disability-Adjusted Life Years),6,China,3,Both,16,55-59 years,593,Chronic kidney disease due to other and unspecified causes,1,Number,2021,62804.2618838932,94965.8373691535,39977.8544056825,109942374.635099,118263065.390651,101910583.197243,4.34586,4.35,China,57
2842,2,DALYs (Disability-Adjusted Life Years),6,China,3,Both,17,60-64 years,593,Chronic kidney disease due to other and unspecified causes,1,Number,2021,52723.1585169103,77356.6824362264,34781.2938801767,73005166.3091959,78517317.8009865,67688365.1170174,3.68223,3.68,China,62
2843,2,DALYs (Disability-Adjusted Life Years),6,China,3,Both,18,65-69 years,593,Chronic kidney disease due to other and unspecified causes,1,Number,2021,74286.1714564156,104728.600290066,48736.7539147574,76703511.9952277,82505405.7251053,71103984.5055564,2.98509,2.99,China,67
2844,2,DALYs (Disability-Adjusted Life Years),6,China,3,Both,19,70-74 years,593,Chronic kidney disease due to other and unspecified causes,1,Number,2021,79276.6851540187,109398.729958666,53328.9862766215,53296442.1834049,57326053.2537987,49407824.0138524,2.26526,2.27,China,72
2845,2,DALYs (Disability-Adjusted Life Years),6,China,3,Both,20,75-79 years,593,Chronic kidney disease due to other and unspecified causes,1,Number,2021,75373.2203831624,104845.097146144,50695.0063979563,33118936.9198278,35625315.5381169,30699520.6511587,1.59758,1.6,China,77
2846,2,DALYs (Disability-Adjusted Life Years),6,China,3,Both,30,80-84 years,593,Chronic kidney disease due to other and unspecified causes,1,Number,2021,68242.3907158066,94236.4461013198,45898.5406692388,19791855.9591958,21286111.2343708,18350461.7238033,1.09729,1.1,China,82
2847,2,DALYs (Disability-Adjusted Life Years),6,China,3,Both,31,85-89 years,593,Chronic kidney disease due to other and unspecified causes,1,Number,2021,51227.0022900526,69273.3299282662,35853.9412663499,9525751.04389445,10241982.404179,8835708.05975537,0.604519,0.6,China,87
2848,2,DALYs (Disability-Adjusted Life Years),6,China,3,Both,32,90-94 years,593,Chronic kidney disease due to other and unspecified causes,1,Number,2021,29317.0432042268,39035.1912176567,20442.9823144046,2931987.49508033,3150521.32934664,2722002.79218523,0.246663,0.25,China,92
2849,2,DALYs (Disability-Adjusted Life Years),6,China,3,Both,235,95+ years,593,Chronic kidney disease due to other and unspecified causes,1,Number,2021,12437.0273470778,17532.2308939324,8386.33867308679,639098.451282971,685273.852270942,595713.904194708,0.0785092,0.08,China,97
2850,2,DALYs (Disability-Adjusted Life Years),6,China,3,Both,10,25-29 years,695,Other transport injuries,1,Number,2021,32230.114150752,39237.3214614547,26425.3875803928,86482070.9043593,93028056.7565448,80163484.4257888,7.59144,7.59,China,27
2851,2,DALYs (Disability-Adjusted Life Years),6,China,3,Both,11,30-34 years,695,Other transport injuries,1,Number,2021,48314.9989961102,58465.342699006,39950.8138161874,121153279.502113,130331410.125577,112290557.790045,7.32171,7.32,China,32
2852,2,DALYs (Disability-Adjusted Life Years),6,China,3,Both,12,35-39 years,695,Other transport injuries,1,Number,2021,45336.7476141327,56733.1448855044,36617.4430563198,105963255.636324,113982367.104433,98223075.7727965,6.82805,6.83,China,37
2853,2,DALYs (Disability-Adjusted Life Years),6,China,3,Both,13,40-44 years,695,Other transport injuries,1,Number,2021,40587.2276061747,50296.2131737048,32352.6089546109,91533684.6415661,98456327.3467282,84852935.3102887,6.14735,6.15,China,42
2854,2,DALYs (Disability-Adjusted Life Years),6,China,3,Both,14,45-49 years,695,Other transport injuries,1,Number,2021,43551.3190027565,54560.0275990566,34686.2512288879,110321560.932227,118673842.978656,102258447.610609,5.51133,5.51,China,47
2855,2,DALYs (Disability-Adjusted Life Years),6,China,3,Both,15,50-54 years,695,Other transport injuries,1,Number,2021,47296.7122195358,59318.9012641526,38072.4881313614,120859033.528416,130013871.642202,112019245.908077,4.91312,4.91,China,52
2856,2,DALYs (Disability-Adjusted Life Years),6,China,3,Both,16,55-59 years,695,Other transport injuries,1,Number,2021,40899.1681596232,50201.2270967328,32479.4916452433,109942374.635099,118263065.390651,101910583.197243,4.34586,4.35,China,57
2857,2,DALYs (Disability-Adjusted Life Years),6,China,3,Both,17,60-64 years,695,Other transport injuries,1,Number,2021,25385.7708850959,30467.220355712,20674.7473918847,73005166.3091959,78517317.8009865,67688365.1170174,3.68223,3.68,China,62
2858,2,DALYs (Disability-Adjusted Life Years),6,China,3,Both,18,65-69 years,695,Other transport injuries,1,Number,2021,25317.7640188359,30606.5501304734,20692.6492849215,76703511.9952277,82505405.7251053,71103984.5055564,2.98509,2.99,China,67
2859,2,DALYs (Disability-Adjusted Life Years),6,China,3,Both,19,70-74 years,695,Other transport injuries,1,Number,2021,17931.4182320601,21837.4164582159,14687.3226035373,53296442.1834049,57326053.2537987,49407824.0138524,2.26526,2.27,China,72
2860,2,DALYs (Disability-Adjusted Life Years),6,China,3,Both,20,75-79 years,695,Other transport injuries,1,Number,2021,11040.955802167,13511.1371075293,8898.47567510035,33118936.9198278,35625315.5381169,30699520.6511587,1.59758,1.6,China,77
2861,2,DALYs (Disability-Adjusted Life Years),6,China,3,Both,30,80-84 years,695,Other transport injuries,1,Number,2021,7012.5265239113,8626.76308183279,5596.4668777541,19791855.9591958,21286111.2343708,18350461.7238033,1.09729,1.1,China,82
2862,2,DALYs (Disability-Adjusted Life Years),6,China,3,Both,31,85-89 years,695,Other transport injuries,1,Number,2021,3959.41963328634,4883.04055750541,3160.54411354344,9525751.04389445,10241982.404179,8835708.05975537,0.604519,0.6,China,87
2863,2,DALYs (Disability-Adjusted Life Years),6,China,3,Both,32,90-94 years,695,Other transport injuries,1,Number,2021,1457.29644199964,1821.65786428899,1150.55652791361,2931987.49508033,3150521.32934664,2722002.79218523,0.246663,0.25,China,92
2864,2,DALYs (Disability-Adjusted Life Years),6,China,3,Both,235,95+ years,695,Other transport injuries,1,Number,2021,373.871644290255,485.200123533742,279.613834015363,639098.451282971,685273.852270942,595713.904194708,0.0785092,0.08,China,97
2865,2,DALYs (Disability-Adjusted Life Years),6,China,3,Both,10,25-29 years,697,Falls,1,Number,2021,285977.414599382,361412.014104396,222588.036544532,86482070.9043593,93028056.7565448,80163484.4257888,7.59144,7.59,China,27
2866,2,DALYs (Disability-Adjusted Life Years),6,China,3,Both,11,30-34 years,697,Falls,1,Number,2021,465220.432443002,590676.681452125,358364.264754561,121153279.502113,130331410.125577,112290557.790045,7.32171,7.32,China,32
2867,2,DALYs (Disability-Adjusted Life Years),6,China,3,Both,12,35-39 years,697,Falls,1,Number,2021,481595.210855651,618919.38591617,376481.599469261,105963255.636324,113982367.104433,98223075.7727965,6.82805,6.83,China,37
2868,2,DALYs (Disability-Adjusted Life Years),6,China,3,Both,13,40-44 years,697,Falls,1,Number,2021,499741.675572439,637747.463870876,389609.049803219,91533684.6415661,98456327.3467282,84852935.3102887,6.14735,6.15,China,42
2869,2,DALYs (Disability-Adjusted Life Years),6,China,3,Both,14,45-49 years,697,Falls,1,Number,2021,653746.745175826,844907.182687664,498920.634282157,110321560.932227,118673842.978656,102258447.610609,5.51133,5.51,China,47
2870,2,DALYs (Disability-Adjusted Life Years),6,China,3,Both,15,50-54 years,697,Falls,1,Number,2021,785991.829096742,1039057.00000896,588806.376959462,120859033.528416,130013871.642202,112019245.908077,4.91312,4.91,China,52
2871,2,DALYs (Disability-Adjusted Life Years),6,China,3,Both,16,55-59 years,697,Falls,1,Number,2021,784363.486709018,1023266.60350254,598916.031546746,109942374.635099,118263065.390651,101910583.197243,4.34586,4.35,China,57
2872,2,DALYs (Disability-Adjusted Life Years),6,China,3,Both,17,60-64 years,697,Falls,1,Number,2021,580634.060243603,750599.866467862,441643.161501666,73005166.3091959,78517317.8009865,67688365.1170174,3.68223,3.68,China,62
2873,2,DALYs (Disability-Adjusted Life Years),6,China,3,Both,18,65-69 years,697,Falls,1,Number,2021,710709.354472913,916130.816828268,534526.742412881,76703511.9952277,82505405.7251053,71103984.5055564,2.98509,2.99,China,67
2874,2,DALYs (Disability-Adjusted Life Years),6,China,3,Both,19,70-74 years,697,Falls,1,Number,2021,621443.633605384,788462.2974,462176.828692636,53296442.1834049,57326053.2537987,49407824.0138524,2.26526,2.27,China,72
2875,2,DALYs (Disability-Adjusted Life Years),6,China,3,Both,20,75-79 years,697,Falls,1,Number,2021,536788.918483684,676012.38508248,396631.348706688,33118936.9198278,35625315.5381169,30699520.6511587,1.59758,1.6,China,77
2876,2,DALYs (Disability-Adjusted Life Years),6,China,3,Both,30,80-84 years,697,Falls,1,Number,2021,508397.746156249,635591.056370004,382226.510275205,19791855.9591958,21286111.2343708,18350461.7238033,1.09729,1.1,China,82
2877,2,DALYs (Disability-Adjusted Life Years),6,China,3,Both,31,85-89 years,697,Falls,1,Number,2021,422842.830780925,519351.678285564,308201.77992834,9525751.04389445,10241982.404179,8835708.05975537,0.604519,0.6,China,87
2878,2,DALYs (Disability-Adjusted Life Years),6,China,3,Both,32,90-94 years,697,Falls,1,Number,2021,205688.739051153,253930.612938889,144943.466917737,2931987.49508033,3150521.32934664,2722002.79218523,0.246663,0.25,China,92
2879,2,DALYs (Disability-Adjusted Life Years),6,China,3,Both,235,95+ years,697,Falls,1,Number,2021,61824.5880948634,79500.12758,41386.4498341345,639098.451282971,685273.852270942,595713.904194708,0.0785092,0.08,China,97
2880,2,DALYs (Disability-Adjusted Life Years),6,China,3,Both,10,25-29 years,698,Drowning,1,Number,2021,129657.899506751,150878.110273027,110434.88539108,86482070.9043593,93028056.7565448,80163484.4257888,7.59144,7.59,China,27
2881,2,DALYs (Disability-Adjusted Life Years),6,China,3,Both,11,30-34 years,698,Drowning,1,Number,2021,161053.777770857,189475.454796118,137531.398940543,121153279.502113,130331410.125577,112290557.790045,7.32171,7.32,China,32
2882,2,DALYs (Disability-Adjusted Life Years),6,China,3,Both,12,35-39 years,698,Drowning,1,Number,2021,127724.242858847,152825.506767627,106404.715548572,105963255.636324,113982367.104433,98223075.7727965,6.82805,6.83,China,37
2883,2,DALYs (Disability-Adjusted Life Years),6,China,3,Both,13,40-44 years,698,Drowning,1,Number,2021,106812.894829229,131015.839636302,87809.3176777574,91533684.6415661,98456327.3467282,84852935.3102887,6.14735,6.15,China,42
2884,2,DALYs (Disability-Adjusted Life Years),6,China,3,Both,14,45-49 years,698,Drowning,1,Number,2021,105295.216077223,129490.398452804,85689.8689733426,110321560.932227,118673842.978656,102258447.610609,5.51133,5.51,China,47
2885,2,DALYs (Disability-Adjusted Life Years),6,China,3,Both,15,50-54 years,698,Drowning,1,Number,2021,123029.651690471,150784.001854568,99913.3408905923,120859033.528416,130013871.642202,112019245.908077,4.91312,4.91,China,52
2886,2,DALYs (Disability-Adjusted Life Years),6,China,3,Both,16,55-59 years,698,Drowning,1,Number,2021,108178.921108289,131536.03145462,87907.0702963504,109942374.635099,118263065.390651,101910583.197243,4.34586,4.35,China,57
2887,2,DALYs (Disability-Adjusted Life Years),6,China,3,Both,17,60-64 years,698,Drowning,1,Number,2021,78666.8040504911,94753.1259295407,64590.8482348886,73005166.3091959,78517317.8009865,67688365.1170174,3.68223,3.68,China,62
2888,2,DALYs (Disability-Adjusted Life Years),6,China,3,Both,18,65-69 years,698,Drowning,1,Number,2021,89463.8671393119,106381.056262631,74895.8511376929,76703511.9952277,82505405.7251053,71103984.5055564,2.98509,2.99,China,67
2889,2,DALYs (Disability-Adjusted Life Years),6,China,3,Both,19,70-74 years,698,Drowning,1,Number,2021,79391.3045960077,93595.1830179193,65679.9921854035,53296442.1834049,57326053.2537987,49407824.0138524,2.26526,2.27,China,72
2890,2,DALYs (Disability-Adjusted Life Years),6,China,3,Both,20,75-79 years,698,Drowning,1,Number,2021,58793.6233381353,69073.6939701189,48986.8198597351,33118936.9198278,35625315.5381169,30699520.6511587,1.59758,1.6,China,77
2891,2,DALYs (Disability-Adjusted Life Years),6,China,3,Both,30,80-84 years,698,Drowning,1,Number,2021,44422.6096329125,52062.4044380651,37267.3574107984,19791855.9591958,21286111.2343708,18350461.7238033,1.09729,1.1,China,82
2892,2,DALYs (Disability-Adjusted Life Years),6,China,3,Both,31,85-89 years,698,Drowning,1,Number,2021,28912.3466922914,33593.861706373,24020.4407743928,9525751.04389445,10241982.404179,8835708.05975537,0.604519,0.6,China,87
2893,2,DALYs (Disability-Adjusted Life Years),6,China,3,Both,32,90-94 years,698,Drowning,1,Number,2021,8734.81682823951,10144.0822819252,7123.30244912663,2931987.49508033,3150521.32934664,2722002.79218523,0.246663,0.25,China,92
2894,2,DALYs (Disability-Adjusted Life Years),6,China,3,Both,235,95+ years,698,Drowning,1,Number,2021,1890.45169395712,2275.25002859615,1467.50333104556,639098.451282971,685273.852270942,595713.904194708,0.0785092,0.08,China,97
2895,2,DALYs (Disability-Adjusted Life Years),6,China,3,Both,10,25-29 years,705,Unintentional firearm injuries,1,Number,2021,2895.64996785668,3983.05119279219,2073.04839894001,86482070.9043593,93028056.7565448,80163484.4257888,7.59144,7.59,China,27
2896,2,DALYs (Disability-Adjusted Life Years),6,China,3,Both,11,30-34 years,705,Unintentional firearm injuries,1,Number,2021,4654.36794905898,6343.19544544675,3326.27451654455,121153279.502113,130331410.125577,112290557.790045,7.32171,7.32,China,32
2897,2,DALYs (Disability-Adjusted Life Years),6,China,3,Both,12,35-39 years,705,Unintentional firearm injuries,1,Number,2021,4520.80514098246,6001.48868150161,3326.93237743125,105963255.636324,113982367.104433,98223075.7727965,6.82805,6.83,China,37
2898,2,DALYs (Disability-Adjusted Life Years),6,China,3,Both,13,40-44 years,705,Unintentional firearm injuries,1,Number,2021,4240.54847578621,5673.8277616672,3073.667153,91533684.6415661,98456327.3467282,84852935.3102887,6.14735,6.15,China,42
2899,2,DALYs (Disability-Adjusted Life Years),6,China,3,Both,14,45-49 years,705,Unintentional firearm injuries,1,Number,2021,5436.53610632327,7333.53446694197,3970.03421784089,110321560.932227,118673842.978656,102258447.610609,5.51133,5.51,China,47
2900,2,DALYs (Disability-Adjusted Life Years),6,China,3,Both,15,50-54 years,705,Unintentional firearm injuries,1,Number,2021,6366.30042590794,8573.39772489213,4698.20104957717,120859033.528416,130013871.642202,112019245.908077,4.91312,4.91,China,52
2901,2,DALYs (Disability-Adjusted Life Years),6,China,3,Both,16,55-59 years,705,Unintentional firearm injuries,1,Number,2021,5980.22912305662,8096.80052047104,4367.61730622459,109942374.635099,118263065.390651,101910583.197243,4.34586,4.35,China,57
2902,2,DALYs (Disability-Adjusted Life Years),6,China,3,Both,17,60-64 years,705,Unintentional firearm injuries,1,Number,2021,4289.5397037817,5866.23914026818,3145.17341606597,73005166.3091959,78517317.8009865,67688365.1170174,3.68223,3.68,China,62
2903,2,DALYs (Disability-Adjusted Life Years),6,China,3,Both,18,65-69 years,705,Unintentional firearm injuries,1,Number,2021,4487.32806153119,6144.90112167699,3320.66656665951,76703511.9952277,82505405.7251053,71103984.5055564,2.98509,2.99,China,67
2904,2,DALYs (Disability-Adjusted Life Years),6,China,3,Both,19,70-74 years,705,Unintentional firearm injuries,1,Number,2021,3096.36304445081,4255.69551048129,2267.21632482125,53296442.1834049,57326053.2537987,49407824.0138524,2.26526,2.27,China,72
2905,2,DALYs (Disability-Adjusted Life Years),6,China,3,Both,20,75-79 years,705,Unintentional firearm injuries,1,Number,2021,1881.58588516373,2579.89348715809,1353.98745436588,33118936.9198278,35625315.5381169,30699520.6511587,1.59758,1.6,China,77
2906,2,DALYs (Disability-Adjusted Life Years),6,China,3,Both,30,80-84 years,705,Unintentional firearm injuries,1,Number,2021,1118.95152543139,1546.67900331162,800.97025133406,19791855.9591958,21286111.2343708,18350461.7238033,1.09729,1.1,China,82
2907,2,DALYs (Disability-Adjusted Life Years),6,China,3,Both,31,85-89 years,705,Unintentional firearm injuries,1,Number,2021,549.333804046687,761.613978201087,389.140048757629,9525751.04389445,10241982.404179,8835708.05975537,0.604519,0.6,China,87
2908,2,DALYs (Disability-Adjusted Life Years),6,China,3,Both,32,90-94 years,705,Unintentional firearm injuries,1,Number,2021,175.551952161923,243.123105636691,124.048417543831,2931987.49508033,3150521.32934664,2722002.79218523,0.246663,0.25,China,92
2909,2,DALYs (Disability-Adjusted Life Years),6,China,3,Both,235,95+ years,705,Unintentional firearm injuries,1,Number,2021,42.6131482020978,61.9869072784642,29.4088884935829,639098.451282971,685273.852270942,595713.904194708,0.0785092,0.08,China,97
2910,2,DALYs (Disability-Adjusted Life Years),6,China,3,Both,10,25-29 years,708,Adverse effects of medical treatment,1,Number,2021,6146.96567646652,8617.12955491308,4833.69329698556,86482070.9043593,93028056.7565448,80163484.4257888,7.59144,7.59,China,27
2911,2,DALYs (Disability-Adjusted Life Years),6,China,3,Both,11,30-34 years,708,Adverse effects of medical treatment,1,Number,2021,8925.81362923396,12103.9079506419,7027.87985954013,121153279.502113,130331410.125577,112290557.790045,7.32171,7.32,China,32
2912,2,DALYs (Disability-Adjusted Life Years),6,China,3,Both,12,35-39 years,708,Adverse effects of medical treatment,1,Number,2021,8197.0419137999,11432.9281251944,6178.77342813247,105963255.636324,113982367.104433,98223075.7727965,6.82805,6.83,China,37
2913,2,DALYs (Disability-Adjusted Life Years),6,China,3,Both,13,40-44 years,708,Adverse effects of medical treatment,1,Number,2021,7677.61052664273,10715.0032355801,6006.2186912989,91533684.6415661,98456327.3467282,84852935.3102887,6.14735,6.15,China,42
2914,2,DALYs (Disability-Adjusted Life Years),6,China,3,Both,14,45-49 years,708,Adverse effects of medical treatment,1,Number,2021,7706.24494507437,10603.0414588136,6019.34262387453,110321560.932227,118673842.978656,102258447.610609,5.51133,5.51,China,47
2915,2,DALYs (Disability-Adjusted Life Years),6,China,3,Both,15,50-54 years,708,Adverse effects of medical treatment,1,Number,2021,9727.90433632558,13376.4806143747,7550.77758552674,120859033.528416,130013871.642202,112019245.908077,4.91312,4.91,China,52
2916,2,DALYs (Disability-Adjusted Life Years),6,China,3,Both,16,55-59 years,708,Adverse effects of medical treatment,1,Number,2021,9776.9924723648,13470.3463541974,7539.45152972366,109942374.635099,118263065.390651,101910583.197243,4.34586,4.35,China,57
2917,2,DALYs (Disability-Adjusted Life Years),6,China,3,Both,17,60-64 years,708,Adverse effects of medical treatment,1,Number,2021,7619.00973036047,10449.3697695917,5922.2234188031,73005166.3091959,78517317.8009865,67688365.1170174,3.68223,3.68,China,62
2918,2,DALYs (Disability-Adjusted Life Years),6,China,3,Both,18,65-69 years,708,Adverse effects of medical treatment,1,Number,2021,9179.89302148725,12535.4558759828,7206.96079012258,76703511.9952277,82505405.7251053,71103984.5055564,2.98509,2.99,China,67
2919,2,DALYs (Disability-Adjusted Life Years),6,China,3,Both,19,70-74 years,708,Adverse effects of medical treatment,1,Number,2021,8520.82467426712,11828.7733091237,6684.89739252299,53296442.1834049,57326053.2537987,49407824.0138524,2.26526,2.27,China,72
2920,2,DALYs (Disability-Adjusted Life Years),6,China,3,Both,20,75-79 years,708,Adverse effects of medical treatment,1,Number,2021,5923.21517896661,8061.69446326106,4628.29542651021,33118936.9198278,35625315.5381169,30699520.6511587,1.59758,1.6,China,77
2921,2,DALYs (Disability-Adjusted Life Years),6,China,3,Both,30,80-84 years,708,Adverse effects of medical treatment,1,Number,2021,4109.87724804185,5564.7026800041,3257.5027968892,19791855.9591958,21286111.2343708,18350461.7238033,1.09729,1.1,China,82
2922,2,DALYs (Disability-Adjusted Life Years),6,China,3,Both,31,85-89 years,708,Adverse effects of medical treatment,1,Number,2021,2911.20779343279,4126.38799971154,2220.07241832883,9525751.04389445,10241982.404179,8835708.05975537,0.604519,0.6,China,87
2923,2,DALYs (Disability-Adjusted Life Years),6,China,3,Both,32,90-94 years,708,Adverse effects of medical treatment,1,Number,2021,1115.29694995559,1547.45308015827,817.831500311336,2931987.49508033,3150521.32934664,2722002.79218523,0.246663,0.25,China,92
2924,2,DALYs (Disability-Adjusted Life Years),6,China,3,Both,235,95+ years,708,Adverse effects of medical treatment,1,Number,2021,333.671030681364,464.128653945801,232.675138632091,639098.451282971,685273.852270942,595713.904194708,0.0785092,0.08,China,97
2925,2,DALYs (Disability-Adjusted Life Years),6,China,3,Both,235,95+ years,977,Atopic dermatitis,1,Number,2021,131.926845666843,230.046531558804,66.930763623044,639098.451282971,685273.852270942,595713.904194708,0.0785092,0.08,China,97
2926,2,DALYs (Disability-Adjusted Life Years),6,China,3,Both,10,25-29 years,996,Liver cancer due to NASH,1,Number,2021,1892.57508934411,2850.91979133073,1262.01244383557,86482070.9043593,93028056.7565448,80163484.4257888,7.59144,7.59,China,27
2927,2,DALYs (Disability-Adjusted Life Years),6,China,3,Both,11,30-34 years,996,Liver cancer due to NASH,1,Number,2021,4809.66809262854,6864.25431727692,3345.16873841626,121153279.502113,130331410.125577,112290557.790045,7.32171,7.32,China,32
2928,2,DALYs (Disability-Adjusted Life Years),6,China,3,Both,12,35-39 years,996,Liver cancer due to NASH,1,Number,2021,6891.72495502922,9602.80920451242,4585.53908914416,105963255.636324,113982367.104433,98223075.7727965,6.82805,6.83,China,37
2929,2,DALYs (Disability-Adjusted Life Years),6,China,3,Both,13,40-44 years,996,Liver cancer due to NASH,1,Number,2021,10198.0047190545,14680.8268373597,6917.24021204752,91533684.6415661,98456327.3467282,84852935.3102887,6.14735,6.15,China,42
2930,2,DALYs (Disability-Adjusted Life Years),6,China,3,Both,14,45-49 years,996,Liver cancer due to NASH,1,Number,2021,19362.3629776045,27773.2649660484,13226.6969554238,110321560.932227,118673842.978656,102258447.610609,5.51133,5.51,China,47
2931,2,DALYs (Disability-Adjusted Life Years),6,China,3,Both,15,50-54 years,996,Liver cancer due to NASH,1,Number,2021,29383.4413542247,41214.8581000269,20254.3309480315,120859033.528416,130013871.642202,112019245.908077,4.91312,4.91,China,52
2932,2,DALYs (Disability-Adjusted Life Years),6,China,3,Both,16,55-59 years,996,Liver cancer due to NASH,1,Number,2021,33328.7913237416,48424.8814509516,22050.285317233,109942374.635099,118263065.390651,101910583.197243,4.34586,4.35,China,57
2933,2,DALYs (Disability-Adjusted Life Years),6,China,3,Both,17,60-64 years,996,Liver cancer due to NASH,1,Number,2021,31401.5526598076,45755.9153446509,20787.991445098,73005166.3091959,78517317.8009865,67688365.1170174,3.68223,3.68,China,62
2934,2,DALYs (Disability-Adjusted Life Years),6,China,3,Both,18,65-69 years,996,Liver cancer due to NASH,1,Number,2021,41179.5453928456,57197.8929064201,27994.1146701996,76703511.9952277,82505405.7251053,71103984.5055564,2.98509,2.99,China,67
2935,2,DALYs (Disability-Adjusted Life Years),6,China,3,Both,19,70-74 years,996,Liver cancer due to NASH,1,Number,2021,31340.4630269611,42114.5968568194,21563.8842678344,53296442.1834049,57326053.2537987,49407824.0138524,2.26526,2.27,China,72
2936,2,DALYs (Disability-Adjusted Life Years),6,China,3,Both,20,75-79 years,996,Liver cancer due to NASH,1,Number,2021,20935.3114257959,28489.7478018047,14766.5131318099,33118936.9198278,35625315.5381169,30699520.6511587,1.59758,1.6,China,77
2937,2,DALYs (Disability-Adjusted Life Years),6,China,3,Both,30,80-84 years,996,Liver cancer due to NASH,1,Number,2021,14659.02145,20215.6598037869,10310.6060131174,19791855.9591958,21286111.2343708,18350461.7238033,1.09729,1.1,China,82
2938,2,DALYs (Disability-Adjusted Life Years),6,China,3,Both,31,85-89 years,996,Liver cancer due to NASH,1,Number,2021,6930.08789984969,9283.59178835186,4812.28342908541,9525751.04389445,10241982.404179,8835708.05975537,0.604519,0.6,China,87
2939,2,DALYs (Disability-Adjusted Life Years),6,China,3,Both,32,90-94 years,996,Liver cancer due to NASH,1,Number,2021,2167.10741766746,3041.57705556798,1411.16805779007,2931987.49508033,3150521.32934664,2722002.79218523,0.246663,0.25,China,92
2940,2,DALYs (Disability-Adjusted Life Years),6,China,3,Both,235,95+ years,996,Liver cancer due to NASH,1,Number,2021,307.876027153134,475.867136140506,183.069166175583,639098.451282971,685273.852270942,595713.904194708,0.0785092,0.08,China,97
2941,2,DALYs (Disability-Adjusted Life Years),6,China,3,Both,10,25-29 years,998,Chronic kidney disease due to diabetes mellitus type 2,1,Number,2021,1816.59094801408,3456.15989885469,830.139493186087,86482070.9043593,93028056.7565448,80163484.4257888,7.59144,7.59,China,27
2942,2,DALYs (Disability-Adjusted Life Years),6,China,3,Both,11,30-34 years,998,Chronic kidney disease due to diabetes mellitus type 2,1,Number,2021,10149.8408203699,17594.590938497,4958.00512238634,121153279.502113,130331410.125577,112290557.790045,7.32171,7.32,China,32
2943,2,DALYs (Disability-Adjusted Life Years),6,China,3,Both,12,35-39 years,998,Chronic kidney disease due to diabetes mellitus type 2,1,Number,2021,24001.3991445775,40533.8312661445,13028.5181789329,105963255.636324,113982367.104433,98223075.7727965,6.82805,6.83,China,37
2944,2,DALYs (Disability-Adjusted Life Years),6,China,3,Both,13,40-44 years,998,Chronic kidney disease due to diabetes mellitus type 2,1,Number,2021,43401.8317063155,72011.0437506428,23222.4300823258,91533684.6415661,98456327.3467282,84852935.3102887,6.14735,6.15,China,42
2945,2,DALYs (Disability-Adjusted Life Years),6,China,3,Both,14,45-49 years,998,Chronic kidney disease due to diabetes mellitus type 2,1,Number,2021,83380.6908104686,126906.478412838,53087.3056940103,110321560.932227,118673842.978656,102258447.610609,5.51133,5.51,China,47
2946,2,DALYs (Disability-Adjusted Life Years),6,China,3,Both,15,50-54 years,998,Chronic kidney disease due to diabetes mellitus type 2,1,Number,2021,164178.239229247,233193.150228714,106828.153949756,120859033.528416,130013871.642202,112019245.908077,4.91312,4.91,China,52
2947,2,DALYs (Disability-Adjusted Life Years),6,China,3,Both,16,55-59 years,998,Chronic kidney disease due to diabetes mellitus type 2,1,Number,2021,259636.594891326,346432.539929346,181473.065146153,109942374.635099,118263065.390651,101910583.197243,4.34586,4.35,China,57
2948,2,DALYs (Disability-Adjusted Life Years),6,China,3,Both,17,60-64 years,998,Chronic kidney disease due to diabetes mellitus type 2,1,Number,2021,268860.214968047,351835.851499547,198512.480388302,73005166.3091959,78517317.8009865,67688365.1170174,3.68223,3.68,China,62
2949,2,DALYs (Disability-Adjusted Life Years),6,China,3,Both,18,65-69 years,998,Chronic kidney disease due to diabetes mellitus type 2,1,Number,2021,419719.847858886,531512.282562951,320614.98179417,76703511.9952277,82505405.7251053,71103984.5055564,2.98509,2.99,China,67
2950,2,DALYs (Disability-Adjusted Life Years),6,China,3,Both,19,70-74 years,998,Chronic kidney disease due to diabetes mellitus type 2,1,Number,2021,433436.244112925,554651.190965974,326489.426463679,53296442.1834049,57326053.2537987,49407824.0138524,2.26526,2.27,China,72
2951,2,DALYs (Disability-Adjusted Life Years),6,China,3,Both,20,75-79 years,998,Chronic kidney disease due to diabetes mellitus type 2,1,Number,2021,344826.895861369,434534.416381269,265018.890348064,33118936.9198278,35625315.5381169,30699520.6511587,1.59758,1.6,China,77
2952,2,DALYs (Disability-Adjusted Life Years),6,China,3,Both,30,80-84 years,998,Chronic kidney disease due to diabetes mellitus type 2,1,Number,2021,244530.263600637,305415.371554852,185980.540340148,19791855.9591958,21286111.2343708,18350461.7238033,1.09729,1.1,China,82
2953,2,DALYs (Disability-Adjusted Life Years),6,China,3,Both,31,85-89 years,998,Chronic kidney disease due to diabetes mellitus type 2,1,Number,2021,162257.493488266,204293.27870865,122632.869503421,9525751.04389445,10241982.404179,8835708.05975537,0.604519,0.6,China,87
2954,2,DALYs (Disability-Adjusted Life Years),6,China,3,Both,32,90-94 years,998,Chronic kidney disease due to diabetes mellitus type 2,1,Number,2021,62797.8396284592,80624.9339361731,45817.5964540182,2931987.49508033,3150521.32934664,2722002.79218523,0.246663,0.25,China,92
2955,2,DALYs (Disability-Adjusted Life Years),6,China,3,Both,235,95+ years,998,Chronic kidney disease due to diabetes mellitus type 2,1,Number,2021,13728.3560913447,19280.7728726401,8307.33569937567,639098.451282971,685273.852270942,595713.904194708,0.0785092,0.08,China,97
2956,2,DALYs (Disability-Adjusted Life Years),6,China,3,Both,10,25-29 years,999,Refraction disorders,1,Number,2021,20396.738344879,29971.7546510712,12992.1671417824,86482070.9043593,93028056.7565448,80163484.4257888,7.59144,7.59,China,27
2957,2,DALYs (Disability-Adjusted Life Years),6,China,3,Both,11,30-34 years,999,Refraction disorders,1,Number,2021,28855.7030250626,43006.0654658663,18416.4587382387,121153279.502113,130331410.125577,112290557.790045,7.32171,7.32,China,32
2958,2,DALYs (Disability-Adjusted Life Years),6,China,3,Both,12,35-39 years,999,Refraction disorders,1,Number,2021,30126.0897864775,43056.620682849,19664.6299226069,105963255.636324,113982367.104433,98223075.7727965,6.82805,6.83,China,37
2959,2,DALYs (Disability-Adjusted Life Years),6,China,3,Both,13,40-44 years,999,Refraction disorders,1,Number,2021,35544.2749578882,52932.5995387741,23841.4432633917,91533684.6415661,98456327.3467282,84852935.3102887,6.14735,6.15,China,42
2960,2,DALYs (Disability-Adjusted Life Years),6,China,3,Both,14,45-49 years,999,Refraction disorders,1,Number,2021,68213.5965819675,101510.047985974,46101.7651966476,110321560.932227,118673842.978656,102258447.610609,5.51133,5.51,China,47
2961,2,DALYs (Disability-Adjusted Life Years),6,China,3,Both,15,50-54 years,999,Refraction disorders,1,Number,2021,111801.399472242,165765.3,74381.5478968089,120859033.528416,130013871.642202,112019245.908077,4.91312,4.91,China,52
2962,2,DALYs (Disability-Adjusted Life Years),6,China,3,Both,16,55-59 years,999,Refraction disorders,1,Number,2021,145883.025926826,222041.221656032,94297.3188927675,109942374.635099,118263065.390651,101910583.197243,4.34586,4.35,China,57
2963,2,DALYs (Disability-Adjusted Life Years),6,China,3,Both,17,60-64 years,999,Refraction disorders,1,Number,2021,130505.732557622,193442.534439422,85938.0613756395,73005166.3091959,78517317.8009865,67688365.1170174,3.68223,3.68,China,62
2964,2,DALYs (Disability-Adjusted Life Years),6,China,3,Both,18,65-69 years,999,Refraction disorders,1,Number,2021,181854.593789557,265720.212443123,122255.883963847,76703511.9952277,82505405.7251053,71103984.5055564,2.98509,2.99,China,67
2965,2,DALYs (Disability-Adjusted Life Years),6,China,3,Both,19,70-74 years,999,Refraction disorders,1,Number,2021,154549.707337062,221452.449674404,106240.285993026,53296442.1834049,57326053.2537987,49407824.0138524,2.26526,2.27,China,72
2966,2,DALYs (Disability-Adjusted Life Years),6,China,3,Both,20,75-79 years,999,Refraction disorders,1,Number,2021,108157.670578062,151313.086389805,77172.8252747067,33118936.9198278,35625315.5381169,30699520.6511587,1.59758,1.6,China,77
2967,2,DALYs (Disability-Adjusted Life Years),6,China,3,Both,30,80-84 years,999,Refraction disorders,1,Number,2021,66805.6904391214,94777.5112288512,47858.9526851823,19791855.9591958,21286111.2343708,18350461.7238033,1.09729,1.1,China,82
2968,2,DALYs (Disability-Adjusted Life Years),6,China,3,Both,31,85-89 years,999,Refraction disorders,1,Number,2021,31327.0020079249,43518.5583509535,22003.3649142278,9525751.04389445,10241982.404179,8835708.05975537,0.604519,0.6,China,87
2969,2,DALYs (Disability-Adjusted Life Years),6,China,3,Both,32,90-94 years,999,Refraction disorders,1,Number,2021,8646.24573157006,12367.3035793077,5750.54411309673,2931987.49508033,3150521.32934664,2722002.79218523,0.246663,0.25,China,92
2970,2,DALYs (Disability-Adjusted Life Years),6,China,3,Both,235,95+ years,999,Refraction disorders,1,Number,2021,1695.97402846367,2460.32309153253,1151.13035202371,639098.451282971,685273.852270942,595713.904194708,0.0785092,0.08,China,97
2971,2,DALYs (Disability-Adjusted Life Years),6,China,3,Both,10,25-29 years,1006,Burkitt lymphoma,1,Number,2021,344.145439645301,547.91601647189,157.091130507189,86482070.9043593,93028056.7565448,80163484.4257888,7.59144,7.59,China,27
2972,2,DALYs (Disability-Adjusted Life Years),6,China,3,Both,11,30-34 years,1006,Burkitt lymphoma,1,Number,2021,466.694358116591,718.692979703304,218.931754521731,121153279.502113,130331410.125577,112290557.790045,7.32171,7.32,China,32
2973,2,DALYs (Disability-Adjusted Life Years),6,China,3,Both,12,35-39 years,1006,Burkitt lymphoma,1,Number,2021,423.281995331434,636.316911169465,180.124803625789,105963255.636324,113982367.104433,98223075.7727965,6.82805,6.83,China,37
2974,2,DALYs (Disability-Adjusted Life Years),6,China,3,Both,13,40-44 years,1006,Burkitt lymphoma,1,Number,2021,310.033167406264,481.188656892228,138.460763780292,91533684.6415661,98456327.3467282,84852935.3102887,6.14735,6.15,China,42
2975,2,DALYs (Disability-Adjusted Life Years),6,China,3,Both,14,45-49 years,1006,Burkitt lymphoma,1,Number,2021,557.050291234557,831.086803933869,263.022528163115,110321560.932227,118673842.978656,102258447.610609,5.51133,5.51,China,47
2976,2,DALYs (Disability-Adjusted Life Years),6,China,3,Both,15,50-54 years,1006,Burkitt lymphoma,1,Number,2021,750.895808026147,1189.01948781771,330.004904231788,120859033.528416,130013871.642202,112019245.908077,4.91312,4.91,China,52
2977,2,DALYs (Disability-Adjusted Life Years),6,China,3,Both,16,55-59 years,1006,Burkitt lymphoma,1,Number,2021,758.145631128282,1185.62523908471,299.236690287511,109942374.635099,118263065.390651,101910583.197243,4.34586,4.35,China,57
2978,2,DALYs (Disability-Adjusted Life Years),6,China,3,Both,17,60-64 years,1006,Burkitt lymphoma,1,Number,2021,632.619696023815,1002.58612680882,260.875309941796,73005166.3091959,78517317.8009865,67688365.1170174,3.68223,3.68,China,62
2979,2,DALYs (Disability-Adjusted Life Years),6,China,3,Both,18,65-69 years,1006,Burkitt lymphoma,1,Number,2021,573.148599240657,915.120814380513,236.169921200851,76703511.9952277,82505405.7251053,71103984.5055564,2.98509,2.99,China,67
2980,2,DALYs (Disability-Adjusted Life Years),6,China,3,Both,19,70-74 years,1006,Burkitt lymphoma,1,Number,2021,534.674595310866,900.057756295896,218.123070176399,53296442.1834049,57326053.2537987,49407824.0138524,2.26526,2.27,China,72
2981,2,DALYs (Disability-Adjusted Life Years),6,China,3,Both,20,75-79 years,1006,Burkitt lymphoma,1,Number,2021,426.285136133094,690.045473563573,161.883178323932,33118936.9198278,35625315.5381169,30699520.6511587,1.59758,1.6,China,77
2982,2,DALYs (Disability-Adjusted Life Years),6,China,3,Both,30,80-84 years,1006,Burkitt lymphoma,1,Number,2021,311.38463973766,522.031847441731,127.08697684307,19791855.9591958,21286111.2343708,18350461.7238033,1.09729,1.1,China,82
2983,2,DALYs (Disability-Adjusted Life Years),6,China,3,Both,31,85-89 years,1006,Burkitt lymphoma,1,Number,2021,158.473418822103,290.183455860922,51.638084496487,9525751.04389445,10241982.404179,8835708.05975537,0.604519,0.6,China,87
2984,2,DALYs (Disability-Adjusted Life Years),6,China,3,Both,32,90-94 years,1006,Burkitt lymphoma,1,Number,2021,45.1641628202949,93.1773038739381,10.6562938468978,2931987.49508033,3150521.32934664,2722002.79218523,0.246663,0.25,China,92
2985,2,DALYs (Disability-Adjusted Life Years),6,China,3,Both,235,95+ years,1006,Burkitt lymphoma,1,Number,2021,8.99913795695211,22.4815845454865,1.30771921230863,639098.451282971,685273.852270942,595713.904194708,0.0785092,0.08,China,97
2986,2,DALYs (Disability-Adjusted Life Years),6,China,3,Both,10,25-29 years,1007,Other non-Hodgkin lymphoma,1,Number,2021,29028.0295740534,35322.6327562221,22265.5032573047,86482070.9043593,93028056.7565448,80163484.4257888,7.59144,7.59,China,27
2987,2,DALYs (Disability-Adjusted Life Years),6,China,3,Both,11,30-34 years,1007,Other non-Hodgkin lymphoma,1,Number,2021,49637.4863902164,60191.9381860962,37974.6548347055,121153279.502113,130331410.125577,112290557.790045,7.32171,7.32,China,32
2988,2,DALYs (Disability-Adjusted Life Years),6,China,3,Both,12,35-39 years,1007,Other non-Hodgkin lymphoma,1,Number,2021,55630.2651218595,68439.0840341918,43399.6411032179,105963255.636324,113982367.104433,98223075.7727965,6.82805,6.83,China,37
2989,2,DALYs (Disability-Adjusted Life Years),6,China,3,Both,13,40-44 years,1007,Other non-Hodgkin lymphoma,1,Number,2021,62656.0629370348,77996.7569659111,48540.0511625792,91533684.6415661,98456327.3467282,84852935.3102887,6.14735,6.15,China,42
2990,2,DALYs (Disability-Adjusted Life Years),6,China,3,Both,14,45-49 years,1007,Other non-Hodgkin lymphoma,1,Number,2021,92083.7849031724,116059.211054641,67732.5487258507,110321560.932227,118673842.978656,102258447.610609,5.51133,5.51,China,47
2991,2,DALYs (Disability-Adjusted Life Years),6,China,3,Both,15,50-54 years,1007,Other non-Hodgkin lymphoma,1,Number,2021,148111.428223914,187861.098003819,110048.493628737,120859033.528416,130013871.642202,112019245.908077,4.91312,4.91,China,52
2992,2,DALYs (Disability-Adjusted Life Years),6,China,3,Both,16,55-59 years,1007,Other non-Hodgkin lymphoma,1,Number,2021,169461.252887807,216208.009097337,127995.491198724,109942374.635099,118263065.390651,101910583.197243,4.34586,4.35,China,57
2993,2,DALYs (Disability-Adjusted Life Years),6,China,3,Both,17,60-64 years,1007,Other non-Hodgkin lymphoma,1,Number,2021,131093.445945488,163038.226464739,100267.171690365,73005166.3091959,78517317.8009865,67688365.1170174,3.68223,3.68,China,62
2994,2,DALYs (Disability-Adjusted Life Years),6,China,3,Both,18,65-69 years,1007,Other non-Hodgkin lymphoma,1,Number,2021,165234.90608783,202837.909794645,126103.96296744,76703511.9952277,82505405.7251053,71103984.5055564,2.98509,2.99,China,67
2995,2,DALYs (Disability-Adjusted Life Years),6,China,3,Both,19,70-74 years,1007,Other non-Hodgkin lymphoma,1,Number,2021,137807.785103892,167456.245352887,108090.710083887,53296442.1834049,57326053.2537987,49407824.0138524,2.26526,2.27,China,72
2996,2,DALYs (Disability-Adjusted Life Years),6,China,3,Both,20,75-79 years,1007,Other non-Hodgkin lymphoma,1,Number,2021,78066.7324096872,93914.2986901025,62193.5894867246,33118936.9198278,35625315.5381169,30699520.6511587,1.59758,1.6,China,77
2997,2,DALYs (Disability-Adjusted Life Years),6,China,3,Both,30,80-84 years,1007,Other non-Hodgkin lymphoma,1,Number,2021,41585.0491769527,50324.4936653822,33290.2200410801,19791855.9591958,21286111.2343708,18350461.7238033,1.09729,1.1,China,82
2998,2,DALYs (Disability-Adjusted Life Years),6,China,3,Both,31,85-89 years,1007,Other non-Hodgkin lymphoma,1,Number,2021,20538.2975131985,24597.9584351413,16362.8493591149,9525751.04389445,10241982.404179,8835708.05975537,0.604519,0.6,China,87
2999,2,DALYs (Disability-Adjusted Life Years),6,China,3,Both,32,90-94 years,1007,Other non-Hodgkin lymphoma,1,Number,2021,5607.2652258724,6815.10579179503,4465.58204782704,2931987.49508033,3150521.32934664,2722002.79218523,0.246663,0.25,China,92
3000,2,DALYs (Disability-Adjusted Life Years),6,China,3,Both,235,95+ years,1007,Other non-Hodgkin lymphoma,1,Number,2021,1135.07238070902,1410.71032400075,800.02428100345,639098.451282971,685273.852270942,595713.904194708,0.0785092,0.08,China,97
3001,2,DALYs (Disability-Adjusted Life Years),6,China,3,Both,10,25-29 years,1010,Other eye cancers,1,Number,2021,292.084033682301,398.723298337221,137.722562938345,86482070.9043593,93028056.7565448,80163484.4257888,7.59144,7.59,China,27
3002,2,DALYs (Disability-Adjusted Life Years),6,China,3,Both,11,30-34 years,1010,Other eye cancers,1,Number,2021,497.947165496241,675.522192195446,262.930907430472,121153279.502113,130331410.125577,112290557.790045,7.32171,7.32,China,32
3003,2,DALYs (Disability-Adjusted Life Years),6,China,3,Both,12,35-39 years,1010,Other eye cancers,1,Number,2021,487.532009523948,654.162378801876,258.855208938864,105963255.636324,113982367.104433,98223075.7727965,6.82805,6.83,China,37
3004,2,DALYs (Disability-Adjusted Life Years),6,China,3,Both,13,40-44 years,1010,Other eye cancers,1,Number,2021,692.311269167948,958.034515128125,417.602514498205,91533684.6415661,98456327.3467282,84852935.3102887,6.14735,6.15,China,42
3005,2,DALYs (Disability-Adjusted Life Years),6,China,3,Both,14,45-49 years,1010,Other eye cancers,1,Number,2021,927.207613379283,1351.51037262964,516.491079537591,110321560.932227,118673842.978656,102258447.610609,5.51133,5.51,China,47
3006,2,DALYs (Disability-Adjusted Life Years),6,China,3,Both,15,50-54 years,1010,Other eye cancers,1,Number,2021,1570.11200202141,2229.8182191041,898.062233181028,120859033.528416,130013871.642202,112019245.908077,4.91312,4.91,China,52
3007,2,DALYs (Disability-Adjusted Life Years),6,China,3,Both,16,55-59 years,1010,Other eye cancers,1,Number,2021,1748.76157069478,2505.56390534574,959.666195422298,109942374.635099,118263065.390651,101910583.197243,4.34586,4.35,China,57
3008,2,DALYs (Disability-Adjusted Life Years),6,China,3,Both,17,60-64 years,1010,Other eye cancers,1,Number,2021,1359.89201761719,1904.48508899599,758.407068928632,73005166.3091959,78517317.8009865,67688365.1170174,3.68223,3.68,China,62
3009,2,DALYs (Disability-Adjusted Life Years),6,China,3,Both,18,65-69 years,1010,Other eye cancers,1,Number,2021,2011.47481800834,2755.44508886508,1174.97110331592,76703511.9952277,82505405.7251053,71103984.5055564,2.98509,2.99,China,67
3010,2,DALYs (Disability-Adjusted Life Years),6,China,3,Both,19,70-74 years,1010,Other eye cancers,1,Number,2021,1910.63696686283,2580.77455771595,1073.51604922395,53296442.1834049,57326053.2537987,49407824.0138524,2.26526,2.27,China,72
3011,2,DALYs (Disability-Adjusted Life Years),6,China,3,Both,20,75-79 years,1010,Other eye cancers,1,Number,2021,1510.46329791971,2094.51163639467,760.866784922773,33118936.9198278,35625315.5381169,30699520.6511587,1.59758,1.6,China,77
3012,2,DALYs (Disability-Adjusted Life Years),6,China,3,Both,30,80-84 years,1010,Other eye cancers,1,Number,2021,1227.48639329045,1651.04763717903,609.412576039626,19791855.9591958,21286111.2343708,18350461.7238033,1.09729,1.1,China,82
3013,2,DALYs (Disability-Adjusted Life Years),6,China,3,Both,31,85-89 years,1010,Other eye cancers,1,Number,2021,810.735983384513,1124.9900749378,370.462402712666,9525751.04389445,10241982.404179,8835708.05975537,0.604519,0.6,China,87
3014,2,DALYs (Disability-Adjusted Life Years),6,China,3,Both,32,90-94 years,1010,Other eye cancers,1,Number,2021,298.907852383227,428.101823522899,127.283539507687,2931987.49508033,3150521.32934664,2722002.79218523,0.246663,0.25,China,92
3015,2,DALYs (Disability-Adjusted Life Years),6,China,3,Both,235,95+ years,1010,Other eye cancers,1,Number,2021,73.4051682038944,116.382125002353,24.8415981145863,639098.451282971,685273.852270942,595713.904194708,0.0785092,0.08,China,97
3016,2,DALYs (Disability-Adjusted Life Years),6,China,3,Both,10,25-29 years,1011,Soft tissue and other extraosseous sarcomas,1,Number,2021,2513.07867201231,3664.19859311962,1758.96690524742,86482070.9043593,93028056.7565448,80163484.4257888,7.59144,7.59,China,27
3017,2,DALYs (Disability-Adjusted Life Years),6,China,3,Both,11,30-34 years,1011,Soft tissue and other extraosseous sarcomas,1,Number,2021,4470.77386700742,6769.57824861289,3123.81584237408,121153279.502113,130331410.125577,112290557.790045,7.32171,7.32,China,32
3018,2,DALYs (Disability-Adjusted Life Years),6,China,3,Both,12,35-39 years,1011,Soft tissue and other extraosseous sarcomas,1,Number,2021,4914.9897121599,7508.14052796755,3405.36332008873,105963255.636324,113982367.104433,98223075.7727965,6.82805,6.83,China,37
3019,2,DALYs (Disability-Adjusted Life Years),6,China,3,Both,13,40-44 years,1011,Soft tissue and other extraosseous sarcomas,1,Number,2021,6782.45930592332,10242.5152591937,4483.32840764043,91533684.6415661,98456327.3467282,84852935.3102887,6.14735,6.15,China,42
3020,2,DALYs (Disability-Adjusted Life Years),6,China,3,Both,14,45-49 years,1011,Soft tissue and other extraosseous sarcomas,1,Number,2021,7980.32408823871,12008.6856175107,5442.01676718281,110321560.932227,118673842.978656,102258447.610609,5.51133,5.51,China,47
3021,2,DALYs (Disability-Adjusted Life Years),6,China,3,Both,15,50-54 years,1011,Soft tissue and other extraosseous sarcomas,1,Number,2021,11549.833090351,16934.9920137667,8027.92669691814,120859033.528416,130013871.642202,112019245.908077,4.91312,4.91,China,52
3022,2,DALYs (Disability-Adjusted Life Years),6,China,3,Both,16,55-59 years,1011,Soft tissue and other extraosseous sarcomas,1,Number,2021,13126.0996685488,19578.0259410062,8875.54328799947,109942374.635099,118263065.390651,101910583.197243,4.34586,4.35,China,57
3023,2,DALYs (Disability-Adjusted Life Years),6,China,3,Both,17,60-64 years,1011,Soft tissue and other extraosseous sarcomas,1,Number,2021,12773.0565762333,18193.2906692457,8783.75006923531,73005166.3091959,78517317.8009865,67688365.1170174,3.68223,3.68,China,62
3024,2,DALYs (Disability-Adjusted Life Years),6,China,3,Both,18,65-69 years,1011,Soft tissue and other extraosseous sarcomas,1,Number,2021,15394.225175469,22213.3132460175,10335.3813770756,76703511.9952277,82505405.7251053,71103984.5055564,2.98509,2.99,China,67
3025,2,DALYs (Disability-Adjusted Life Years),6,China,3,Both,19,70-74 years,1011,Soft tissue and other extraosseous sarcomas,1,Number,2021,13433.5519026148,18601.4608203376,9286.03781773533,53296442.1834049,57326053.2537987,49407824.0138524,2.26526,2.27,China,72
3026,2,DALYs (Disability-Adjusted Life Years),6,China,3,Both,20,75-79 years,1011,Soft tissue and other extraosseous sarcomas,1,Number,2021,9070.9746541845,12375.894056119,6011.81747596024,33118936.9198278,35625315.5381169,30699520.6511587,1.59758,1.6,China,77
3027,2,DALYs (Disability-Adjusted Life Years),6,China,3,Both,30,80-84 years,1011,Soft tissue and other extraosseous sarcomas,1,Number,2021,7391.59760862203,10333.7395538135,5311.04184156098,19791855.9591958,21286111.2343708,18350461.7238033,1.09729,1.1,China,82
3028,2,DALYs (Disability-Adjusted Life Years),6,China,3,Both,31,85-89 years,1011,Soft tissue and other extraosseous sarcomas,1,Number,2021,4339.47299646995,6167.62763367004,3035.34033199604,9525751.04389445,10241982.404179,8835708.05975537,0.604519,0.6,China,87
3029,2,DALYs (Disability-Adjusted Life Years),6,China,3,Both,32,90-94 years,1011,Soft tissue and other extraosseous sarcomas,1,Number,2021,1284.98882523842,1802.60384532617,899.22989360273,2931987.49508033,3150521.32934664,2722002.79218523,0.246663,0.25,China,92
3030,2,DALYs (Disability-Adjusted Life Years),6,China,3,Both,235,95+ years,1011,Soft tissue and other extraosseous sarcomas,1,Number,2021,164.245740836141,223.602326159343,108.512897952652,639098.451282971,685273.852270942,595713.904194708,0.0785092,0.08,China,97
3031,2,DALYs (Disability-Adjusted Life Years),6,China,3,Both,10,25-29 years,1012,Malignant neoplasm of bone and articular cartilage,1,Number,2021,13254.0262915107,17790.2348662825,8144.98979376553,86482070.9043593,93028056.7565448,80163484.4257888,7.59144,7.59,China,27
3032,2,DALYs (Disability-Adjusted Life Years),6,China,3,Both,11,30-34 years,1012,Malignant neoplasm of bone and articular cartilage,1,Number,2021,16746.6306163016,22943.6008731131,10389.0818793023,121153279.502113,130331410.125577,112290557.790045,7.32171,7.32,China,32
3033,2,DALYs (Disability-Adjusted Life Years),6,China,3,Both,12,35-39 years,1012,Malignant neoplasm of bone and articular cartilage,1,Number,2021,17990.7589928589,24294.3871435695,11448.7068516504,105963255.636324,113982367.104433,98223075.7727965,6.82805,6.83,China,37
3034,2,DALYs (Disability-Adjusted Life Years),6,China,3,Both,13,40-44 years,1012,Malignant neoplasm of bone and articular cartilage,1,Number,2021,21842.4781475892,29182.0605142432,13548.1553757083,91533684.6415661,98456327.3467282,84852935.3102887,6.14735,6.15,China,42
3035,2,DALYs (Disability-Adjusted Life Years),6,China,3,Both,14,45-49 years,1012,Malignant neoplasm of bone and articular cartilage,1,Number,2021,31243.8590924501,42331.157291136,19115.5151396492,110321560.932227,118673842.978656,102258447.610609,5.51133,5.51,China,47
3036,2,DALYs (Disability-Adjusted Life Years),6,China,3,Both,15,50-54 years,1012,Malignant neoplasm of bone and articular cartilage,1,Number,2021,48557.0346265969,66128.9401613786,29788.1286176467,120859033.528416,130013871.642202,112019245.908077,4.91312,4.91,China,52
3037,2,DALYs (Disability-Adjusted Life Years),6,China,3,Both,16,55-59 years,1012,Malignant neoplasm of bone and articular cartilage,1,Number,2021,61433.3702914007,84775.5282292424,38477.9557171888,109942374.635099,118263065.390651,101910583.197243,4.34586,4.35,China,57
3038,2,DALYs (Disability-Adjusted Life Years),6,China,3,Both,17,60-64 years,1012,Malignant neoplasm of bone and articular cartilage,1,Number,2021,53975.9306602088,73774.3825331425,32935.7516081414,73005166.3091959,78517317.8009865,67688365.1170174,3.68223,3.68,China,62
3039,2,DALYs (Disability-Adjusted Life Years),6,China,3,Both,18,65-69 years,1012,Malignant neoplasm of bone and articular cartilage,1,Number,2021,68566.3399949634,94676.3678148317,40084.0686823086,76703511.9952277,82505405.7251053,71103984.5055564,2.98509,2.99,China,67
3040,2,DALYs (Disability-Adjusted Life Years),6,China,3,Both,19,70-74 years,1012,Malignant neoplasm of bone and articular cartilage,1,Number,2021,58011.2680727362,78399.485678586,35003.0860173162,53296442.1834049,57326053.2537987,49407824.0138524,2.26526,2.27,China,72
3041,2,DALYs (Disability-Adjusted Life Years),6,China,3,Both,20,75-79 years,1012,Malignant neoplasm of bone and articular cartilage,1,Number,2021,36469.5438834802,48668.5525888489,22423.3581779499,33118936.9198278,35625315.5381169,30699520.6511587,1.59758,1.6,China,77
3042,2,DALYs (Disability-Adjusted Life Years),6,China,3,Both,30,80-84 years,1012,Malignant neoplasm of bone and articular cartilage,1,Number,2021,20112.6543978027,26978.6008109238,12269.6995676749,19791855.9591958,21286111.2343708,18350461.7238033,1.09729,1.1,China,82
3043,2,DALYs (Disability-Adjusted Life Years),6,China,3,Both,31,85-89 years,1012,Malignant neoplasm of bone and articular cartilage,1,Number,2021,9508.15351190274,12957.1204185848,5664.46138815983,9525751.04389445,10241982.404179,8835708.05975537,0.604519,0.6,China,87
3044,2,DALYs (Disability-Adjusted Life Years),6,China,3,Both,32,90-94 years,1012,Malignant neoplasm of bone and articular cartilage,1,Number,2021,2429.60243077711,3206.84906149971,1478.47823720686,2931987.49508033,3150521.32934664,2722002.79218523,0.246663,0.25,China,92
3045,2,DALYs (Disability-Adjusted Life Years),6,China,3,Both,235,95+ years,1012,Malignant neoplasm of bone and articular cartilage,1,Number,2021,414.680187724954,582.710090032809,243.700939717008,639098.451282971,685273.852270942,595713.904194708,0.0785092,0.08,China,97
3046,2,DALYs (Disability-Adjusted Life Years),6,China,3,Both,10,25-29 years,1013,Neuroblastoma and other peripheral nervous cell tumors,1,Number,2021,1321.35914676166,1665.88616809208,1032.59340791713,86482070.9043593,93028056.7565448,80163484.4257888,7.59144,7.59,China,27
3047,2,DALYs (Disability-Adjusted Life Years),6,China,3,Both,11,30-34 years,1013,Neuroblastoma and other peripheral nervous cell tumors,1,Number,2021,2122.26358877998,2627.39413376524,1647.19059398039,121153279.502113,130331410.125577,112290557.790045,7.32171,7.32,China,32
3048,2,DALYs (Disability-Adjusted Life Years),6,China,3,Both,12,35-39 years,1013,Neuroblastoma and other peripheral nervous cell tumors,1,Number,2021,1875.60944634498,2310.35382324785,1449.40891243675,105963255.636324,113982367.104433,98223075.7727965,6.82805,6.83,China,37
3049,2,DALYs (Disability-Adjusted Life Years),6,China,3,Both,13,40-44 years,1013,Neuroblastoma and other peripheral nervous cell tumors,1,Number,2021,1653.52579242897,2089.67010664292,1259.11932503691,91533684.6415661,98456327.3467282,84852935.3102887,6.14735,6.15,China,42
3050,2,DALYs (Disability-Adjusted Life Years),6,China,3,Both,14,45-49 years,1013,Neuroblastoma and other peripheral nervous cell tumors,1,Number,2021,2196.17035718799,2802.13245421282,1588.8041405552,110321560.932227,118673842.978656,102258447.610609,5.51133,5.51,China,47
3051,2,DALYs (Disability-Adjusted Life Years),6,China,3,Both,15,50-54 years,1013,Neuroblastoma and other peripheral nervous cell tumors,1,Number,2021,3171.22066842625,4070.54473455252,2238.87552873417,120859033.528416,130013871.642202,112019245.908077,4.91312,4.91,China,52
3052,2,DALYs (Disability-Adjusted Life Years),6,China,3,Both,16,55-59 years,1013,Neuroblastoma and other peripheral nervous cell tumors,1,Number,2021,3310.81079771303,4289.11649955332,2292.61471744787,109942374.635099,118263065.390651,101910583.197243,4.34586,4.35,China,57
3053,2,DALYs (Disability-Adjusted Life Years),6,China,3,Both,17,60-64 years,1013,Neuroblastoma and other peripheral nervous cell tumors,1,Number,2021,2476.16078297958,3201.86026855988,1703.73072302567,73005166.3091959,78517317.8009865,67688365.1170174,3.68223,3.68,China,62
3054,2,DALYs (Disability-Adjusted Life Years),6,China,3,Both,18,65-69 years,1013,Neuroblastoma and other peripheral nervous cell tumors,1,Number,2021,2904.97954727774,3760.42096637515,1938.99990683946,76703511.9952277,82505405.7251053,71103984.5055564,2.98509,2.99,China,67
3055,2,DALYs (Disability-Adjusted Life Years),6,China,3,Both,19,70-74 years,1013,Neuroblastoma and other peripheral nervous cell tumors,1,Number,2021,2460.57330730306,3085.05935516271,1680.87590063856,53296442.1834049,57326053.2537987,49407824.0138524,2.26526,2.27,China,72
3056,2,DALYs (Disability-Adjusted Life Years),6,China,3,Both,20,75-79 years,1013,Neuroblastoma and other peripheral nervous cell tumors,1,Number,2021,1358.33212972381,1703.04531419219,942.170282380388,33118936.9198278,35625315.5381169,30699520.6511587,1.59758,1.6,China,77
3057,2,DALYs (Disability-Adjusted Life Years),6,China,3,Both,30,80-84 years,1013,Neuroblastoma and other peripheral nervous cell tumors,1,Number,2021,720.858063001623,894.861115867044,512.205003279181,19791855.9591958,21286111.2343708,18350461.7238033,1.09729,1.1,China,82
3058,2,DALYs (Disability-Adjusted Life Years),6,China,3,Both,31,85-89 years,1013,Neuroblastoma and other peripheral nervous cell tumors,1,Number,2021,423.177782234195,517.145887926906,280.969116926502,9525751.04389445,10241982.404179,8835708.05975537,0.604519,0.6,China,87
3059,2,DALYs (Disability-Adjusted Life Years),6,China,3,Both,32,90-94 years,1013,Neuroblastoma and other peripheral nervous cell tumors,1,Number,2021,120.56113421041,150.577416417367,81.8689052667494,2931987.49508033,3150521.32934664,2722002.79218523,0.246663,0.25,China,92
3060,2,DALYs (Disability-Adjusted Life Years),6,China,3,Both,235,95+ years,1013,Neuroblastoma and other peripheral nervous cell tumors,1,Number,2021,27.1785192518686,38.4540004436068,13.7046019018855,639098.451282971,685273.852270942,595713.904194708,0.0785092,0.08,China,97
