measure_id,measure_name,location_id,location_name.x,sex_id,sex_name,age_id,age_name,cause_id,cause_name,metric_id,metric_name,year,val,upper,lower,note,location_name.y,val_pop,upper_pop,lower_pop,age_standard_pop_proportion,age_standard_pop_ratio
2,DALYs (Disability-Adjusted Life Years),1,Global,3,Both,10,25-29 years,302,Diarrheal diseases,1,Number,2021,1301087.96248901,1963176.5672989,916412.037709189,I_include,Global,588343218.626762,607422118.669863,570487097.318648,7.59144,7.59
2,DALYs (Disability-Adjusted Life Years),1,Global,3,Both,11,30-34 years,302,Diarrheal diseases,1,Number,2021,1240756.25663508,1832804.36336384,888397.50937495,I_include,Global,604480174.775885,623603836.164416,586195014.793618,7.32171,7.32
2,DALYs (Disability-Adjusted Life Years),1,Global,3,Both,12,35-39 years,302,Diarrheal diseases,1,Number,2021,1205562.86920114,1765001.61341157,834206.519181558,I_include,Global,560866105.914554,578297964.608428,544251815.345755,6.82805,6.83
2,DALYs (Disability-Adjusted Life Years),1,Global,3,Both,13,40-44 years,302,Diarrheal diseases,1,Number,2021,1144876.24651428,1681924.65471218,793127.302826786,I_include,Global,500250795.605694,515432478.206861,485928430.82182,6.14735,6.15
2,DALYs (Disability-Adjusted Life Years),1,Global,3,Both,14,45-49 years,302,Diarrheal diseases,1,Number,2021,1158652.6200199,1754689.10785262,788689.239069292,I_include,Global,473504625.903218,487919674.240222,460213135.719539,5.51133,5.51
2,DALYs (Disability-Adjusted Life Years),1,Global,3,Both,15,50-54 years,302,Diarrheal diseases,1,Number,2021,1285737.25602763,1969228.83518181,846161.929800439,I_include,Global,444922982.841121,458714304.258768,432300957.286386,4.91312,4.91
2,DALYs (Disability-Adjusted Life Years),1,Global,3,Both,16,55-59 years,302,Diarrheal diseases,1,Number,2021,1454914.20493891,2191440.56455769,946140.020811841,I_include,Global,395728004,407669300.348216,384764582.368839,4.34586,4.35
2,DALYs (Disability-Adjusted Life Years),1,Global,3,Both,17,60-64 years,302,Diarrheal diseases,1,Number,2021,1696653.50788444,2583901.7996125,1059552.68058603,I_include,Global,320047853.312832,329387624.27068,311524379.587396,3.68223,3.68
2,DALYs (Disability-Adjusted Life Years),1,Global,3,Both,18,65-69 years,302,Diarrheal diseases,1,Number,2021,1932868.51151976,3055566.2194284,1186917.9398878,I_include,Global,275842158.522357,284217678.194795,268116931.088218,2.98509,2.99
2,DALYs (Disability-Adjusted Life Years),1,Global,3,Both,19,70-74 years,302,Diarrheal diseases,1,Number,2021,2285283.61940676,3640323.30834275,1353097.77318979,I_include,Global,205839220.385999,211972020.164289,200406728.542811,2.26526,2.27
2,DALYs (Disability-Adjusted Life Years),1,Global,3,Both,20,75-79 years,302,Diarrheal diseases,1,Number,2021,1873349.34154107,2919953.31794935,1160007.33326932,I_include,Global,131884404.580217,135613447.4,128518633.372437,1.59758,1.6
2,DALYs (Disability-Adjusted Life Years),1,Global,3,Both,30,80-84 years,302,Diarrheal diseases,1,Number,2021,1611718.79264612,2466676.13997829,996307.543217036,I_include,Global,87583056.918491,89948887.7796038,85481848.25,1.09729,1.1
2,DALYs (Disability-Adjusted Life Years),1,Global,3,Both,31,85-89 years,302,Diarrheal diseases,1,Number,2021,964031.631274313,1504477.62320936,642732.837615059,I_include,Global,45721791.0517717,46852862.726504,44709230.7009568,0.604519,0.6
2,DALYs (Disability-Adjusted Life Years),1,Global,3,Both,32,90-94 years,302,Diarrheal diseases,1,Number,2021,438304.955454453,660492.211529401,287185.092138518,I_include,Global,17889373.591415,18289317.0157285,17518670.986049,0.246663,0.25
2,DALYs (Disability-Adjusted Life Years),1,Global,3,Both,235,95+ years,302,Diarrheal diseases,1,Number,2021,153855.510499588,225685.533046464,99664.086951671,I_include,Global,5450308.67493343,5569992.58267677,5337366.13587716,0.0785092,0.08
2,DALYs (Disability-Adjusted Life Years),1,Global,3,Both,10,25-29 years,322,Lower respiratory infections,1,Number,2021,1078934.38514075,1195036.40446254,979454.216832967,I_include,Global,588343218.626762,607422118.669863,570487097.318648,7.59144,7.59
2,DALYs (Disability-Adjusted Life Years),1,Global,3,Both,11,30-34 years,322,Lower respiratory infections,1,Number,2021,1166613.93313685,1276069.3191852,1065910.05946912,I_include,Global,604480174.775885,623603836.164416,586195014.793618,7.32171,7.32
2,DALYs (Disability-Adjusted Life Years),1,Global,3,Both,12,35-39 years,322,Lower respiratory infections,1,Number,2021,1323054.43832696,1430339.04859597,1220927.42948367,I_include,Global,560866105.914554,578297964.608428,544251815.345755,6.82805,6.83
2,DALYs (Disability-Adjusted Life Years),1,Global,3,Both,13,40-44 years,322,Lower respiratory infections,1,Number,2021,1509204.20547971,1641008.58134901,1389921.80328229,I_include,Global,500250795.605694,515432478.206861,485928430.82182,6.14735,6.15
2,DALYs (Disability-Adjusted Life Years),1,Global,3,Both,14,45-49 years,322,Lower respiratory infections,1,Number,2021,1677065.46471367,1836047.27053837,1551761.65385038,I_include,Global,473504625.903218,487919674.240222,460213135.719539,5.51133,5.51
2,DALYs (Disability-Adjusted Life Years),1,Global,3,Both,15,50-54 years,322,Lower respiratory infections,1,Number,2021,2025093.77056871,2197611.5176569,1858643.72907841,I_include,Global,444922982.841121,458714304.258768,432300957.286386,4.91312,4.91
2,DALYs (Disability-Adjusted Life Years),1,Global,3,Both,16,55-59 years,322,Lower respiratory infections,1,Number,2021,2443259.92094693,2660941.08980606,2230308.48134341,I_include,Global,395728004,407669300.348216,384764582.368839,4.34586,4.35
2,DALYs (Disability-Adjusted Life Years),1,Global,3,Both,17,60-64 years,322,Lower respiratory infections,1,Number,2021,3031598.72908709,3273108.29192973,2749720.09104792,I_include,Global,320047853.312832,329387624.27068,311524379.587396,3.68223,3.68
2,DALYs (Disability-Adjusted Life Years),1,Global,3,Both,18,65-69 years,322,Lower respiratory infections,1,Number,2021,3399711.23092231,3683935.89773126,3076874.71874433,I_include,Global,275842158.522357,284217678.194795,268116931.088218,2.98509,2.99
2,DALYs (Disability-Adjusted Life Years),1,Global,3,Both,19,70-74 years,322,Lower respiratory infections,1,Number,2021,3670010.27496915,3976310.75126381,3348367.28798349,I_include,Global,205839220.385999,211972020.164289,200406728.542811,2.26526,2.27
2,DALYs (Disability-Adjusted Life Years),1,Global,3,Both,20,75-79 years,322,Lower respiratory infections,1,Number,2021,3294903.80835462,3630098.23145211,2984714.75736669,I_include,Global,131884404.580217,135613447.4,128518633.372437,1.59758,1.6
2,DALYs (Disability-Adjusted Life Years),1,Global,3,Both,30,80-84 years,322,Lower respiratory infections,1,Number,2021,3073149.93848352,3373926.1749857,2715053.41308847,I_include,Global,87583056.918491,89948887.7796038,85481848.25,1.09729,1.1
2,DALYs (Disability-Adjusted Life Years),1,Global,3,Both,31,85-89 years,322,Lower respiratory infections,1,Number,2021,2339883.67929977,2581827.27629363,2023510.09245675,I_include,Global,45721791.0517717,46852862.726504,44709230.7009568,0.604519,0.6
2,DALYs (Disability-Adjusted Life Years),1,Global,3,Both,32,90-94 years,322,Lower respiratory infections,1,Number,2021,1441724.61675098,1599366.07475023,1167881.83778477,I_include,Global,17889373.591415,18289317.0157285,17518670.986049,0.246663,0.25
2,DALYs (Disability-Adjusted Life Years),1,Global,3,Both,235,95+ years,322,Lower respiratory infections,1,Number,2021,643199.937923066,730262.976629546,472189.252420487,I_include,Global,5450308.67493343,5569992.58267677,5337366.13587716,0.0785092,0.08
2,DALYs (Disability-Adjusted Life Years),1,Global,3,Both,10,25-29 years,332,Meningitis,1,Number,2021,444658.52486394,518290.341992452,393329.836899295,I_include,Global,588343218.626762,607422118.669863,570487097.318648,7.59144,7.59
2,DALYs (Disability-Adjusted Life Years),1,Global,3,Both,11,30-34 years,332,Meningitis,1,Number,2021,409581.408663933,471179.422019553,367267.584629908,I_include,Global,604480174.775885,623603836.164416,586195014.793618,7.32171,7.32
2,DALYs (Disability-Adjusted Life Years),1,Global,3,Both,12,35-39 years,332,Meningitis,1,Number,2021,379583.724753561,442020.5419,340772.188333179,I_include,Global,560866105.914554,578297964.608428,544251815.345755,6.82805,6.83
2,DALYs (Disability-Adjusted Life Years),1,Global,3,Both,13,40-44 years,332,Meningitis,1,Number,2021,333482.982646744,380482.911806086,300123.424423837,I_include,Global,500250795.605694,515432478.206861,485928430.82182,6.14735,6.15
2,DALYs (Disability-Adjusted Life Years),1,Global,3,Both,14,45-49 years,332,Meningitis,1,Number,2021,327726.133510555,380104.35871491,293910.066336091,I_include,Global,473504625.903218,487919674.240222,460213135.719539,5.51133,5.51
2,DALYs (Disability-Adjusted Life Years),1,Global,3,Both,15,50-54 years,332,Meningitis,1,Number,2021,290801.979139585,333846.283773464,262182.751006045,I_include,Global,444922982.841121,458714304.258768,432300957.286386,4.91312,4.91
2,DALYs (Disability-Adjusted Life Years),1,Global,3,Both,16,55-59 years,332,Meningitis,1,Number,2021,267658.190515712,305442.341828129,242925.223353748,I_include,Global,395728004,407669300.348216,384764582.368839,4.34586,4.35
2,DALYs (Disability-Adjusted Life Years),1,Global,3,Both,17,60-64 years,332,Meningitis,1,Number,2021,209072.743932869,234723.964734042,190590.215018235,I_include,Global,320047853.312832,329387624.27068,311524379.587396,3.68223,3.68
2,DALYs (Disability-Adjusted Life Years),1,Global,3,Both,18,65-69 years,332,Meningitis,1,Number,2021,183687.290309593,205661.272327917,168962.89834527,I_include,Global,275842158.522357,284217678.194795,268116931.088218,2.98509,2.99
2,DALYs (Disability-Adjusted Life Years),1,Global,3,Both,19,70-74 years,332,Meningitis,1,Number,2021,160418.540834084,178395.089097869,147405.105253559,I_include,Global,205839220.385999,211972020.164289,200406728.542811,2.26526,2.27
2,DALYs (Disability-Adjusted Life Years),1,Global,3,Both,20,75-79 years,332,Meningitis,1,Number,2021,98440.0623685586,108652.139064145,91111.5845847169,I_include,Global,131884404.580217,135613447.4,128518633.372437,1.59758,1.6
2,DALYs (Disability-Adjusted Life Years),1,Global,3,Both,30,80-84 years,332,Meningitis,1,Number,2021,74347.6244659814,81844.2768251836,67513.2203171192,I_include,Global,87583056.918491,89948887.7796038,85481848.25,1.09729,1.1
2,DALYs (Disability-Adjusted Life Years),1,Global,3,Both,31,85-89 years,332,Meningitis,1,Number,2021,36852.2148389912,40360.8274186578,32325.4393626662,I_include,Global,45721791.0517717,46852862.726504,44709230.7009568,0.604519,0.6
2,DALYs (Disability-Adjusted Life Years),1,Global,3,Both,32,90-94 years,332,Meningitis,1,Number,2021,15118.1389885123,16621.8326572884,12859.6117235825,I_include,Global,17889373.591415,18289317.0157285,17518670.986049,0.246663,0.25
2,DALYs (Disability-Adjusted Life Years),1,Global,3,Both,235,95+ years,332,Meningitis,1,Number,2021,5441.35095859784,6125.750814,4269.33277366375,I_include,Global,5450308.67493343,5569992.58267677,5337366.13587716,0.0785092,0.08
2,DALYs (Disability-Adjusted Life Years),1,Global,3,Both,10,25-29 years,337,Encephalitis,1,Number,2021,189811.39017711,224035.838307086,162510.889017324,I_include,Global,588343218.626762,607422118.669863,570487097.318648,7.59144,7.59
2,DALYs (Disability-Adjusted Life Years),1,Global,3,Both,11,30-34 years,337,Encephalitis,1,Number,2021,203974.561654352,237157.685346399,172629.000837271,I_include,Global,604480174.775885,623603836.164416,586195014.793618,7.32171,7.32
2,DALYs (Disability-Adjusted Life Years),1,Global,3,Both,12,35-39 years,337,Encephalitis,1,Number,2021,178429.696050552,211481.073058335,151023.170489436,I_include,Global,560866105.914554,578297964.608428,544251815.345755,6.82805,6.83
2,DALYs (Disability-Adjusted Life Years),1,Global,3,Both,13,40-44 years,337,Encephalitis,1,Number,2021,188785.208125465,232363.929798149,158832.760063791,I_include,Global,500250795.605694,515432478.206861,485928430.82182,6.14735,6.15
2,DALYs (Disability-Adjusted Life Years),1,Global,3,Both,14,45-49 years,337,Encephalitis,1,Number,2021,156204.836577678,188805.459651764,134047.228809716,I_include,Global,473504625.903218,487919674.240222,460213135.719539,5.51133,5.51
2,DALYs (Disability-Adjusted Life Years),1,Global,3,Both,15,50-54 years,337,Encephalitis,1,Number,2021,142489.683706731,180258.689009568,121379.068845416,I_include,Global,444922982.841121,458714304.258768,432300957.286386,4.91312,4.91
2,DALYs (Disability-Adjusted Life Years),1,Global,3,Both,16,55-59 years,337,Encephalitis,1,Number,2021,161120.955602699,198417.168139355,136751.131756777,I_include,Global,395728004,407669300.348216,384764582.368839,4.34586,4.35
2,DALYs (Disability-Adjusted Life Years),1,Global,3,Both,17,60-64 years,337,Encephalitis,1,Number,2021,161824.852155694,196130.264611904,138935.021041094,I_include,Global,320047853.312832,329387624.27068,311524379.587396,3.68223,3.68
2,DALYs (Disability-Adjusted Life Years),1,Global,3,Both,18,65-69 years,337,Encephalitis,1,Number,2021,154549.97611154,188755.850279195,132792.437458479,I_include,Global,275842158.522357,284217678.194795,268116931.088218,2.98509,2.99
2,DALYs (Disability-Adjusted Life Years),1,Global,3,Both,19,70-74 years,337,Encephalitis,1,Number,2021,160036.641041735,190850.908229984,136760.903341171,I_include,Global,205839220.385999,211972020.164289,200406728.542811,2.26526,2.27
2,DALYs (Disability-Adjusted Life Years),1,Global,3,Both,20,75-79 years,337,Encephalitis,1,Number,2021,119103.067536879,142276.434139766,98035.0887999208,I_include,Global,131884404.580217,135613447.4,128518633.372437,1.59758,1.6
2,DALYs (Disability-Adjusted Life Years),1,Global,3,Both,30,80-84 years,337,Encephalitis,1,Number,2021,80473.552711447,99095.5719218312,65094.2308694717,I_include,Global,87583056.918491,89948887.7796038,85481848.25,1.09729,1.1
2,DALYs (Disability-Adjusted Life Years),1,Global,3,Both,31,85-89 years,337,Encephalitis,1,Number,2021,40183.5052053049,48619.2875835992,31425.1662594033,I_include,Global,45721791.0517717,46852862.726504,44709230.7009568,0.604519,0.6
2,DALYs (Disability-Adjusted Life Years),1,Global,3,Both,32,90-94 years,337,Encephalitis,1,Number,2021,14501.2479940835,17565.5268268276,11531.5261436246,I_include,Global,17889373.591415,18289317.0157285,17518670.986049,0.246663,0.25
2,DALYs (Disability-Adjusted Life Years),1,Global,3,Both,235,95+ years,337,Encephalitis,1,Number,2021,5132.7963238959,6206.01727418239,3769.45553973935,I_include,Global,5450308.67493343,5569992.58267677,5337366.13587716,0.0785092,0.08
2,DALYs (Disability-Adjusted Life Years),1,Global,3,Both,10,25-29 years,342,Varicella and herpes zoster,1,Number,2021,22820.5330286284,31260.5773509321,16808.7638298305,I_include,Global,588343218.626762,607422118.669863,570487097.318648,7.59144,7.59
2,DALYs (Disability-Adjusted Life Years),1,Global,3,Both,11,30-34 years,342,Varicella and herpes zoster,1,Number,2021,27088.1821251131,36157.9849110573,20885.4623353264,I_include,Global,604480174.775885,623603836.164416,586195014.793618,7.32171,7.32
2,DALYs (Disability-Adjusted Life Years),1,Global,3,Both,12,35-39 years,342,Varicella and herpes zoster,1,Number,2021,24542.5709957935,33605.0970662585,18109.9475544415,I_include,Global,560866105.914554,578297964.608428,544251815.345755,6.82805,6.83
2,DALYs (Disability-Adjusted Life Years),1,Global,3,Both,13,40-44 years,342,Varicella and herpes zoster,1,Number,2021,19727.6897938511,29501.7499496404,12981.03976,I_include,Global,500250795.605694,515432478.206861,485928430.82182,6.14735,6.15
2,DALYs (Disability-Adjusted Life Years),1,Global,3,Both,14,45-49 years,342,Varicella and herpes zoster,1,Number,2021,20985.4360155005,31391.4001251915,13572.7845762065,I_include,Global,473504625.903218,487919674.240222,460213135.719539,5.51133,5.51
2,DALYs (Disability-Adjusted Life Years),1,Global,3,Both,15,50-54 years,342,Varicella and herpes zoster,1,Number,2021,24471.89217,35216.6588619085,15940.163363701,I_include,Global,444922982.841121,458714304.258768,432300957.286386,4.91312,4.91
2,DALYs (Disability-Adjusted Life Years),1,Global,3,Both,16,55-59 years,342,Varicella and herpes zoster,1,Number,2021,26482.6879680283,38706.4534983923,16516.5668831109,I_include,Global,395728004,407669300.348216,384764582.368839,4.34586,4.35
2,DALYs (Disability-Adjusted Life Years),1,Global,3,Both,17,60-64 years,342,Varicella and herpes zoster,1,Number,2021,26080.3369570697,38864.413145132,15574.7737721516,I_include,Global,320047853.312832,329387624.27068,311524379.587396,3.68223,3.68
2,DALYs (Disability-Adjusted Life Years),1,Global,3,Both,18,65-69 years,342,Varicella and herpes zoster,1,Number,2021,30420.4273507147,42622.8073046207,20619.8078479204,I_include,Global,275842158.522357,284217678.194795,268116931.088218,2.98509,2.99
2,DALYs (Disability-Adjusted Life Years),1,Global,3,Both,19,70-74 years,342,Varicella and herpes zoster,1,Number,2021,26125.979817376,35763.3358383923,18882.6206978101,I_include,Global,205839220.385999,211972020.164289,200406728.542811,2.26526,2.27
2,DALYs (Disability-Adjusted Life Years),1,Global,3,Both,20,75-79 years,342,Varicella and herpes zoster,1,Number,2021,24572.1236368636,32600.7391285297,18788.0920843622,I_include,Global,131884404.580217,135613447.4,128518633.372437,1.59758,1.6
2,DALYs (Disability-Adjusted Life Years),1,Global,3,Both,30,80-84 years,342,Varicella and herpes zoster,1,Number,2021,24200.0514015846,30960.7306391338,19307.3664575066,I_include,Global,87583056.918491,89948887.7796038,85481848.25,1.09729,1.1
2,DALYs (Disability-Adjusted Life Years),1,Global,3,Both,31,85-89 years,342,Varicella and herpes zoster,1,Number,2021,20268.8404330207,24493.1087017523,16844.3582256119,I_include,Global,45721791.0517717,46852862.726504,44709230.7009568,0.604519,0.6
2,DALYs (Disability-Adjusted Life Years),1,Global,3,Both,32,90-94 years,342,Varicella and herpes zoster,1,Number,2021,11594.4252018879,13707.8076789505,9642.45185724182,I_include,Global,17889373.591415,18289317.0157285,17518670.986049,0.246663,0.25
2,DALYs (Disability-Adjusted Life Years),1,Global,3,Both,235,95+ years,342,Varicella and herpes zoster,1,Number,2021,6251.39686610509,7391.453339,4784.71058508618,I_include,Global,5450308.67493343,5569992.58267677,5337366.13587716,0.0785092,0.08
2,DALYs (Disability-Adjusted Life Years),1,Global,3,Both,10,25-29 years,435,Uterine cancer,1,Number,2021,17585.1082420245,20981.8967521344,13621.5560177296,I_include,Global,588343218.626762,607422118.669863,570487097.318648,7.59144,7.59
2,DALYs (Disability-Adjusted Life Years),1,Global,3,Both,11,30-34 years,435,Uterine cancer,1,Number,2021,33559.1054771459,39997.0323314604,26670.7279970958,I_include,Global,604480174.775885,623603836.164416,586195014.793618,7.32171,7.32
2,DALYs (Disability-Adjusted Life Years),1,Global,3,Both,12,35-39 years,435,Uterine cancer,1,Number,2021,57225.469146663,65818.9753284981,46662.9527032153,I_include,Global,560866105.914554,578297964.608428,544251815.345755,6.82805,6.83
2,DALYs (Disability-Adjusted Life Years),1,Global,3,Both,13,40-44 years,435,Uterine cancer,1,Number,2021,94692.4699851309,107441.675563144,78822.464735544,I_include,Global,500250795.605694,515432478.206861,485928430.82182,6.14735,6.15
2,DALYs (Disability-Adjusted Life Years),1,Global,3,Both,14,45-49 years,435,Uterine cancer,1,Number,2021,162000.101896363,181683.779909456,136164.286076824,I_include,Global,473504625.903218,487919674.240222,460213135.719539,5.51133,5.51
2,DALYs (Disability-Adjusted Life Years),1,Global,3,Both,15,50-54 years,435,Uterine cancer,1,Number,2021,252884.816250134,289245.149686407,213908.51546837,I_include,Global,444922982.841121,458714304.258768,432300957.286386,4.91312,4.91
2,DALYs (Disability-Adjusted Life Years),1,Global,3,Both,16,55-59 years,435,Uterine cancer,1,Number,2021,340834.267708461,385998.250460313,299405.437459223,I_include,Global,395728004,407669300.348216,384764582.368839,4.34586,4.35
2,DALYs (Disability-Adjusted Life Years),1,Global,3,Both,17,60-64 years,435,Uterine cancer,1,Number,2021,417150.81653725,462133.473455506,372564.175050299,I_include,Global,320047853.312832,329387624.27068,311524379.587396,3.68223,3.68
2,DALYs (Disability-Adjusted Life Years),1,Global,3,Both,18,65-69 years,435,Uterine cancer,1,Number,2021,418105.75414605,459979.288363835,374268.222963276,I_include,Global,275842158.522357,284217678.194795,268116931.088218,2.98509,2.99
2,DALYs (Disability-Adjusted Life Years),1,Global,3,Both,19,70-74 years,435,Uterine cancer,1,Number,2021,327268.333851285,365073.174197229,295668.294009345,I_include,Global,205839220.385999,211972020.164289,200406728.542811,2.26526,2.27
2,DALYs (Disability-Adjusted Life Years),1,Global,3,Both,20,75-79 years,435,Uterine cancer,1,Number,2021,195220.333642285,218258.641473411,171771.445602245,I_include,Global,131884404.580217,135613447.4,128518633.372437,1.59758,1.6
2,DALYs (Disability-Adjusted Life Years),1,Global,3,Both,30,80-84 years,435,Uterine cancer,1,Number,2021,131921.668242872,146701.119427333,111087.143692171,I_include,Global,87583056.918491,89948887.7796038,85481848.25,1.09729,1.1
2,DALYs (Disability-Adjusted Life Years),1,Global,3,Both,31,85-89 years,435,Uterine cancer,1,Number,2021,64595.1865481035,72369.6637520695,51087.2564028495,I_include,Global,45721791.0517717,46852862.726504,44709230.7009568,0.604519,0.6
2,DALYs (Disability-Adjusted Life Years),1,Global,3,Both,32,90-94 years,435,Uterine cancer,1,Number,2021,30948.9601797678,35059.502210247,23210.607681684,I_include,Global,17889373.591415,18289317.0157285,17518670.986049,0.246663,0.25
2,DALYs (Disability-Adjusted Life Years),1,Global,3,Both,235,95+ years,435,Uterine cancer,1,Number,2021,10331.1612701191,11918.5815731253,7424.89214122753,I_include,Global,5450308.67493343,5569992.58267677,5337366.13587716,0.0785092,0.08
2,DALYs (Disability-Adjusted Life Years),1,Global,3,Both,10,25-29 years,438,Prostate cancer,1,Number,2021,6009.68858685224,7067.00767467972,4356.52011754345,I_include,Global,588343218.626762,607422118.669863,570487097.318648,7.59144,7.59
2,DALYs (Disability-Adjusted Life Years),1,Global,3,Both,11,30-34 years,438,Prostate cancer,1,Number,2021,8120.00252849623,9633.44164325534,5910.77803039842,I_include,Global,604480174.775885,623603836.164416,586195014.793618,7.32171,7.32
2,DALYs (Disability-Adjusted Life Years),1,Global,3,Both,12,35-39 years,438,Prostate cancer,1,Number,2021,14689.5739527201,16777.3850905733,11081.3935868732,I_include,Global,560866105.914554,578297964.608428,544251815.345755,6.82805,6.83
2,DALYs (Disability-Adjusted Life Years),1,Global,3,Both,13,40-44 years,438,Prostate cancer,1,Number,2021,28988.9356049139,32942.9823590492,22015.1642455102,I_include,Global,500250795.605694,515432478.206861,485928430.82182,6.14735,6.15
2,DALYs (Disability-Adjusted Life Years),1,Global,3,Both,14,45-49 years,438,Prostate cancer,1,Number,2021,83607.7511391916,96248.6957489174,68037.9486535369,I_include,Global,473504625.903218,487919674.240222,460213135.719539,5.51133,5.51
2,DALYs (Disability-Adjusted Life Years),1,Global,3,Both,15,50-54 years,438,Prostate cancer,1,Number,2021,220636.158015326,249034.182469666,181798.728737334,I_include,Global,444922982.841121,458714304.258768,432300957.286386,4.91312,4.91
2,DALYs (Disability-Adjusted Life Years),1,Global,3,Both,16,55-59 years,438,Prostate cancer,1,Number,2021,467431.347753369,520242.384843461,385909.379784702,I_include,Global,395728004,407669300.348216,384764582.368839,4.34586,4.35
2,DALYs (Disability-Adjusted Life Years),1,Global,3,Both,17,60-64 years,438,Prostate cancer,1,Number,2021,922939.758204814,1016114.58037103,788972.583177525,I_include,Global,320047853.312832,329387624.27068,311524379.587396,3.68223,3.68
2,DALYs (Disability-Adjusted Life Years),1,Global,3,Both,18,65-69 years,438,Prostate cancer,1,Number,2021,1287046.62926123,1416756.19946152,1106981.13379393,I_include,Global,275842158.522357,284217678.194795,268116931.088218,2.98509,2.99
2,DALYs (Disability-Adjusted Life Years),1,Global,3,Both,19,70-74 years,438,Prostate cancer,1,Number,2021,1489614.11613898,1622297.81058149,1293844.93466915,I_include,Global,205839220.385999,211972020.164289,200406728.542811,2.26526,2.27
2,DALYs (Disability-Adjusted Life Years),1,Global,3,Both,20,75-79 years,438,Prostate cancer,1,Number,2021,1385933.45147982,1516828.61820766,1202283.78301884,I_include,Global,131884404.580217,135613447.4,128518633.372437,1.59758,1.6
2,DALYs (Disability-Adjusted Life Years),1,Global,3,Both,30,80-84 years,438,Prostate cancer,1,Number,2021,1107129.2370106,1209880.31687406,969271.338836751,I_include,Global,87583056.918491,89948887.7796038,85481848.25,1.09729,1.1
2,DALYs (Disability-Adjusted Life Years),1,Global,3,Both,31,85-89 years,438,Prostate cancer,1,Number,2021,706175.539610564,775259.589088795,604337.733795955,I_include,Global,45721791.0517717,46852862.726504,44709230.7009568,0.604519,0.6
2,DALYs (Disability-Adjusted Life Years),1,Global,3,Both,32,90-94 years,438,Prostate cancer,1,Number,2021,322842.236178797,352465.906309694,275998.086865752,I_include,Global,17889373.591415,18289317.0157285,17518670.986049,0.246663,0.25
2,DALYs (Disability-Adjusted Life Years),1,Global,3,Both,235,95+ years,438,Prostate cancer,1,Number,2021,86048.1349775494,96245.1381723588,66440.6282354421,I_include,Global,5450308.67493343,5569992.58267677,5337366.13587716,0.0785092,0.08
2,DALYs (Disability-Adjusted Life Years),1,Global,3,Both,10,25-29 years,441,Colon and rectum cancer,1,Number,2021,212606.671477791,232315.084051657,192193.530622876,I_include,Global,588343218.626762,607422118.669863,570487097.318648,7.59144,7.59
2,DALYs (Disability-Adjusted Life Years),1,Global,3,Both,11,30-34 years,441,Colon and rectum cancer,1,Number,2021,461224.477099449,505636.195971859,417838.83832701,I_include,Global,604480174.775885,623603836.164416,586195014.793618,7.32171,7.32
2,DALYs (Disability-Adjusted Life Years),1,Global,3,Both,12,35-39 years,441,Colon and rectum cancer,1,Number,2021,682397.032463855,741668.253318037,619267.085330518,I_include,Global,560866105.914554,578297964.608428,544251815.345755,6.82805,6.83
2,DALYs (Disability-Adjusted Life Years),1,Global,3,Both,13,40-44 years,441,Colon and rectum cancer,1,Number,2021,967340.826617518,1050190.47162693,881842.597750286,I_include,Global,500250795.605694,515432478.206861,485928430.82182,6.14735,6.15
2,DALYs (Disability-Adjusted Life Years),1,Global,3,Both,14,45-49 years,441,Colon and rectum cancer,1,Number,2021,1496577.9384642,1643545.66543356,1365348.54338521,I_include,Global,473504625.903218,487919674.240222,460213135.719539,5.51133,5.51
2,DALYs (Disability-Adjusted Life Years),1,Global,3,Both,15,50-54 years,441,Colon and rectum cancer,1,Number,2021,2222088.39304282,2438521.96050614,2026465.66863279,I_include,Global,444922982.841121,458714304.258768,432300957.286386,4.91312,4.91
2,DALYs (Disability-Adjusted Life Years),1,Global,3,Both,16,55-59 years,441,Colon and rectum cancer,1,Number,2021,2828550.78180384,3073164.3258674,2600892.79296429,I_include,Global,395728004,407669300.348216,384764582.368839,4.34586,4.35
2,DALYs (Disability-Adjusted Life Years),1,Global,3,Both,17,60-64 years,441,Colon and rectum cancer,1,Number,2021,3098442.877,3338371.64481292,2901131.51711627,I_include,Global,320047853.312832,329387624.27068,311524379.587396,3.68223,3.68
2,DALYs (Disability-Adjusted Life Years),1,Global,3,Both,18,65-69 years,441,Colon and rectum cancer,1,Number,2021,3399400.67566262,3665516.5979049,3157011.31356208,I_include,Global,275842158.522357,284217678.194795,268116931.088218,2.98509,2.99
2,DALYs (Disability-Adjusted Life Years),1,Global,3,Both,19,70-74 years,441,Colon and rectum cancer,1,Number,2021,3121605.01258827,3358572.47868834,2883553.34443865,I_include,Global,205839220.385999,211972020.164289,200406728.542811,2.26526,2.27
2,DALYs (Disability-Adjusted Life Years),1,Global,3,Both,20,75-79 years,441,Colon and rectum cancer,1,Number,2021,2279161.86476596,2450801.72789355,2074015.77170502,I_include,Global,131884404.580217,135613447.4,128518633.372437,1.59758,1.6
2,DALYs (Disability-Adjusted Life Years),1,Global,3,Both,30,80-84 years,441,Colon and rectum cancer,1,Number,2021,1722044.26229122,1862096.00588374,1503921.32049959,I_include,Global,87583056.918491,89948887.7796038,85481848.25,1.09729,1.1
2,DALYs (Disability-Adjusted Life Years),1,Global,3,Both,31,85-89 years,441,Colon and rectum cancer,1,Number,2021,1047879.27693474,1154551.07448424,877591.190899315,I_include,Global,45721791.0517717,46852862.726504,44709230.7009568,0.604519,0.6
2,DALYs (Disability-Adjusted Life Years),1,Global,3,Both,32,90-94 years,441,Colon and rectum cancer,1,Number,2021,505448.717070309,563340.856003635,390731.270427347,I_include,Global,17889373.591415,18289317.0157285,17518670.986049,0.246663,0.25
2,DALYs (Disability-Adjusted Life Years),1,Global,3,Both,235,95+ years,441,Colon and rectum cancer,1,Number,2021,173722.51690577,199530.331932152,125367.7248,I_include,Global,5450308.67493343,5569992.58267677,5337366.13587716,0.0785092,0.08
2,DALYs (Disability-Adjusted Life Years),1,Global,3,Both,10,25-29 years,444,Lip and oral cavity cancer,1,Number,2021,90634.9465662192,107605.872612725,71301.9954194077,I_include,Global,588343218.626762,607422118.669863,570487097.318648,7.59144,7.59
2,DALYs (Disability-Adjusted Life Years),1,Global,3,Both,11,30-34 years,444,Lip and oral cavity cancer,1,Number,2021,153615.415336728,177234.999064834,125705.84302105,I_include,Global,604480174.775885,623603836.164416,586195014.793618,7.32171,7.32
2,DALYs (Disability-Adjusted Life Years),1,Global,3,Both,12,35-39 years,444,Lip and oral cavity cancer,1,Number,2021,237048.388796944,268585.793008982,200415.581465204,I_include,Global,560866105.914554,578297964.608428,544251815.345755,6.82805,6.83
2,DALYs (Disability-Adjusted Life Years),1,Global,3,Both,13,40-44 years,444,Lip and oral cavity cancer,1,Number,2021,394234.821085785,434233.53858828,342680.081675382,I_include,Global,500250795.605694,515432478.206861,485928430.82182,6.14735,6.15
2,DALYs (Disability-Adjusted Life Years),1,Global,3,Both,14,45-49 years,444,Lip and oral cavity cancer,1,Number,2021,544352.710369973,596239.137534998,476860.636006202,I_include,Global,473504625.903218,487919674.240222,460213135.719539,5.51133,5.51
2,DALYs (Disability-Adjusted Life Years),1,Global,3,Both,15,50-54 years,444,Lip and oral cavity cancer,1,Number,2021,744827.352833281,813776.170133563,669500.599218786,I_include,Global,444922982.841121,458714304.258768,432300957.286386,4.91312,4.91
2,DALYs (Disability-Adjusted Life Years),1,Global,3,Both,16,55-59 years,444,Lip and oral cavity cancer,1,Number,2021,846384.881470717,921757.066338413,773262.331807616,I_include,Global,395728004,407669300.348216,384764582.368839,4.34586,4.35
2,DALYs (Disability-Adjusted Life Years),1,Global,3,Both,17,60-64 years,444,Lip and oral cavity cancer,1,Number,2021,822784.303406085,888282.763321524,745633.369690107,I_include,Global,320047853.312832,329387624.27068,311524379.587396,3.68223,3.68
2,DALYs (Disability-Adjusted Life Years),1,Global,3,Both,18,65-69 years,444,Lip and oral cavity cancer,1,Number,2021,717221.013461016,770505.011773294,655173.379273867,I_include,Global,275842158.522357,284217678.194795,268116931.088218,2.98509,2.99
2,DALYs (Disability-Adjusted Life Years),1,Global,3,Both,19,70-74 years,444,Lip and oral cavity cancer,1,Number,2021,525517.213945857,565534.16509325,477999.171229501,I_include,Global,205839220.385999,211972020.164289,200406728.542811,2.26526,2.27
2,DALYs (Disability-Adjusted Life Years),1,Global,3,Both,20,75-79 years,444,Lip and oral cavity cancer,1,Number,2021,324259.68002075,349430.374925745,295782.762229967,I_include,Global,131884404.580217,135613447.4,128518633.372437,1.59758,1.6
2,DALYs (Disability-Adjusted Life Years),1,Global,3,Both,30,80-84 years,444,Lip and oral cavity cancer,1,Number,2021,198699.424113417,214251.361132295,176048.597655133,I_include,Global,87583056.918491,89948887.7796038,85481848.25,1.09729,1.1
2,DALYs (Disability-Adjusted Life Years),1,Global,3,Both,31,85-89 years,444,Lip and oral cavity cancer,1,Number,2021,108336.310341761,118022.466030936,91669.2696458162,I_include,Global,45721791.0517717,46852862.726504,44709230.7009568,0.604519,0.6
2,DALYs (Disability-Adjusted Life Years),1,Global,3,Both,32,90-94 years,444,Lip and oral cavity cancer,1,Number,2021,49467.7034964136,54809.3690406226,39840.1862655313,I_include,Global,17889373.591415,18289317.0157285,17518670.986049,0.246663,0.25
2,DALYs (Disability-Adjusted Life Years),1,Global,3,Both,235,95+ years,444,Lip and oral cavity cancer,1,Number,2021,16590.319998046,18952.7071221705,12158.1119246446,I_include,Global,5450308.67493343,5569992.58267677,5337366.13587716,0.0785092,0.08
2,DALYs (Disability-Adjusted Life Years),1,Global,3,Both,10,25-29 years,453,Gallbladder and biliary tract cancer,1,Number,2021,16121.663617234,19174.0693963136,12487.4153238993,I_include,Global,588343218.626762,607422118.669863,570487097.318648,7.59144,7.59
2,DALYs (Disability-Adjusted Life Years),1,Global,3,Both,11,30-34 years,453,Gallbladder and biliary tract cancer,1,Number,2021,34890.4980643653,41130.8213028783,27371.6257589886,I_include,Global,604480174.775885,623603836.164416,586195014.793618,7.32171,7.32
2,DALYs (Disability-Adjusted Life Years),1,Global,3,Both,12,35-39 years,453,Gallbladder and biliary tract cancer,1,Number,2021,62456.6467932044,72659.4115981827,48212.2939144654,I_include,Global,560866105.914554,578297964.608428,544251815.345755,6.82805,6.83
2,DALYs (Disability-Adjusted Life Years),1,Global,3,Both,13,40-44 years,453,Gallbladder and biliary tract cancer,1,Number,2021,109749.94928869,128158.700152201,87457.6418048912,I_include,Global,500250795.605694,515432478.206861,485928430.82182,6.14735,6.15
2,DALYs (Disability-Adjusted Life Years),1,Global,3,Both,14,45-49 years,453,Gallbladder and biliary tract cancer,1,Number,2021,188362.493178027,220209.44229159,149215.975669453,I_include,Global,473504625.903218,487919674.240222,460213135.719539,5.51133,5.51
2,DALYs (Disability-Adjusted Life Years),1,Global,3,Both,15,50-54 years,453,Gallbladder and biliary tract cancer,1,Number,2021,312405.656351514,363701.583186769,250228.570161961,I_include,Global,444922982.841121,458714304.258768,432300957.286386,4.91312,4.91
2,DALYs (Disability-Adjusted Life Years),1,Global,3,Both,16,55-59 years,453,Gallbladder and biliary tract cancer,1,Number,2021,444477.654648311,527021.899637255,348720.603820493,I_include,Global,395728004,407669300.348216,384764582.368839,4.34586,4.35
2,DALYs (Disability-Adjusted Life Years),1,Global,3,Both,17,60-64 years,453,Gallbladder and biliary tract cancer,1,Number,2021,513988.749159514,582510.769822306,418251.924709616,I_include,Global,320047853.312832,329387624.27068,311524379.587396,3.68223,3.68
2,DALYs (Disability-Adjusted Life Years),1,Global,3,Both,18,65-69 years,453,Gallbladder and biliary tract cancer,1,Number,2021,562475.282461685,648200.330579864,455208.027987868,I_include,Global,275842158.522357,284217678.194795,268116931.088218,2.98509,2.99
2,DALYs (Disability-Adjusted Life Years),1,Global,3,Both,19,70-74 years,453,Gallbladder and biliary tract cancer,1,Number,2021,528541.868024033,611896.484824814,434993.326727048,I_include,Global,205839220.385999,211972020.164289,200406728.542811,2.26526,2.27
2,DALYs (Disability-Adjusted Life Years),1,Global,3,Both,20,75-79 years,453,Gallbladder and biliary tract cancer,1,Number,2021,388571.393879176,441040.166762322,325704.233364514,I_include,Global,131884404.580217,135613447.4,128518633.372437,1.59758,1.6
2,DALYs (Disability-Adjusted Life Years),1,Global,3,Both,30,80-84 years,453,Gallbladder and biliary tract cancer,1,Number,2021,282908.300350219,316114.837544565,234847.628980814,I_include,Global,87583056.918491,89948887.7796038,85481848.25,1.09729,1.1
2,DALYs (Disability-Adjusted Life Years),1,Global,3,Both,31,85-89 years,453,Gallbladder and biliary tract cancer,1,Number,2021,171388.456901347,193919.33918292,141526.258292278,I_include,Global,45721791.0517717,46852862.726504,44709230.7009568,0.604519,0.6
2,DALYs (Disability-Adjusted Life Years),1,Global,3,Both,32,90-94 years,453,Gallbladder and biliary tract cancer,1,Number,2021,79387.0422376631,91541.9962970335,61693.992487361,I_include,Global,17889373.591415,18289317.0157285,17518670.986049,0.246663,0.25
2,DALYs (Disability-Adjusted Life Years),1,Global,3,Both,235,95+ years,453,Gallbladder and biliary tract cancer,1,Number,2021,27450.3216586726,32544.9542446309,18923.2276385588,I_include,Global,5450308.67493343,5569992.58267677,5337366.13587716,0.0785092,0.08
2,DALYs (Disability-Adjusted Life Years),1,Global,3,Both,10,25-29 years,456,Pancreatic cancer,1,Number,2021,37489.0044450961,41299.8338386741,33762.3041110672,I_include,Global,588343218.626762,607422118.669863,570487097.318648,7.59144,7.59
2,DALYs (Disability-Adjusted Life Years),1,Global,3,Both,11,30-34 years,456,Pancreatic cancer,1,Number,2021,103433.168919192,114009.182473601,92927.9539718224,I_include,Global,604480174.775885,623603836.164416,586195014.793618,7.32171,7.32
2,DALYs (Disability-Adjusted Life Years),1,Global,3,Both,12,35-39 years,456,Pancreatic cancer,1,Number,2021,193542.496951073,212267.896300725,175097.668859834,I_include,Global,560866105.914554,578297964.608428,544251815.345755,6.82805,6.83
2,DALYs (Disability-Adjusted Life Years),1,Global,3,Both,13,40-44 years,456,Pancreatic cancer,1,Number,2021,337122.487709174,368814.488577781,305792.227606898,I_include,Global,500250795.605694,515432478.206861,485928430.82182,6.14735,6.15
2,DALYs (Disability-Adjusted Life Years),1,Global,3,Both,14,45-49 years,456,Pancreatic cancer,1,Number,2021,585499.540016941,645984.364756048,532230.027394256,I_include,Global,473504625.903218,487919674.240222,460213135.719539,5.51133,5.51
2,DALYs (Disability-Adjusted Life Years),1,Global,3,Both,15,50-54 years,456,Pancreatic cancer,1,Number,2021,989203.820231884,1089085.08033814,900178.958837408,I_include,Global,444922982.841121,458714304.258768,432300957.286386,4.91312,4.91
2,DALYs (Disability-Adjusted Life Years),1,Global,3,Both,16,55-59 years,456,Pancreatic cancer,1,Number,2021,1399505.33705676,1511287.29350839,1287813.72825702,I_include,Global,395728004,407669300.348216,384764582.368839,4.34586,4.35
2,DALYs (Disability-Adjusted Life Years),1,Global,3,Both,17,60-64 years,456,Pancreatic cancer,1,Number,2021,1638365.08526323,1758778.88090764,1522257.35041852,I_include,Global,320047853.312832,329387624.27068,311524379.587396,3.68223,3.68
2,DALYs (Disability-Adjusted Life Years),1,Global,3,Both,18,65-69 years,456,Pancreatic cancer,1,Number,2021,1809905.38802903,1953752.35053821,1669161.20399849,I_include,Global,275842158.522357,284217678.194795,268116931.088218,2.98509,2.99
2,DALYs (Disability-Adjusted Life Years),1,Global,3,Both,19,70-74 years,456,Pancreatic cancer,1,Number,2021,1658634.74314679,1787507.07582373,1533087.67696609,I_include,Global,205839220.385999,211972020.164289,200406728.542811,2.26526,2.27
2,DALYs (Disability-Adjusted Life Years),1,Global,3,Both,20,75-79 years,456,Pancreatic cancer,1,Number,2021,1122343.18130691,1202666.18579234,1011847.19360486,I_include,Global,131884404.580217,135613447.4,128518633.372437,1.59758,1.6
2,DALYs (Disability-Adjusted Life Years),1,Global,3,Both,30,80-84 years,456,Pancreatic cancer,1,Number,2021,760589.87784138,824288.105360801,660127.033868886,I_include,Global,87583056.918491,89948887.7796038,85481848.25,1.09729,1.1
2,DALYs (Disability-Adjusted Life Years),1,Global,3,Both,31,85-89 years,456,Pancreatic cancer,1,Number,2021,417162.467301014,461101.167759842,338241.326504833,I_include,Global,45721791.0517717,46852862.726504,44709230.7009568,0.604519,0.6
2,DALYs (Disability-Adjusted Life Years),1,Global,3,Both,32,90-94 years,456,Pancreatic cancer,1,Number,2021,180311.449112549,203287.989440665,138452.539171378,I_include,Global,17889373.591415,18289317.0157285,17518670.986049,0.246663,0.25
2,DALYs (Disability-Adjusted Life Years),1,Global,3,Both,235,95+ years,456,Pancreatic cancer,1,Number,2021,55768.1041572628,64918.2756731415,39674.3632286087,I_include,Global,5450308.67493343,5569992.58267677,5337366.13587716,0.0785092,0.08
2,DALYs (Disability-Adjusted Life Years),1,Global,3,Both,10,25-29 years,459,Malignant skin melanoma,1,Number,2021,40309.1049893008,48837.0093743207,31223.270970364,I_include,Global,588343218.626762,607422118.669863,570487097.318648,7.59144,7.59
2,DALYs (Disability-Adjusted Life Years),1,Global,3,Both,11,30-34 years,459,Malignant skin melanoma,1,Number,2021,70024.9790125056,80343.8894126236,55816.4901866676,I_include,Global,604480174.775885,623603836.164416,586195014.793618,7.32171,7.32
2,DALYs (Disability-Adjusted Life Years),1,Global,3,Both,12,35-39 years,459,Malignant skin melanoma,1,Number,2021,94540.5857080769,108326.186932965,76316.1097692201,I_include,Global,560866105.914554,578297964.608428,544251815.345755,6.82805,6.83
2,DALYs (Disability-Adjusted Life Years),1,Global,3,Both,13,40-44 years,459,Malignant skin melanoma,1,Number,2021,115744.173438213,131236.994662126,96029.4434663644,I_include,Global,500250795.605694,515432478.206861,485928430.82182,6.14735,6.15
2,DALYs (Disability-Adjusted Life Years),1,Global,3,Both,14,45-49 years,459,Malignant skin melanoma,1,Number,2021,127154.478185282,141033.012492088,107836.174920105,I_include,Global,473504625.903218,487919674.240222,460213135.719539,5.51133,5.51
2,DALYs (Disability-Adjusted Life Years),1,Global,3,Both,15,50-54 years,459,Malignant skin melanoma,1,Number,2021,160963.937911482,178882.248803902,135636.132292628,I_include,Global,444922982.841121,458714304.258768,432300957.286386,4.91312,4.91
2,DALYs (Disability-Adjusted Life Years),1,Global,3,Both,16,55-59 years,459,Malignant skin melanoma,1,Number,2021,183625.96352956,202920.970122113,159767.649580449,I_include,Global,395728004,407669300.348216,384764582.368839,4.34586,4.35
2,DALYs (Disability-Adjusted Life Years),1,Global,3,Both,17,60-64 years,459,Malignant skin melanoma,1,Number,2021,182356.099204089,198276.804958118,164201.091712147,I_include,Global,320047853.312832,329387624.27068,311524379.587396,3.68223,3.68
2,DALYs (Disability-Adjusted Life Years),1,Global,3,Both,18,65-69 years,459,Malignant skin melanoma,1,Number,2021,183670.958617285,198337.953633248,165600.997850928,I_include,Global,275842158.522357,284217678.194795,268116931.088218,2.98509,2.99
2,DALYs (Disability-Adjusted Life Years),1,Global,3,Both,19,70-74 years,459,Malignant skin melanoma,1,Number,2021,167358.188478208,180373.834596426,151764.108587766,I_include,Global,205839220.385999,211972020.164289,200406728.542811,2.26526,2.27
2,DALYs (Disability-Adjusted Life Years),1,Global,3,Both,20,75-79 years,459,Malignant skin melanoma,1,Number,2021,123110.463255094,133212.572763933,111354.877751846,I_include,Global,131884404.580217,135613447.4,128518633.372437,1.59758,1.6
2,DALYs (Disability-Adjusted Life Years),1,Global,3,Both,30,80-84 years,459,Malignant skin melanoma,1,Number,2021,96689.7294855124,105775.965619198,83612.7921137441,I_include,Global,87583056.918491,89948887.7796038,85481848.25,1.09729,1.1
2,DALYs (Disability-Adjusted Life Years),1,Global,3,Both,31,85-89 years,459,Malignant skin melanoma,1,Number,2021,58453.9057073689,64929.0043545755,48502.6403831434,I_include,Global,45721791.0517717,46852862.726504,44709230.7009568,0.604519,0.6
2,DALYs (Disability-Adjusted Life Years),1,Global,3,Both,32,90-94 years,459,Malignant skin melanoma,1,Number,2021,28081.6429069923,31358.9571536506,22376.8936152439,I_include,Global,17889373.591415,18289317.0157285,17518670.986049,0.246663,0.25
2,DALYs (Disability-Adjusted Life Years),1,Global,3,Both,235,95+ years,459,Malignant skin melanoma,1,Number,2021,9838.21114929719,11186.4374012059,7220.50907312793,I_include,Global,5450308.67493343,5569992.58267677,5337366.13587716,0.0785092,0.08
2,DALYs (Disability-Adjusted Life Years),1,Global,3,Both,10,25-29 years,465,Ovarian cancer,1,Number,2021,82385.4445496647,93907.1848311413,69316.3525302093,I_include,Global,588343218.626762,607422118.669863,570487097.318648,7.59144,7.59
2,DALYs (Disability-Adjusted Life Years),1,Global,3,Both,11,30-34 years,465,Ovarian cancer,1,Number,2021,125060.929321225,142393.762770748,107362.696618793,I_include,Global,604480174.775885,623603836.164416,586195014.793618,7.32171,7.32
2,DALYs (Disability-Adjusted Life Years),1,Global,3,Both,12,35-39 years,465,Ovarian cancer,1,Number,2021,186110.521967778,206308.552953417,162471.115664335,I_include,Global,560866105.914554,578297964.608428,544251815.345755,6.82805,6.83
2,DALYs (Disability-Adjusted Life Years),1,Global,3,Both,13,40-44 years,465,Ovarian cancer,1,Number,2021,302085.777675259,336071.503993577,269590.064074317,I_include,Global,500250795.605694,515432478.206861,485928430.82182,6.14735,6.15
2,DALYs (Disability-Adjusted Life Years),1,Global,3,Both,14,45-49 years,465,Ovarian cancer,1,Number,2021,484278.121945671,533396.501646438,424893.474182202,I_include,Global,473504625.903218,487919674.240222,460213135.719539,5.51133,5.51
2,DALYs (Disability-Adjusted Life Years),1,Global,3,Both,15,50-54 years,465,Ovarian cancer,1,Number,2021,663610.696385067,735649.385238002,586373.928295091,I_include,Global,444922982.841121,458714304.258768,432300957.286386,4.91312,4.91
2,DALYs (Disability-Adjusted Life Years),1,Global,3,Both,16,55-59 years,465,Ovarian cancer,1,Number,2021,737863.411550691,815654.615584538,674278.113619305,I_include,Global,395728004,407669300.348216,384764582.368839,4.34586,4.35
2,DALYs (Disability-Adjusted Life Years),1,Global,3,Both,17,60-64 years,465,Ovarian cancer,1,Number,2021,698849.532262938,759806.363585901,639287.832364503,I_include,Global,320047853.312832,329387624.27068,311524379.587396,3.68223,3.68
2,DALYs (Disability-Adjusted Life Years),1,Global,3,Both,18,65-69 years,465,Ovarian cancer,1,Number,2021,635988.774907619,688325.167068188,578728.983149676,I_include,Global,275842158.522357,284217678.194795,268116931.088218,2.98509,2.99
2,DALYs (Disability-Adjusted Life Years),1,Global,3,Both,19,70-74 years,465,Ovarian cancer,1,Number,2021,491865.801233019,531084.058910618,446760.454071804,I_include,Global,205839220.385999,211972020.164289,200406728.542811,2.26526,2.27
2,DALYs (Disability-Adjusted Life Years),1,Global,3,Both,20,75-79 years,465,Ovarian cancer,1,Number,2021,296555.580581499,320742.638483264,262911.32299307,I_include,Global,131884404.580217,135613447.4,128518633.372437,1.59758,1.6
2,DALYs (Disability-Adjusted Life Years),1,Global,3,Both,30,80-84 years,465,Ovarian cancer,1,Number,2021,192286.260594608,212609.561439636,161593.429154873,I_include,Global,87583056.918491,89948887.7796038,85481848.25,1.09729,1.1
2,DALYs (Disability-Adjusted Life Years),1,Global,3,Both,31,85-89 years,465,Ovarian cancer,1,Number,2021,95554.8385773924,107964.415302705,75759.9977669214,I_include,Global,45721791.0517717,46852862.726504,44709230.7009568,0.604519,0.6
2,DALYs (Disability-Adjusted Life Years),1,Global,3,Both,32,90-94 years,465,Ovarian cancer,1,Number,2021,42189.5281730352,48102.1662208861,31405.4023665514,I_include,Global,17889373.591415,18289317.0157285,17518670.986049,0.246663,0.25
2,DALYs (Disability-Adjusted Life Years),1,Global,3,Both,235,95+ years,465,Ovarian cancer,1,Number,2021,13496.3100573112,15677.7156345023,9477.86693031944,I_include,Global,5450308.67493343,5569992.58267677,5337366.13587716,0.0785092,0.08
2,DALYs (Disability-Adjusted Life Years),1,Global,3,Both,10,25-29 years,471,Kidney cancer,1,Number,2021,29488.5078158086,31585.8357468141,27393.32468,I_include,Global,588343218.626762,607422118.669863,570487097.318648,7.59144,7.59
2,DALYs (Disability-Adjusted Life Years),1,Global,3,Both,11,30-34 years,471,Kidney cancer,1,Number,2021,51836.8226588562,55821.0083459314,48053.6636232678,I_include,Global,604480174.775885,623603836.164416,586195014.793618,7.32171,7.32
2,DALYs (Disability-Adjusted Life Years),1,Global,3,Both,12,35-39 years,471,Kidney cancer,1,Number,2021,82340.5273560032,88547.8087643276,76533.4702278754,I_include,Global,560866105.914554,578297964.608428,544251815.345755,6.82805,6.83
2,DALYs (Disability-Adjusted Life Years),1,Global,3,Both,13,40-44 years,471,Kidney cancer,1,Number,2021,133151.633052043,141982.158367738,124496.700494543,I_include,Global,500250795.605694,515432478.206861,485928430.82182,6.14735,6.15
2,DALYs (Disability-Adjusted Life Years),1,Global,3,Both,14,45-49 years,471,Kidney cancer,1,Number,2021,228229.116920813,244374.718497429,212850.988343335,I_include,Global,473504625.903218,487919674.240222,460213135.719539,5.51133,5.51
2,DALYs (Disability-Adjusted Life Years),1,Global,3,Both,15,50-54 years,471,Kidney cancer,1,Number,2021,356254.688079486,382368.824587654,334275.636141665,I_include,Global,444922982.841121,458714304.258768,432300957.286386,4.91312,4.91
2,DALYs (Disability-Adjusted Life Years),1,Global,3,Both,16,55-59 years,471,Kidney cancer,1,Number,2021,475684.293463453,503436.865992686,449572.527760567,I_include,Global,395728004,407669300.348216,384764582.368839,4.34586,4.35
2,DALYs (Disability-Adjusted Life Years),1,Global,3,Both,17,60-64 years,471,Kidney cancer,1,Number,2021,530359.884260125,555175.542232757,506749.062162986,I_include,Global,320047853.312832,329387624.27068,311524379.587396,3.68223,3.68
2,DALYs (Disability-Adjusted Life Years),1,Global,3,Both,18,65-69 years,471,Kidney cancer,1,Number,2021,543684.869138688,571288.558954724,516354.538308659,I_include,Global,275842158.522357,284217678.194795,268116931.088218,2.98509,2.99
2,DALYs (Disability-Adjusted Life Years),1,Global,3,Both,19,70-74 years,471,Kidney cancer,1,Number,2021,479752.544246187,503897.271613635,452619.383159521,I_include,Global,205839220.385999,211972020.164289,200406728.542811,2.26526,2.27
2,DALYs (Disability-Adjusted Life Years),1,Global,3,Both,20,75-79 years,471,Kidney cancer,1,Number,2021,335773.969607862,354167.804484124,310304.136920225,I_include,Global,131884404.580217,135613447.4,128518633.372437,1.59758,1.6
2,DALYs (Disability-Adjusted Life Years),1,Global,3,Both,30,80-84 years,471,Kidney cancer,1,Number,2021,242477.188006169,260300.551682043,211652.853759092,I_include,Global,87583056.918491,89948887.7796038,85481848.25,1.09729,1.1
2,DALYs (Disability-Adjusted Life Years),1,Global,3,Both,31,85-89 years,471,Kidney cancer,1,Number,2021,143669.305677512,156966.133219693,120256.947054905,I_include,Global,45721791.0517717,46852862.726504,44709230.7009568,0.604519,0.6
2,DALYs (Disability-Adjusted Life Years),1,Global,3,Both,32,90-94 years,471,Kidney cancer,1,Number,2021,63589.1565371453,70266.2746196842,50904.7699026709,I_include,Global,17889373.591415,18289317.0157285,17518670.986049,0.246663,0.25
2,DALYs (Disability-Adjusted Life Years),1,Global,3,Both,235,95+ years,471,Kidney cancer,1,Number,2021,18021.5232935036,20641.7967975017,13325.9191863949,I_include,Global,5450308.67493343,5569992.58267677,5337366.13587716,0.0785092,0.08
2,DALYs (Disability-Adjusted Life Years),1,Global,3,Both,10,25-29 years,474,Bladder cancer,1,Number,2021,13681.9357679388,15748.907598488,12079.2062019095,I_include,Global,588343218.626762,607422118.669863,570487097.318648,7.59144,7.59
2,DALYs (Disability-Adjusted Life Years),1,Global,3,Both,11,30-34 years,474,Bladder cancer,1,Number,2021,28359.6037911189,31695.9103872862,24938.313043937,I_include,Global,604480174.775885,623603836.164416,586195014.793618,7.32171,7.32
2,DALYs (Disability-Adjusted Life Years),1,Global,3,Both,12,35-39 years,474,Bladder cancer,1,Number,2021,46848.2826411358,52141.9721984693,41943.3172517681,I_include,Global,560866105.914554,578297964.608428,544251815.345755,6.82805,6.83
2,DALYs (Disability-Adjusted Life Years),1,Global,3,Both,13,40-44 years,474,Bladder cancer,1,Number,2021,81710.0504865242,91968.032236669,72617.8604483624,I_include,Global,500250795.605694,515432478.206861,485928430.82182,6.14735,6.15
2,DALYs (Disability-Adjusted Life Years),1,Global,3,Both,14,45-49 years,474,Bladder cancer,1,Number,2021,139531.091340017,156670.778454052,126671.217012997,I_include,Global,473504625.903218,487919674.240222,460213135.719539,5.51133,5.51
2,DALYs (Disability-Adjusted Life Years),1,Global,3,Both,15,50-54 years,474,Bladder cancer,1,Number,2021,242738.290266388,282144.630400802,219363.19307706,I_include,Global,444922982.841121,458714304.258768,432300957.286386,4.91312,4.91
2,DALYs (Disability-Adjusted Life Years),1,Global,3,Both,16,55-59 years,474,Bladder cancer,1,Number,2021,372376.393018191,415935.039484118,339669.402440091,I_include,Global,395728004,407669300.348216,384764582.368839,4.34586,4.35
2,DALYs (Disability-Adjusted Life Years),1,Global,3,Both,17,60-64 years,474,Bladder cancer,1,Number,2021,520368.738582086,574312.935394271,482763.825911842,I_include,Global,320047853.312832,329387624.27068,311524379.587396,3.68223,3.68
2,DALYs (Disability-Adjusted Life Years),1,Global,3,Both,18,65-69 years,474,Bladder cancer,1,Number,2021,650861.746023064,728823.521234139,599327.897212443,I_include,Global,275842158.522357,284217678.194795,268116931.088218,2.98509,2.99
2,DALYs (Disability-Adjusted Life Years),1,Global,3,Both,19,70-74 years,474,Bladder cancer,1,Number,2021,690113.485804713,758617.368635844,637667.193911128,I_include,Global,205839220.385999,211972020.164289,200406728.542811,2.26526,2.27
2,DALYs (Disability-Adjusted Life Years),1,Global,3,Both,20,75-79 years,474,Bladder cancer,1,Number,2021,581267.727896433,640965.061946874,531532.906855533,I_include,Global,131884404.580217,135613447.4,128518633.372437,1.59758,1.6
2,DALYs (Disability-Adjusted Life Years),1,Global,3,Both,30,80-84 years,474,Bladder cancer,1,Number,2021,482555.338557793,527001.812306409,428810.053005542,I_include,Global,87583056.918491,89948887.7796038,85481848.25,1.09729,1.1
2,DALYs (Disability-Adjusted Life Years),1,Global,3,Both,31,85-89 years,474,Bladder cancer,1,Number,2021,323886.623407539,356186.288328091,279038.144144781,I_include,Global,45721791.0517717,46852862.726504,44709230.7009568,0.604519,0.6
2,DALYs (Disability-Adjusted Life Years),1,Global,3,Both,32,90-94 years,474,Bladder cancer,1,Number,2021,158792.94294821,175696.480729144,129541.302229278,I_include,Global,17889373.591415,18289317.0157285,17518670.986049,0.246663,0.25
2,DALYs (Disability-Adjusted Life Years),1,Global,3,Both,235,95+ years,474,Bladder cancer,1,Number,2021,50067.6802702852,56987.4196043015,37174.572545512,I_include,Global,5450308.67493343,5569992.58267677,5337366.13587716,0.0785092,0.08
2,DALYs (Disability-Adjusted Life Years),1,Global,3,Both,10,25-29 years,477,Brain and central nervous system cancer,1,Number,2021,314494.549869277,367350.63292085,262166.185102044,I_include,Global,588343218.626762,607422118.669863,570487097.318648,7.59144,7.59
2,DALYs (Disability-Adjusted Life Years),1,Global,3,Both,11,30-34 years,477,Brain and central nervous system cancer,1,Number,2021,421833.386038076,511628.934180583,349613.128013025,I_include,Global,604480174.775885,623603836.164416,586195014.793618,7.32171,7.32
2,DALYs (Disability-Adjusted Life Years),1,Global,3,Both,12,35-39 years,477,Brain and central nervous system cancer,1,Number,2021,485972.003584782,572424.946357863,413969.593386636,I_include,Global,560866105.914554,578297964.608428,544251815.345755,6.82805,6.83
2,DALYs (Disability-Adjusted Life Years),1,Global,3,Both,13,40-44 years,477,Brain and central nervous system cancer,1,Number,2021,558910.54237374,668890.957517845,470333.230827067,I_include,Global,500250795.605694,515432478.206861,485928430.82182,6.14735,6.15
2,DALYs (Disability-Adjusted Life Years),1,Global,3,Both,14,45-49 years,477,Brain and central nervous system cancer,1,Number,2021,639615.449212312,756513.003354318,544594.132987658,I_include,Global,473504625.903218,487919674.240222,460213135.719539,5.51133,5.51
2,DALYs (Disability-Adjusted Life Years),1,Global,3,Both,15,50-54 years,477,Brain and central nervous system cancer,1,Number,2021,786776.964977393,933066.639350674,673764.476880043,I_include,Global,444922982.841121,458714304.258768,432300957.286386,4.91312,4.91
2,DALYs (Disability-Adjusted Life Years),1,Global,3,Both,16,55-59 years,477,Brain and central nervous system cancer,1,Number,2021,902010.945768253,1048260.8302269,775445.751369758,I_include,Global,395728004,407669300.348216,384764582.368839,4.34586,4.35
2,DALYs (Disability-Adjusted Life Years),1,Global,3,Both,17,60-64 years,477,Brain and central nervous system cancer,1,Number,2021,834032.718032973,954396.722261551,737282.093552489,I_include,Global,320047853.312832,329387624.27068,311524379.587396,3.68223,3.68
2,DALYs (Disability-Adjusted Life Years),1,Global,3,Both,18,65-69 years,477,Brain and central nervous system cancer,1,Number,2021,795479.62133359,903216.664669624,691114.942949008,I_include,Global,275842158.522357,284217678.194795,268116931.088218,2.98509,2.99
2,DALYs (Disability-Adjusted Life Years),1,Global,3,Both,19,70-74 years,477,Brain and central nervous system cancer,1,Number,2021,601713.507187636,676128.16747213,531906.478501819,I_include,Global,205839220.385999,211972020.164289,200406728.542811,2.26526,2.27
2,DALYs (Disability-Adjusted Life Years),1,Global,3,Both,20,75-79 years,477,Brain and central nervous system cancer,1,Number,2021,355394.074117971,395431.752697558,304945.152102117,I_include,Global,131884404.580217,135613447.4,128518633.372437,1.59758,1.6
2,DALYs (Disability-Adjusted Life Years),1,Global,3,Both,30,80-84 years,477,Brain and central nervous system cancer,1,Number,2021,195895.665048545,217975.967273861,165056.114390911,I_include,Global,87583056.918491,89948887.7796038,85481848.25,1.09729,1.1
2,DALYs (Disability-Adjusted Life Years),1,Global,3,Both,31,85-89 years,477,Brain and central nervous system cancer,1,Number,2021,88418.3298559418,99591.224640958,73265.1237606311,I_include,Global,45721791.0517717,46852862.726504,44709230.7009568,0.604519,0.6
2,DALYs (Disability-Adjusted Life Years),1,Global,3,Both,32,90-94 years,477,Brain and central nervous system cancer,1,Number,2021,30233.0912384495,34245.2949693207,24069.8750870244,I_include,Global,17889373.591415,18289317.0157285,17518670.986049,0.246663,0.25
2,DALYs (Disability-Adjusted Life Years),1,Global,3,Both,235,95+ years,477,Brain and central nervous system cancer,1,Number,2021,8155.18440849907,9392.19381115615,6090.27266103331,I_include,Global,5450308.67493343,5569992.58267677,5337366.13587716,0.0785092,0.08
2,DALYs (Disability-Adjusted Life Years),1,Global,3,Both,10,25-29 years,483,Mesothelioma,1,Number,2021,10202.5577257388,11479.4942337213,8839.32148794122,I_include,Global,588343218.626762,607422118.669863,570487097.318648,7.59144,7.59
2,DALYs (Disability-Adjusted Life Years),1,Global,3,Both,11,30-34 years,483,Mesothelioma,1,Number,2021,13663.7480225396,15050.3760684656,12241.5861169813,I_include,Global,604480174.775885,623603836.164416,586195014.793618,7.32171,7.32
2,DALYs (Disability-Adjusted Life Years),1,Global,3,Both,12,35-39 years,483,Mesothelioma,1,Number,2021,20837.749489224,22998.0417342923,18726.493932734,I_include,Global,560866105.914554,578297964.608428,544251815.345755,6.82805,6.83
2,DALYs (Disability-Adjusted Life Years),1,Global,3,Both,13,40-44 years,483,Mesothelioma,1,Number,2021,31968.8382073176,35428.8665415738,28420.4929405295,I_include,Global,500250795.605694,515432478.206861,485928430.82182,6.14735,6.15
2,DALYs (Disability-Adjusted Life Years),1,Global,3,Both,14,45-49 years,483,Mesothelioma,1,Number,2021,42332.7262280777,47261.5304188963,37474.3998402071,I_include,Global,473504625.903218,487919674.240222,460213135.719539,5.51133,5.51
2,DALYs (Disability-Adjusted Life Years),1,Global,3,Both,15,50-54 years,483,Mesothelioma,1,Number,2021,62971.4302265859,69899.5262434163,56555.3729108909,I_include,Global,444922982.841121,458714304.258768,432300957.286386,4.91312,4.91
2,DALYs (Disability-Adjusted Life Years),1,Global,3,Both,16,55-59 years,483,Mesothelioma,1,Number,2021,84123.3238646569,92206.0402690522,76808.4021682679,I_include,Global,395728004,407669300.348216,384764582.368839,4.34586,4.35
2,DALYs (Disability-Adjusted Life Years),1,Global,3,Both,17,60-64 years,483,Mesothelioma,1,Number,2021,74994.2628498678,80794.5675226739,69433.6046182435,I_include,Global,320047853.312832,329387624.27068,311524379.587396,3.68223,3.68
2,DALYs (Disability-Adjusted Life Years),1,Global,3,Both,18,65-69 years,483,Mesothelioma,1,Number,2021,86078.4594592708,91726.9591384488,80706.510560772,I_include,Global,275842158.522357,284217678.194795,268116931.088218,2.98509,2.99
2,DALYs (Disability-Adjusted Life Years),1,Global,3,Both,19,70-74 years,483,Mesothelioma,1,Number,2021,91471.8477466231,97033.5332049744,85369.3245037955,I_include,Global,205839220.385999,211972020.164289,200406728.542811,2.26526,2.27
2,DALYs (Disability-Adjusted Life Years),1,Global,3,Both,20,75-79 years,483,Mesothelioma,1,Number,2021,76248.3658496786,80886.4175655534,70802.0673832719,I_include,Global,131884404.580217,135613447.4,128518633.372437,1.59758,1.6
2,DALYs (Disability-Adjusted Life Years),1,Global,3,Both,30,80-84 years,483,Mesothelioma,1,Number,2021,51448.2090607312,55455.1924177535,44951.8583274877,I_include,Global,87583056.918491,89948887.7796038,85481848.25,1.09729,1.1
2,DALYs (Disability-Adjusted Life Years),1,Global,3,Both,31,85-89 years,483,Mesothelioma,1,Number,2021,25246.842794306,27447.2955358874,21150.9380071511,I_include,Global,45721791.0517717,46852862.726504,44709230.7009568,0.604519,0.6
2,DALYs (Disability-Adjusted Life Years),1,Global,3,Both,32,90-94 years,483,Mesothelioma,1,Number,2021,8602.09821697164,9479.69526428323,6937.18147489868,I_include,Global,17889373.591415,18289317.0157285,17518670.986049,0.246663,0.25
2,DALYs (Disability-Adjusted Life Years),1,Global,3,Both,235,95+ years,483,Mesothelioma,1,Number,2021,2013.41051231293,2288.71447886694,1520.20655937229,I_include,Global,5450308.67493343,5569992.58267677,5337366.13587716,0.0785092,0.08
2,DALYs (Disability-Adjusted Life Years),1,Global,3,Both,10,25-29 years,484,Hodgkin lymphoma,1,Number,2021,125464.942420298,161887.002772886,85695.4504648633,I_include,Global,588343218.626762,607422118.669863,570487097.318648,7.59144,7.59
2,DALYs (Disability-Adjusted Life Years),1,Global,3,Both,11,30-34 years,484,Hodgkin lymphoma,1,Number,2021,102410.232407469,140385.898687857,73779.6820249089,I_include,Global,604480174.775885,623603836.164416,586195014.793618,7.32171,7.32
2,DALYs (Disability-Adjusted Life Years),1,Global,3,Both,12,35-39 years,484,Hodgkin lymphoma,1,Number,2021,90709.9775241761,122914.428256635,63961.901263477,I_include,Global,560866105.914554,578297964.608428,544251815.345755,6.82805,6.83
2,DALYs (Disability-Adjusted Life Years),1,Global,3,Both,13,40-44 years,484,Hodgkin lymphoma,1,Number,2021,80391.4971753571,107868.120260801,60051.4520139637,I_include,Global,500250795.605694,515432478.206861,485928430.82182,6.14735,6.15
2,DALYs (Disability-Adjusted Life Years),1,Global,3,Both,14,45-49 years,484,Hodgkin lymphoma,1,Number,2021,62016.0122182279,82418.6027791422,46167.4955407014,I_include,Global,473504625.903218,487919674.240222,460213135.719539,5.51133,5.51
2,DALYs (Disability-Adjusted Life Years),1,Global,3,Both,15,50-54 years,484,Hodgkin lymphoma,1,Number,2021,61743.4776176712,81110.3005185993,46255.497895595,I_include,Global,444922982.841121,458714304.258768,432300957.286386,4.91312,4.91
2,DALYs (Disability-Adjusted Life Years),1,Global,3,Both,16,55-59 years,484,Hodgkin lymphoma,1,Number,2021,66404.9929581389,86277.2169905258,50774.5319296072,I_include,Global,395728004,407669300.348216,384764582.368839,4.34586,4.35
2,DALYs (Disability-Adjusted Life Years),1,Global,3,Both,17,60-64 years,484,Hodgkin lymphoma,1,Number,2021,58078.8105631552,74527.9070842078,44825.7662322479,I_include,Global,320047853.312832,329387624.27068,311524379.587396,3.68223,3.68
2,DALYs (Disability-Adjusted Life Years),1,Global,3,Both,18,65-69 years,484,Hodgkin lymphoma,1,Number,2021,55652.904445824,71435.9694019412,43709.3419614926,I_include,Global,275842158.522357,284217678.194795,268116931.088218,2.98509,2.99
2,DALYs (Disability-Adjusted Life Years),1,Global,3,Both,19,70-74 years,484,Hodgkin lymphoma,1,Number,2021,49930.316257511,61357.3434747244,39624.4098149998,I_include,Global,205839220.385999,211972020.164289,200406728.542811,2.26526,2.27
2,DALYs (Disability-Adjusted Life Years),1,Global,3,Both,20,75-79 years,484,Hodgkin lymphoma,1,Number,2021,31191.9598277664,37892.3847201838,25111.5658827515,I_include,Global,131884404.580217,135613447.4,128518633.372437,1.59758,1.6
2,DALYs (Disability-Adjusted Life Years),1,Global,3,Both,30,80-84 years,484,Hodgkin lymphoma,1,Number,2021,20179.9129239277,24253.9347033966,16163.9832633466,I_include,Global,87583056.918491,89948887.7796038,85481848.25,1.09729,1.1
2,DALYs (Disability-Adjusted Life Years),1,Global,3,Both,31,85-89 years,484,Hodgkin lymphoma,1,Number,2021,9787.67658237854,11365.3292534278,7824.69424939963,I_include,Global,45721791.0517717,46852862.726504,44709230.7009568,0.604519,0.6
2,DALYs (Disability-Adjusted Life Years),1,Global,3,Both,32,90-94 years,484,Hodgkin lymphoma,1,Number,2021,2900.93601153191,3310.07250355625,2298.00585974884,I_include,Global,17889373.591415,18289317.0157285,17518670.986049,0.246663,0.25
2,DALYs (Disability-Adjusted Life Years),1,Global,3,Both,235,95+ years,484,Hodgkin lymphoma,1,Number,2021,678.511789198717,783.322935076824,507.077705507964,I_include,Global,5450308.67493343,5569992.58267677,5337366.13587716,0.0785092,0.08
2,DALYs (Disability-Adjusted Life Years),1,Global,3,Both,10,25-29 years,486,Multiple myeloma,1,Number,2021,13205.7794447956,15812.0800784693,9013.95365851066,I_include,Global,588343218.626762,607422118.669863,570487097.318648,7.59144,7.59
2,DALYs (Disability-Adjusted Life Years),1,Global,3,Both,11,30-34 years,486,Multiple myeloma,1,Number,2021,24917.8253506243,30096.6727248901,18320.4299537636,I_include,Global,604480174.775885,623603836.164416,586195014.793618,7.32171,7.32
2,DALYs (Disability-Adjusted Life Years),1,Global,3,Both,12,35-39 years,486,Multiple myeloma,1,Number,2021,43117.7450401944,52583.0165494402,33473.4739773437,I_include,Global,560866105.914554,578297964.608428,544251815.345755,6.82805,6.83
2,DALYs (Disability-Adjusted Life Years),1,Global,3,Both,13,40-44 years,486,Multiple myeloma,1,Number,2021,76329.5697479962,92735.0875978588,60150.413869689,I_include,Global,500250795.605694,515432478.206861,485928430.82182,6.14735,6.15
2,DALYs (Disability-Adjusted Life Years),1,Global,3,Both,14,45-49 years,486,Multiple myeloma,1,Number,2021,126771.217691322,148050.784191448,105855.051844184,I_include,Global,473504625.903218,487919674.240222,460213135.719539,5.51133,5.51
2,DALYs (Disability-Adjusted Life Years),1,Global,3,Both,15,50-54 years,486,Multiple myeloma,1,Number,2021,205705.937829533,239598.462532909,171559.340944916,I_include,Global,444922982.841121,458714304.258768,432300957.286386,4.91312,4.91
2,DALYs (Disability-Adjusted Life Years),1,Global,3,Both,16,55-59 years,486,Multiple myeloma,1,Number,2021,293696.320646042,338177.447219326,247461.041237599,I_include,Global,395728004,407669300.348216,384764582.368839,4.34586,4.35
2,DALYs (Disability-Adjusted Life Years),1,Global,3,Both,17,60-64 years,486,Multiple myeloma,1,Number,2021,361982.738115625,411945.289793551,313968.545902537,I_include,Global,320047853.312832,329387624.27068,311524379.587396,3.68223,3.68
2,DALYs (Disability-Adjusted Life Years),1,Global,3,Both,18,65-69 years,486,Multiple myeloma,1,Number,2021,403034.122785833,459461.016574339,347759.076088355,I_include,Global,275842158.522357,284217678.194795,268116931.088218,2.98509,2.99
2,DALYs (Disability-Adjusted Life Years),1,Global,3,Both,19,70-74 years,486,Multiple myeloma,1,Number,2021,387872.10909924,430964.339714526,342765.575645238,I_include,Global,205839220.385999,211972020.164289,200406728.542811,2.26526,2.27
2,DALYs (Disability-Adjusted Life Years),1,Global,3,Both,20,75-79 years,486,Multiple myeloma,1,Number,2021,282146.87667368,309892.940527174,250884.202710985,I_include,Global,131884404.580217,135613447.4,128518633.372437,1.59758,1.6
2,DALYs (Disability-Adjusted Life Years),1,Global,3,Both,30,80-84 years,486,Multiple myeloma,1,Number,2021,198557.232820028,217840.029061453,169145.477271738,I_include,Global,87583056.918491,89948887.7796038,85481848.25,1.09729,1.1
2,DALYs (Disability-Adjusted Life Years),1,Global,3,Both,31,85-89 years,486,Multiple myeloma,1,Number,2021,110110.770249652,122524.499514039,90726.5095143821,I_include,Global,45721791.0517717,46852862.726504,44709230.7009568,0.604519,0.6
2,DALYs (Disability-Adjusted Life Years),1,Global,3,Both,32,90-94 years,486,Multiple myeloma,1,Number,2021,45561.7839399784,51416.671865145,35667.7010366499,I_include,Global,17889373.591415,18289317.0157285,17518670.986049,0.246663,0.25
2,DALYs (Disability-Adjusted Life Years),1,Global,3,Both,235,95+ years,486,Multiple myeloma,1,Number,2021,12902.1048327187,14843.3956417943,9426.69660623405,I_include,Global,5450308.67493343,5569992.58267677,5337366.13587716,0.0785092,0.08
2,DALYs (Disability-Adjusted Life Years),1,Global,3,Both,10,25-29 years,591,Chronic kidney disease due to hypertension,1,Number,2021,226079.841955949,308485.453642259,153896.360015846,I_include,Global,588343218.626762,607422118.669863,570487097.318648,7.59144,7.59
2,DALYs (Disability-Adjusted Life Years),1,Global,3,Both,11,30-34 years,591,Chronic kidney disease due to hypertension,1,Number,2021,309896.614624418,414602.998440073,208071.124690044,I_include,Global,604480174.775885,623603836.164416,586195014.793618,7.32171,7.32
2,DALYs (Disability-Adjusted Life Years),1,Global,3,Both,12,35-39 years,591,Chronic kidney disease due to hypertension,1,Number,2021,401079.410949625,566228.63511846,271139.061754304,I_include,Global,560866105.914554,578297964.608428,544251815.345755,6.82805,6.83
2,DALYs (Disability-Adjusted Life Years),1,Global,3,Both,13,40-44 years,591,Chronic kidney disease due to hypertension,1,Number,2021,516520.243527821,732628.866620832,353864.784960131,I_include,Global,500250795.605694,515432478.206861,485928430.82182,6.14735,6.15
2,DALYs (Disability-Adjusted Life Years),1,Global,3,Both,14,45-49 years,591,Chronic kidney disease due to hypertension,1,Number,2021,626534.632855098,871368.516192188,432793.863843468,I_include,Global,473504625.903218,487919674.240222,460213135.719539,5.51133,5.51
2,DALYs (Disability-Adjusted Life Years),1,Global,3,Both,15,50-54 years,591,Chronic kidney disease due to hypertension,1,Number,2021,841033.433991567,1129219.63754596,592715.611087651,I_include,Global,444922982.841121,458714304.258768,432300957.286386,4.91312,4.91
2,DALYs (Disability-Adjusted Life Years),1,Global,3,Both,16,55-59 years,591,Chronic kidney disease due to hypertension,1,Number,2021,1046236.43003243,1414099.09906123,738027.312696282,I_include,Global,395728004,407669300.348216,384764582.368839,4.34586,4.35
2,DALYs (Disability-Adjusted Life Years),1,Global,3,Both,17,60-64 years,591,Chronic kidney disease due to hypertension,1,Number,2021,1101948.47181389,1485448.13377708,783334.413501123,I_include,Global,320047853.312832,329387624.27068,311524379.587396,3.68223,3.68
2,DALYs (Disability-Adjusted Life Years),1,Global,3,Both,18,65-69 years,591,Chronic kidney disease due to hypertension,1,Number,2021,1169769.52356935,1599262.72002407,836503.148411322,I_include,Global,275842158.522357,284217678.194795,268116931.088218,2.98509,2.99
2,DALYs (Disability-Adjusted Life Years),1,Global,3,Both,19,70-74 years,591,Chronic kidney disease due to hypertension,1,Number,2021,1150739.92019889,1526790.0685879,809395.447250105,I_include,Global,205839220.385999,211972020.164289,200406728.542811,2.26526,2.27
2,DALYs (Disability-Adjusted Life Years),1,Global,3,Both,20,75-79 years,591,Chronic kidney disease due to hypertension,1,Number,2021,1021044.62256864,1311701.45154535,726464.854518844,I_include,Global,131884404.580217,135613447.4,128518633.372437,1.59758,1.6
2,DALYs (Disability-Adjusted Life Years),1,Global,3,Both,30,80-84 years,591,Chronic kidney disease due to hypertension,1,Number,2021,888243.353402335,1141044.94609084,656273.007591899,I_include,Global,87583056.918491,89948887.7796038,85481848.25,1.09729,1.1
2,DALYs (Disability-Adjusted Life Years),1,Global,3,Both,31,85-89 years,591,Chronic kidney disease due to hypertension,1,Number,2021,712005.252575304,893109.51118476,528226.970528443,I_include,Global,45721791.0517717,46852862.726504,44709230.7009568,0.604519,0.6
2,DALYs (Disability-Adjusted Life Years),1,Global,3,Both,32,90-94 years,591,Chronic kidney disease due to hypertension,1,Number,2021,416304.077091971,533705.93400168,304453.638659661,I_include,Global,17889373.591415,18289317.0157285,17518670.986049,0.246663,0.25
2,DALYs (Disability-Adjusted Life Years),1,Global,3,Both,235,95+ years,591,Chronic kidney disease due to hypertension,1,Number,2021,179895.170451195,246332.366097248,122457.531242399,I_include,Global,5450308.67493343,5569992.58267677,5337366.13587716,0.0785092,0.08
2,DALYs (Disability-Adjusted Life Years),1,Global,3,Both,10,25-29 years,593,Chronic kidney disease due to other and unspecified causes,1,Number,2021,396759.048795502,510554.343814094,292561.100517229,I_include,Global,588343218.626762,607422118.669863,570487097.318648,7.59144,7.59
2,DALYs (Disability-Adjusted Life Years),1,Global,3,Both,11,30-34 years,593,Chronic kidney disease due to other and unspecified causes,1,Number,2021,447799.168394396,589450.984496119,323703.519839601,I_include,Global,604480174.775885,623603836.164416,586195014.793618,7.32171,7.32
2,DALYs (Disability-Adjusted Life Years),1,Global,3,Both,12,35-39 years,593,Chronic kidney disease due to other and unspecified causes,1,Number,2021,498231.515801857,651941.175982127,356028.790679973,I_include,Global,560866105.914554,578297964.608428,544251815.345755,6.82805,6.83
2,DALYs (Disability-Adjusted Life Years),1,Global,3,Both,13,40-44 years,593,Chronic kidney disease due to other and unspecified causes,1,Number,2021,556016.209659711,723053.84176708,395712.494009455,I_include,Global,500250795.605694,515432478.206861,485928430.82182,6.14735,6.15
2,DALYs (Disability-Adjusted Life Years),1,Global,3,Both,14,45-49 years,593,Chronic kidney disease due to other and unspecified causes,1,Number,2021,620538.782819362,811188.256368529,459318.151464475,I_include,Global,473504625.903218,487919674.240222,460213135.719539,5.51133,5.51
2,DALYs (Disability-Adjusted Life Years),1,Global,3,Both,15,50-54 years,593,Chronic kidney disease due to other and unspecified causes,1,Number,2021,724310.955390513,960957.648071551,511073.742172764,I_include,Global,444922982.841121,458714304.258768,432300957.286386,4.91312,4.91
2,DALYs (Disability-Adjusted Life Years),1,Global,3,Both,16,55-59 years,593,Chronic kidney disease due to other and unspecified causes,1,Number,2021,829912.422143024,1107546.83573948,610332.930994153,I_include,Global,395728004,407669300.348216,384764582.368839,4.34586,4.35
2,DALYs (Disability-Adjusted Life Years),1,Global,3,Both,17,60-64 years,593,Chronic kidney disease due to other and unspecified causes,1,Number,2021,881978.491067231,1144216.24065312,663926.979711779,I_include,Global,320047853.312832,329387624.27068,311524379.587396,3.68223,3.68
2,DALYs (Disability-Adjusted Life Years),1,Global,3,Both,18,65-69 years,593,Chronic kidney disease due to other and unspecified causes,1,Number,2021,938901.439547951,1196354.13954593,719298.890060942,I_include,Global,275842158.522357,284217678.194795,268116931.088218,2.98509,2.99
2,DALYs (Disability-Adjusted Life Years),1,Global,3,Both,19,70-74 years,593,Chronic kidney disease due to other and unspecified causes,1,Number,2021,935975.553822633,1214507.79634219,699217.592808306,I_include,Global,205839220.385999,211972020.164289,200406728.542811,2.26526,2.27
2,DALYs (Disability-Adjusted Life Years),1,Global,3,Both,20,75-79 years,593,Chronic kidney disease due to other and unspecified causes,1,Number,2021,836907.763686098,1087443.94957176,624911.651583982,I_include,Global,131884404.580217,135613447.4,128518633.372437,1.59758,1.6
2,DALYs (Disability-Adjusted Life Years),1,Global,3,Both,30,80-84 years,593,Chronic kidney disease due to other and unspecified causes,1,Number,2021,797888.4464,998730.660162182,614556.788523557,I_include,Global,87583056.918491,89948887.7796038,85481848.25,1.09729,1.1
2,DALYs (Disability-Adjusted Life Years),1,Global,3,Both,31,85-89 years,593,Chronic kidney disease due to other and unspecified causes,1,Number,2021,683528.919633499,833372.16978761,536760.618058817,I_include,Global,45721791.0517717,46852862.726504,44709230.7009568,0.604519,0.6
2,DALYs (Disability-Adjusted Life Years),1,Global,3,Both,32,90-94 years,593,Chronic kidney disease due to other and unspecified causes,1,Number,2021,466489.444164422,578761.929062943,366470.476416202,I_include,Global,17889373.591415,18289317.0157285,17518670.986049,0.246663,0.25
2,DALYs (Disability-Adjusted Life Years),1,Global,3,Both,235,95+ years,593,Chronic kidney disease due to other and unspecified causes,1,Number,2021,245474.424214205,317981.007430715,182622.963844239,I_include,Global,5450308.67493343,5569992.58267677,5337366.13587716,0.0785092,0.08
2,DALYs (Disability-Adjusted Life Years),1,Global,3,Both,10,25-29 years,695,Other transport injuries,1,Number,2021,495169.59865186,547807.521787172,453169.383332371,I_include,Global,588343218.626762,607422118.669863,570487097.318648,7.59144,7.59
2,DALYs (Disability-Adjusted Life Years),1,Global,3,Both,11,30-34 years,695,Other transport injuries,1,Number,2021,410874.659971472,449230.12740624,377504.942148321,I_include,Global,604480174.775885,623603836.164416,586195014.793618,7.32171,7.32
2,DALYs (Disability-Adjusted Life Years),1,Global,3,Both,12,35-39 years,695,Other transport injuries,1,Number,2021,402931.874925752,444805.527395978,366955.770066095,I_include,Global,560866105.914554,578297964.608428,544251815.345755,6.82805,6.83
2,DALYs (Disability-Adjusted Life Years),1,Global,3,Both,13,40-44 years,695,Other transport injuries,1,Number,2021,367884.321642345,412105.914834815,335248.066918055,I_include,Global,500250795.605694,515432478.206861,485928430.82182,6.14735,6.15
2,DALYs (Disability-Adjusted Life Years),1,Global,3,Both,14,45-49 years,695,Other transport injuries,1,Number,2021,329026.17694611,369299.048589221,297983.573950844,I_include,Global,473504625.903218,487919674.240222,460213135.719539,5.51133,5.51
2,DALYs (Disability-Adjusted Life Years),1,Global,3,Both,15,50-54 years,695,Other transport injuries,1,Number,2021,300065.155280442,339787.399525928,267908.985554933,I_include,Global,444922982.841121,458714304.258768,432300957.286386,4.91312,4.91
2,DALYs (Disability-Adjusted Life Years),1,Global,3,Both,16,55-59 years,695,Other transport injuries,1,Number,2021,253615.996707346,287578.301837329,226804.316556186,I_include,Global,395728004,407669300.348216,384764582.368839,4.34586,4.35
2,DALYs (Disability-Adjusted Life Years),1,Global,3,Both,17,60-64 years,695,Other transport injuries,1,Number,2021,183972.690732276,211603.839260769,164847.95932511,I_include,Global,320047853.312832,329387624.27068,311524379.587396,3.68223,3.68
2,DALYs (Disability-Adjusted Life Years),1,Global,3,Both,18,65-69 years,695,Other transport injuries,1,Number,2021,152469.873764643,175240.640131525,133734.80966923,I_include,Global,275842158.522357,284217678.194795,268116931.088218,2.98509,2.99
2,DALYs (Disability-Adjusted Life Years),1,Global,3,Both,19,70-74 years,695,Other transport injuries,1,Number,2021,109452.213384472,128755.655100538,94946.4102259992,I_include,Global,205839220.385999,211972020.164289,200406728.542811,2.26526,2.27
2,DALYs (Disability-Adjusted Life Years),1,Global,3,Both,20,75-79 years,695,Other transport injuries,1,Number,2021,70916.407125089,83488.1622648492,60466.1090002268,I_include,Global,131884404.580217,135613447.4,128518633.372437,1.59758,1.6
2,DALYs (Disability-Adjusted Life Years),1,Global,3,Both,30,80-84 years,695,Other transport injuries,1,Number,2021,46915.6059569329,56367.9996817358,39146.4387395869,I_include,Global,87583056.918491,89948887.7796038,85481848.25,1.09729,1.1
2,DALYs (Disability-Adjusted Life Years),1,Global,3,Both,31,85-89 years,695,Other transport injuries,1,Number,2021,23971.3930250457,29674.9672415093,19432.5732405467,I_include,Global,45721791.0517717,46852862.726504,44709230.7009568,0.604519,0.6
2,DALYs (Disability-Adjusted Life Years),1,Global,3,Both,32,90-94 years,695,Other transport injuries,1,Number,2021,9698.24060960092,12406.5409742342,7699.04688517758,I_include,Global,17889373.591415,18289317.0157285,17518670.986049,0.246663,0.25
2,DALYs (Disability-Adjusted Life Years),1,Global,3,Both,235,95+ years,695,Other transport injuries,1,Number,2021,3406.75641386618,4370.34759076364,2638.13856972912,I_include,Global,5450308.67493343,5569992.58267677,5337366.13587716,0.0785092,0.08
2,DALYs (Disability-Adjusted Life Years),1,Global,3,Both,10,25-29 years,697,Falls,1,Number,2021,1722753.57120942,2151717.89497096,1385950.50923147,I_include,Global,588343218.626762,607422118.669863,570487097.318648,7.59144,7.59
2,DALYs (Disability-Adjusted Life Years),1,Global,3,Both,11,30-34 years,697,Falls,1,Number,2021,2176917.48945309,2740496.4247799,1745496.2537302,I_include,Global,604480174.775885,623603836.164416,586195014.793618,7.32171,7.32
2,DALYs (Disability-Adjusted Life Years),1,Global,3,Both,12,35-39 years,697,Falls,1,Number,2021,2435254.55564106,3119537.51043951,1925778.58775278,I_include,Global,560866105.914554,578297964.608428,544251815.345755,6.82805,6.83
2,DALYs (Disability-Adjusted Life Years),1,Global,3,Both,13,40-44 years,697,Falls,1,Number,2021,2578935.46611215,3244190.62308162,2066732.10819981,I_include,Global,500250795.605694,515432478.206861,485928430.82182,6.14735,6.15
2,DALYs (Disability-Adjusted Life Years),1,Global,3,Both,14,45-49 years,697,Falls,1,Number,2021,2728306.12215793,3396625.5621379,2157192.8112858,I_include,Global,473504625.903218,487919674.240222,460213135.719539,5.51133,5.51
2,DALYs (Disability-Adjusted Life Years),1,Global,3,Both,15,50-54 years,697,Falls,1,Number,2021,3023042.85857011,3785499.49729779,2447501.78103704,I_include,Global,444922982.841121,458714304.258768,432300957.286386,4.91312,4.91
2,DALYs (Disability-Adjusted Life Years),1,Global,3,Both,16,55-59 years,697,Falls,1,Number,2021,3265555.03638265,4063893.26042662,2608400.26765168,I_include,Global,395728004,407669300.348216,384764582.368839,4.34586,4.35
2,DALYs (Disability-Adjusted Life Years),1,Global,3,Both,17,60-64 years,697,Falls,1,Number,2021,3262327.69435911,4011223.60491788,2645875.29463651,I_include,Global,320047853.312832,329387624.27068,311524379.587396,3.68223,3.68
2,DALYs (Disability-Adjusted Life Years),1,Global,3,Both,18,65-69 years,697,Falls,1,Number,2021,3512854.64555363,4280736.4047708,2838070.32311103,I_include,Global,275842158.522357,284217678.194795,268116931.088218,2.98509,2.99
2,DALYs (Disability-Adjusted Life Years),1,Global,3,Both,19,70-74 years,697,Falls,1,Number,2021,3514281.78671642,4243340.77904253,2857024.76375317,I_include,Global,205839220.385999,211972020.164289,200406728.542811,2.26526,2.27
2,DALYs (Disability-Adjusted Life Years),1,Global,3,Both,20,75-79 years,697,Falls,1,Number,2021,3053747.34513988,3657236.17127768,2493464.99706492,I_include,Global,131884404.580217,135613447.4,128518633.372437,1.59758,1.6
2,DALYs (Disability-Adjusted Life Years),1,Global,3,Both,30,80-84 years,697,Falls,1,Number,2021,2884292.62913756,3435656.64369278,2376200.74461947,I_include,Global,87583056.918491,89948887.7796038,85481848.25,1.09729,1.1
2,DALYs (Disability-Adjusted Life Years),1,Global,3,Both,31,85-89 years,697,Falls,1,Number,2021,2240567.49466919,2678621.13759988,1863557.87379882,I_include,Global,45721791.0517717,46852862.726504,44709230.7009568,0.604519,0.6
2,DALYs (Disability-Adjusted Life Years),1,Global,3,Both,32,90-94 years,697,Falls,1,Number,2021,1253796.41914727,1496579.84872822,1056577.07036119,I_include,Global,17889373.591415,18289317.0157285,17518670.986049,0.246663,0.25
2,DALYs (Disability-Adjusted Life Years),1,Global,3,Both,235,95+ years,697,Falls,1,Number,2021,493226.348823322,588422.881901302,414188.351016364,I_include,Global,5450308.67493343,5569992.58267677,5337366.13587716,0.0785092,0.08
2,DALYs (Disability-Adjusted Life Years),1,Global,3,Both,10,25-29 years,698,Drowning,1,Number,2021,768164.141096752,822952.957700253,715063.730266634,I_include,Global,588343218.626762,607422118.669863,570487097.318648,7.59144,7.59
2,DALYs (Disability-Adjusted Life Years),1,Global,3,Both,11,30-34 years,698,Drowning,1,Number,2021,758675.208030001,808153.180905262,707536.368960784,I_include,Global,604480174.775885,623603836.164416,586195014.793618,7.32171,7.32
2,DALYs (Disability-Adjusted Life Years),1,Global,3,Both,12,35-39 years,698,Drowning,1,Number,2021,667506.806364201,719384.50268166,617619.078763269,I_include,Global,560866105.914554,578297964.608428,544251815.345755,6.82805,6.83
2,DALYs (Disability-Adjusted Life Years),1,Global,3,Both,13,40-44 years,698,Drowning,1,Number,2021,576893.024605277,621073.755728682,535546.453516799,I_include,Global,500250795.605694,515432478.206861,485928430.82182,6.14735,6.15
2,DALYs (Disability-Adjusted Life Years),1,Global,3,Both,14,45-49 years,698,Drowning,1,Number,2021,485057.049933397,525630.220564322,444853.361748076,I_include,Global,473504625.903218,487919674.240222,460213135.719539,5.51133,5.51
2,DALYs (Disability-Adjusted Life Years),1,Global,3,Both,15,50-54 years,698,Drowning,1,Number,2021,454218.224217855,491542.832007441,415465.270103534,I_include,Global,444922982.841121,458714304.258768,432300957.286386,4.91312,4.91
2,DALYs (Disability-Adjusted Life Years),1,Global,3,Both,16,55-59 years,698,Drowning,1,Number,2021,385855.091136802,418704.949076218,356036.414478394,I_include,Global,395728004,407669300.348216,384764582.368839,4.34586,4.35
2,DALYs (Disability-Adjusted Life Years),1,Global,3,Both,17,60-64 years,698,Drowning,1,Number,2021,304685.485723826,328162.855695701,282927.750513951,I_include,Global,320047853.312832,329387624.27068,311524379.587396,3.68223,3.68
2,DALYs (Disability-Adjusted Life Years),1,Global,3,Both,18,65-69 years,698,Drowning,1,Number,2021,277712.4381,299506.62969568,256768.350620412,I_include,Global,275842158.522357,284217678.194795,268116931.088218,2.98509,2.99
2,DALYs (Disability-Adjusted Life Years),1,Global,3,Both,19,70-74 years,698,Drowning,1,Number,2021,226903.531883967,244894.657715135,210293.925137801,I_include,Global,205839220.385999,211972020.164289,200406728.542811,2.26526,2.27
2,DALYs (Disability-Adjusted Life Years),1,Global,3,Both,20,75-79 years,698,Drowning,1,Number,2021,165615.733289557,180225.397848695,150707.760205131,I_include,Global,131884404.580217,135613447.4,128518633.372437,1.59758,1.6
2,DALYs (Disability-Adjusted Life Years),1,Global,3,Both,30,80-84 years,698,Drowning,1,Number,2021,116087.267022403,127414.455475338,101553.238914348,I_include,Global,87583056.918491,89948887.7796038,85481848.25,1.09729,1.1
2,DALYs (Disability-Adjusted Life Years),1,Global,3,Both,31,85-89 years,698,Drowning,1,Number,2021,69726.35262,77474.8906321105,59264.6028200077,I_include,Global,45721791.0517717,46852862.726504,44709230.7009568,0.604519,0.6
2,DALYs (Disability-Adjusted Life Years),1,Global,3,Both,32,90-94 years,698,Drowning,1,Number,2021,23512.3989502947,26430.429810518,19216.0974468379,I_include,Global,17889373.591415,18289317.0157285,17518670.986049,0.246663,0.25
2,DALYs (Disability-Adjusted Life Years),1,Global,3,Both,235,95+ years,698,Drowning,1,Number,2021,5945.62605840138,6826.10569303459,4548.21331497155,I_include,Global,5450308.67493343,5569992.58267677,5337366.13587716,0.0785092,0.08
2,DALYs (Disability-Adjusted Life Years),1,Global,3,Both,10,25-29 years,705,Unintentional firearm injuries,1,Number,2021,150251.430476017,195558.755024787,102370.678308265,I_include,Global,588343218.626762,607422118.669863,570487097.318648,7.59144,7.59
2,DALYs (Disability-Adjusted Life Years),1,Global,3,Both,11,30-34 years,705,Unintentional firearm injuries,1,Number,2021,113425.144011738,145739.881575904,82839.3793266012,I_include,Global,604480174.775885,623603836.164416,586195014.793618,7.32171,7.32
2,DALYs (Disability-Adjusted Life Years),1,Global,3,Both,12,35-39 years,705,Unintentional firearm injuries,1,Number,2021,95681.5294072203,121156.156782088,71882.0849289905,I_include,Global,560866105.914554,578297964.608428,544251815.345755,6.82805,6.83
2,DALYs (Disability-Adjusted Life Years),1,Global,3,Both,13,40-44 years,705,Unintentional firearm injuries,1,Number,2021,78403.6061195749,97729.9108267467,60551.5956304769,I_include,Global,500250795.605694,515432478.206861,485928430.82182,6.14735,6.15
2,DALYs (Disability-Adjusted Life Years),1,Global,3,Both,14,45-49 years,705,Unintentional firearm injuries,1,Number,2021,72707.7506158512,94019.7546659861,54512.4359227738,I_include,Global,473504625.903218,487919674.240222,460213135.719539,5.51133,5.51
2,DALYs (Disability-Adjusted Life Years),1,Global,3,Both,15,50-54 years,705,Unintentional firearm injuries,1,Number,2021,53099.0703044408,65947.5256427755,42029.6006136459,I_include,Global,444922982.841121,458714304.258768,432300957.286386,4.91312,4.91
2,DALYs (Disability-Adjusted Life Years),1,Global,3,Both,16,55-59 years,705,Unintentional firearm injuries,1,Number,2021,43854.8178192176,54654.8192557814,35447.5903718362,I_include,Global,395728004,407669300.348216,384764582.368839,4.34586,4.35
2,DALYs (Disability-Adjusted Life Years),1,Global,3,Both,17,60-64 years,705,Unintentional firearm injuries,1,Number,2021,34431.7811701692,43540.7132312657,27696.6807144271,I_include,Global,320047853.312832,329387624.27068,311524379.587396,3.68223,3.68
2,DALYs (Disability-Adjusted Life Years),1,Global,3,Both,18,65-69 years,705,Unintentional firearm injuries,1,Number,2021,26702.2846333221,33976.865899906,21047.1697238576,I_include,Global,275842158.522357,284217678.194795,268116931.088218,2.98509,2.99
2,DALYs (Disability-Adjusted Life Years),1,Global,3,Both,19,70-74 years,705,Unintentional firearm injuries,1,Number,2021,19403.9662028928,25034.5490530594,15244.5216459055,I_include,Global,205839220.385999,211972020.164289,200406728.542811,2.26526,2.27
2,DALYs (Disability-Adjusted Life Years),1,Global,3,Both,20,75-79 years,705,Unintentional firearm injuries,1,Number,2021,12509.7658080519,16061.3672098539,9672.77940764054,I_include,Global,131884404.580217,135613447.4,128518633.372437,1.59758,1.6
2,DALYs (Disability-Adjusted Life Years),1,Global,3,Both,30,80-84 years,705,Unintentional firearm injuries,1,Number,2021,8182.28024078992,10677.5127829239,6274.43644751027,I_include,Global,87583056.918491,89948887.7796038,85481848.25,1.09729,1.1
2,DALYs (Disability-Adjusted Life Years),1,Global,3,Both,31,85-89 years,705,Unintentional firearm injuries,1,Number,2021,4541.22307760063,5955.0347948713,3469.19375958423,I_include,Global,45721791.0517717,46852862.726504,44709230.7009568,0.604519,0.6
2,DALYs (Disability-Adjusted Life Years),1,Global,3,Both,32,90-94 years,705,Unintentional firearm injuries,1,Number,2021,2209.53883596542,2810.54051816608,1711.24789213988,I_include,Global,17889373.591415,18289317.0157285,17518670.986049,0.246663,0.25
2,DALYs (Disability-Adjusted Life Years),1,Global,3,Both,235,95+ years,705,Unintentional firearm injuries,1,Number,2021,918.768869265873,1195.75130304508,705.684103790324,I_include,Global,5450308.67493343,5569992.58267677,5337366.13587716,0.0785092,0.08
2,DALYs (Disability-Adjusted Life Years),1,Global,3,Both,10,25-29 years,708,Adverse effects of medical treatment,1,Number,2021,192706.85621515,236079.818410653,162629.232723852,I_include,Global,588343218.626762,607422118.669863,570487097.318648,7.59144,7.59
2,DALYs (Disability-Adjusted Life Years),1,Global,3,Both,11,30-34 years,708,Adverse effects of medical treatment,1,Number,2021,170039.139465152,207615.407464574,146697.992028442,I_include,Global,604480174.775885,623603836.164416,586195014.793618,7.32171,7.32
2,DALYs (Disability-Adjusted Life Years),1,Global,3,Both,12,35-39 years,708,Adverse effects of medical treatment,1,Number,2021,190469.250080429,232280.572249535,156970.044953333,I_include,Global,560866105.914554,578297964.608428,544251815.345755,6.82805,6.83
2,DALYs (Disability-Adjusted Life Years),1,Global,3,Both,13,40-44 years,708,Adverse effects of medical treatment,1,Number,2021,195474.865364102,226242.193145505,163870.920018068,I_include,Global,500250795.605694,515432478.206861,485928430.82182,6.14735,6.15
2,DALYs (Disability-Adjusted Life Years),1,Global,3,Both,14,45-49 years,708,Adverse effects of medical treatment,1,Number,2021,200854.754055694,232874.751349512,171331.265900869,I_include,Global,473504625.903218,487919674.240222,460213135.719539,5.51133,5.51
2,DALYs (Disability-Adjusted Life Years),1,Global,3,Both,15,50-54 years,708,Adverse effects of medical treatment,1,Number,2021,195175.531715189,221355.808222489,167516.979395087,I_include,Global,444922982.841121,458714304.258768,432300957.286386,4.91312,4.91
2,DALYs (Disability-Adjusted Life Years),1,Global,3,Both,16,55-59 years,708,Adverse effects of medical treatment,1,Number,2021,236149.75709314,269497.244073883,200971.271829427,I_include,Global,395728004,407669300.348216,384764582.368839,4.34586,4.35
2,DALYs (Disability-Adjusted Life Years),1,Global,3,Both,17,60-64 years,708,Adverse effects of medical treatment,1,Number,2021,285683.319364441,321784.660265241,243513.479163628,I_include,Global,320047853.312832,329387624.27068,311524379.587396,3.68223,3.68
2,DALYs (Disability-Adjusted Life Years),1,Global,3,Both,18,65-69 years,708,Adverse effects of medical treatment,1,Number,2021,295250.170608621,328085.327722354,251942.786616821,I_include,Global,275842158.522357,284217678.194795,268116931.088218,2.98509,2.99
2,DALYs (Disability-Adjusted Life Years),1,Global,3,Both,19,70-74 years,708,Adverse effects of medical treatment,1,Number,2021,248620.002724421,276486.250979944,216853.723826142,I_include,Global,205839220.385999,211972020.164289,200406728.542811,2.26526,2.27
2,DALYs (Disability-Adjusted Life Years),1,Global,3,Both,20,75-79 years,708,Adverse effects of medical treatment,1,Number,2021,177370.114416522,196526.735483192,156204.100001887,I_include,Global,131884404.580217,135613447.4,128518633.372437,1.59758,1.6
2,DALYs (Disability-Adjusted Life Years),1,Global,3,Both,30,80-84 years,708,Adverse effects of medical treatment,1,Number,2021,128347.063714774,141313.254361126,112103.625272678,I_include,Global,87583056.918491,89948887.7796038,85481848.25,1.09729,1.1
2,DALYs (Disability-Adjusted Life Years),1,Global,3,Both,31,85-89 years,708,Adverse effects of medical treatment,1,Number,2021,77332.9078552861,85089.1190452437,65841.3296788589,I_include,Global,45721791.0517717,46852862.726504,44709230.7009568,0.604519,0.6
2,DALYs (Disability-Adjusted Life Years),1,Global,3,Both,32,90-94 years,708,Adverse effects of medical treatment,1,Number,2021,37494.102515875,41839.4999406058,30662.7214983539,I_include,Global,17889373.591415,18289317.0157285,17518670.986049,0.246663,0.25
2,DALYs (Disability-Adjusted Life Years),1,Global,3,Both,235,95+ years,708,Adverse effects of medical treatment,1,Number,2021,14283.3027731383,16222.2759784239,10825.2166838747,I_include,Global,5450308.67493343,5569992.58267677,5337366.13587716,0.0785092,0.08
2,DALYs (Disability-Adjusted Life Years),1,Global,3,Both,10,25-29 years,996,Liver cancer due to NASH,1,Number,2021,13067.6163866457,19889.2272088289,8589.1274278186,I_include,Global,588343218.626762,607422118.669863,570487097.318648,7.59144,7.59
2,DALYs (Disability-Adjusted Life Years),1,Global,3,Both,11,30-34 years,996,Liver cancer due to NASH,1,Number,2021,18863.4056571986,26467.7143416878,13227.1052459984,I_include,Global,604480174.775885,623603836.164416,586195014.793618,7.32171,7.32
2,DALYs (Disability-Adjusted Life Years),1,Global,3,Both,12,35-39 years,996,Liver cancer due to NASH,1,Number,2021,26262.7257324465,36935.3736326593,17500.3756981858,I_include,Global,560866105.914554,578297964.608428,544251815.345755,6.82805,6.83
2,DALYs (Disability-Adjusted Life Years),1,Global,3,Both,13,40-44 years,996,Liver cancer due to NASH,1,Number,2021,38174.8078526286,53791.0085248033,26140.9327179532,I_include,Global,500250795.605694,515432478.206861,485928430.82182,6.14735,6.15
2,DALYs (Disability-Adjusted Life Years),1,Global,3,Both,14,45-49 years,996,Liver cancer due to NASH,1,Number,2021,61219.5531789575,84730.3827218133,42383.1804375092,I_include,Global,473504625.903218,487919674.240222,460213135.719539,5.51133,5.51
2,DALYs (Disability-Adjusted Life Years),1,Global,3,Both,15,50-54 years,996,Liver cancer due to NASH,1,Number,2021,94858.4395844799,130644.232752672,65593.3759876165,I_include,Global,444922982.841121,458714304.258768,432300957.286386,4.91312,4.91
2,DALYs (Disability-Adjusted Life Years),1,Global,3,Both,16,55-59 years,996,Liver cancer due to NASH,1,Number,2021,125478.446445306,182201.137030065,86665.3454512138,I_include,Global,395728004,407669300.348216,384764582.368839,4.34586,4.35
2,DALYs (Disability-Adjusted Life Years),1,Global,3,Both,17,60-64 years,996,Liver cancer due to NASH,1,Number,2021,138945.376301868,196322.320610299,97654.3988869538,I_include,Global,320047853.312832,329387624.27068,311524379.587396,3.68223,3.68
2,DALYs (Disability-Adjusted Life Years),1,Global,3,Both,18,65-69 years,996,Liver cancer due to NASH,1,Number,2021,148512.963617767,199927.111769339,103921.474861517,I_include,Global,275842158.522357,284217678.194795,268116931.088218,2.98509,2.99
2,DALYs (Disability-Adjusted Life Years),1,Global,3,Both,19,70-74 years,996,Liver cancer due to NASH,1,Number,2021,119721.129892299,158306.109200836,83984.3401489435,I_include,Global,205839220.385999,211972020.164289,200406728.542811,2.26526,2.27
2,DALYs (Disability-Adjusted Life Years),1,Global,3,Both,20,75-79 years,996,Liver cancer due to NASH,1,Number,2021,87230.7515273473,118154.318689862,62701.8302278978,I_include,Global,131884404.580217,135613447.4,128518633.372437,1.59758,1.6
2,DALYs (Disability-Adjusted Life Years),1,Global,3,Both,30,80-84 years,996,Liver cancer due to NASH,1,Number,2021,59338.1729328957,81107.3218119197,41485.209543982,I_include,Global,87583056.918491,89948887.7796038,85481848.25,1.09729,1.1
2,DALYs (Disability-Adjusted Life Years),1,Global,3,Both,31,85-89 years,996,Liver cancer due to NASH,1,Number,2021,28600.6008326904,38835.1128287288,19858.2608088164,I_include,Global,45721791.0517717,46852862.726504,44709230.7009568,0.604519,0.6
2,DALYs (Disability-Adjusted Life Years),1,Global,3,Both,32,90-94 years,996,Liver cancer due to NASH,1,Number,2021,10666.5845816759,15252.00409,6881.44038851995,I_include,Global,17889373.591415,18289317.0157285,17518670.986049,0.246663,0.25
2,DALYs (Disability-Adjusted Life Years),1,Global,3,Both,235,95+ years,996,Liver cancer due to NASH,1,Number,2021,2781.21503951454,4513.46305510865,1546.32833291378,I_include,Global,5450308.67493343,5569992.58267677,5337366.13587716,0.0785092,0.08
2,DALYs (Disability-Adjusted Life Years),1,Global,3,Both,10,25-29 years,998,Chronic kidney disease due to diabetes mellitus type 2,1,Number,2021,11653.0101410804,20359.2127218385,6504.62916948519,I_include,Global,588343218.626762,607422118.669863,570487097.318648,7.59144,7.59
2,DALYs (Disability-Adjusted Life Years),1,Global,3,Both,11,30-34 years,998,Chronic kidney disease due to diabetes mellitus type 2,1,Number,2021,44497.1492910813,71800.5729786407,24425.0176906272,I_include,Global,604480174.775885,623603836.164416,586195014.793618,7.32171,7.32
2,DALYs (Disability-Adjusted Life Years),1,Global,3,Both,12,35-39 years,998,Chronic kidney disease due to diabetes mellitus type 2,1,Number,2021,115202.115242961,188340.524282918,68900.3828378228,I_include,Global,560866105.914554,578297964.608428,544251815.345755,6.82805,6.83
2,DALYs (Disability-Adjusted Life Years),1,Global,3,Both,13,40-44 years,998,Chronic kidney disease due to diabetes mellitus type 2,1,Number,2021,242718.109272808,379032.395167845,140295.619902948,I_include,Global,500250795.605694,515432478.206861,485928430.82182,6.14735,6.15
2,DALYs (Disability-Adjusted Life Years),1,Global,3,Both,14,45-49 years,998,Chronic kidney disease due to diabetes mellitus type 2,1,Number,2021,442245.817383487,641534.791457192,285732.277891252,I_include,Global,473504625.903218,487919674.240222,460213135.719539,5.51133,5.51
2,DALYs (Disability-Adjusted Life Years),1,Global,3,Both,15,50-54 years,998,Chronic kidney disease due to diabetes mellitus type 2,1,Number,2021,792059.655163377,1106857.47882974,532495.024148624,I_include,Global,444922982.841121,458714304.258768,432300957.286386,4.91312,4.91
2,DALYs (Disability-Adjusted Life Years),1,Global,3,Both,16,55-59 years,998,Chronic kidney disease due to diabetes mellitus type 2,1,Number,2021,1230675.02854778,1650236.39071506,896212.391713164,I_include,Global,395728004,407669300.348216,384764582.368839,4.34586,4.35
2,DALYs (Disability-Adjusted Life Years),1,Global,3,Both,17,60-64 years,998,Chronic kidney disease due to diabetes mellitus type 2,1,Number,2021,1482393.94920772,1926613.79084266,1122053.34888962,I_include,Global,320047853.312832,329387624.27068,311524379.587396,3.68223,3.68
2,DALYs (Disability-Adjusted Life Years),1,Global,3,Both,18,65-69 years,998,Chronic kidney disease due to diabetes mellitus type 2,1,Number,2021,1766684.78594434,2183659.27864248,1312343.94410455,I_include,Global,275842158.522357,284217678.194795,268116931.088218,2.98509,2.99
2,DALYs (Disability-Adjusted Life Years),1,Global,3,Both,19,70-74 years,998,Chronic kidney disease due to diabetes mellitus type 2,1,Number,2021,1724463.7518596,2136450.4914979,1298834.00612718,I_include,Global,205839220.385999,211972020.164289,200406728.542811,2.26526,2.27
2,DALYs (Disability-Adjusted Life Years),1,Global,3,Both,20,75-79 years,998,Chronic kidney disease due to diabetes mellitus type 2,1,Number,2021,1350724.63589301,1657141.20288538,1073379.09979426,I_include,Global,131884404.580217,135613447.4,128518633.372437,1.59758,1.6
2,DALYs (Disability-Adjusted Life Years),1,Global,3,Both,30,80-84 years,998,Chronic kidney disease due to diabetes mellitus type 2,1,Number,2021,985576.888263228,1232719.08048375,748307.202532145,I_include,Global,87583056.918491,89948887.7796038,85481848.25,1.09729,1.1
2,DALYs (Disability-Adjusted Life Years),1,Global,3,Both,31,85-89 years,998,Chronic kidney disease due to diabetes mellitus type 2,1,Number,2021,644461.43009424,831151.752672377,466910.931504376,I_include,Global,45721791.0517717,46852862.726504,44709230.7009568,0.604519,0.6
2,DALYs (Disability-Adjusted Life Years),1,Global,3,Both,32,90-94 years,998,Chronic kidney disease due to diabetes mellitus type 2,1,Number,2021,322079.378848311,433415.390905555,230107.060522478,I_include,Global,17889373.591415,18289317.0157285,17518670.986049,0.246663,0.25
2,DALYs (Disability-Adjusted Life Years),1,Global,3,Both,235,95+ years,998,Chronic kidney disease due to diabetes mellitus type 2,1,Number,2021,120531.537075003,182006.930171073,68991.9080195087,I_include,Global,5450308.67493343,5569992.58267677,5337366.13587716,0.0785092,0.08
2,DALYs (Disability-Adjusted Life Years),1,Global,3,Both,10,25-29 years,999,Refraction disorders,1,Number,2021,252148.292771215,382126.595193602,162729.033684069,P_include,Global,588343218.626762,607422118.669863,570487097.318648,7.59144,7.59
2,DALYs (Disability-Adjusted Life Years),1,Global,3,Both,11,30-34 years,999,Refraction disorders,1,Number,2021,271177.829907186,409708.201555961,169701.936093045,P_include,Global,604480174.775885,623603836.164416,586195014.793618,7.32171,7.32
2,DALYs (Disability-Adjusted Life Years),1,Global,3,Both,12,35-39 years,999,Refraction disorders,1,Number,2021,297049.978292899,440905.033184176,187761.57915196,P_include,Global,560866105.914554,578297964.608428,544251815.345755,6.82805,6.83
2,DALYs (Disability-Adjusted Life Years),1,Global,3,Both,13,40-44 years,999,Refraction disorders,1,Number,2021,333488.239216573,507444.69040538,212413.397157399,P_include,Global,500250795.605694,515432478.206861,485928430.82182,6.14735,6.15
2,DALYs (Disability-Adjusted Life Years),1,Global,3,Both,14,45-49 years,999,Refraction disorders,1,Number,2021,429536.25339847,646895.413000196,281598.102926048,P_include,Global,473504625.903218,487919674.240222,460213135.719539,5.51133,5.51
2,DALYs (Disability-Adjusted Life Years),1,Global,3,Both,15,50-54 years,999,Refraction disorders,1,Number,2021,536116.025535749,814094.737331274,351170.666327277,P_include,Global,444922982.841121,458714304.258768,432300957.286386,4.91312,4.91
2,DALYs (Disability-Adjusted Life Years),1,Global,3,Both,16,55-59 years,999,Refraction disorders,1,Number,2021,635238.800973647,965389.210291399,402989.290428798,P_include,Global,395728004,407669300.348216,384764582.368839,4.34586,4.35
2,DALYs (Disability-Adjusted Life Years),1,Global,3,Both,17,60-64 years,999,Refraction disorders,1,Number,2021,647105.018606761,970537.836626304,423152.893391224,P_include,Global,320047853.312832,329387624.27068,311524379.587396,3.68223,3.68
2,DALYs (Disability-Adjusted Life Years),1,Global,3,Both,18,65-69 years,999,Refraction disorders,1,Number,2021,669820.827355648,995310.395999722,444018.197442561,P_include,Global,275842158.522357,284217678.194795,268116931.088218,2.98509,2.99
2,DALYs (Disability-Adjusted Life Years),1,Global,3,Both,19,70-74 years,999,Refraction disorders,1,Number,2021,566572.659909575,828724.336113253,381030.094399918,P_include,Global,205839220.385999,211972020.164289,200406728.542811,2.26526,2.27
2,DALYs (Disability-Adjusted Life Years),1,Global,3,Both,20,75-79 years,999,Refraction disorders,1,Number,2021,401291.796126698,570082.849178716,278828.796893617,P_include,Global,131884404.580217,135613447.4,128518633.372437,1.59758,1.6
2,DALYs (Disability-Adjusted Life Years),1,Global,3,Both,30,80-84 years,999,Refraction disorders,1,Number,2021,268107.05178586,382165.403990009,190856.454353424,P_include,Global,87583056.918491,89948887.7796038,85481848.25,1.09729,1.1
2,DALYs (Disability-Adjusted Life Years),1,Global,3,Both,31,85-89 years,999,Refraction disorders,1,Number,2021,133762.768812725,185020.676876768,92824.1694292168,P_include,Global,45721791.0517717,46852862.726504,44709230.7009568,0.604519,0.6
2,DALYs (Disability-Adjusted Life Years),1,Global,3,Both,32,90-94 years,999,Refraction disorders,1,Number,2021,45605.9277373126,66114.8083001698,30584.3120067086,P_include,Global,17889373.591415,18289317.0157285,17518670.986049,0.246663,0.25
2,DALYs (Disability-Adjusted Life Years),1,Global,3,Both,235,95+ years,999,Refraction disorders,1,Number,2021,12299.256827283,17817.3119357847,8148.55978341558,P_include,Global,5450308.67493343,5569992.58267677,5337366.13587716,0.0785092,0.08
2,DALYs (Disability-Adjusted Life Years),1,Global,3,Both,10,25-29 years,1006,Burkitt lymphoma,1,Number,2021,10448.6153399888,14588.9624026892,5663.84755616715,I_include,Global,588343218.626762,607422118.669863,570487097.318648,7.59144,7.59
2,DALYs (Disability-Adjusted Life Years),1,Global,3,Both,11,30-34 years,1006,Burkitt lymphoma,1,Number,2021,9678.03937407981,13556.8263528284,5461.19180891454,I_include,Global,604480174.775885,623603836.164416,586195014.793618,7.32171,7.32
2,DALYs (Disability-Adjusted Life Years),1,Global,3,Both,12,35-39 years,1006,Burkitt lymphoma,1,Number,2021,8624.05118932847,12426.4617243957,5117.53218564638,I_include,Global,560866105.914554,578297964.608428,544251815.345755,6.82805,6.83
2,DALYs (Disability-Adjusted Life Years),1,Global,3,Both,13,40-44 years,1006,Burkitt lymphoma,1,Number,2021,8158.57404330997,11322.0154918166,4782.30133519723,I_include,Global,500250795.605694,515432478.206861,485928430.82182,6.14735,6.15
2,DALYs (Disability-Adjusted Life Years),1,Global,3,Both,14,45-49 years,1006,Burkitt lymphoma,1,Number,2021,9462.84138658273,13264.8975866097,5396.57864285177,I_include,Global,473504625.903218,487919674.240222,460213135.719539,5.51133,5.51
2,DALYs (Disability-Adjusted Life Years),1,Global,3,Both,15,50-54 years,1006,Burkitt lymphoma,1,Number,2021,9005.9677321697,13027.8316209044,4859.1559241131,I_include,Global,444922982.841121,458714304.258768,432300957.286386,4.91312,4.91
2,DALYs (Disability-Adjusted Life Years),1,Global,3,Both,16,55-59 years,1006,Burkitt lymphoma,1,Number,2021,9227.38825045106,14164.2357772294,4783.69758631728,I_include,Global,395728004,407669300.348216,384764582.368839,4.34586,4.35
2,DALYs (Disability-Adjusted Life Years),1,Global,3,Both,17,60-64 years,1006,Burkitt lymphoma,1,Number,2021,8893.80212131771,13916.9688978779,4628.93397148981,I_include,Global,320047853.312832,329387624.27068,311524379.587396,3.68223,3.68
2,DALYs (Disability-Adjusted Life Years),1,Global,3,Both,18,65-69 years,1006,Burkitt lymphoma,1,Number,2021,8071.5564490901,13351.2744623728,3762.55262629151,I_include,Global,275842158.522357,284217678.194795,268116931.088218,2.98509,2.99
2,DALYs (Disability-Adjusted Life Years),1,Global,3,Both,19,70-74 years,1006,Burkitt lymphoma,1,Number,2021,7037.00609870153,12282.8134919447,3223.20352169976,I_include,Global,205839220.385999,211972020.164289,200406728.542811,2.26526,2.27
2,DALYs (Disability-Adjusted Life Years),1,Global,3,Both,20,75-79 years,1006,Burkitt lymphoma,1,Number,2021,5213.51082308848,9817.29748733974,2188.99055802684,I_include,Global,131884404.580217,135613447.4,128518633.372437,1.59758,1.6
2,DALYs (Disability-Adjusted Life Years),1,Global,3,Both,30,80-84 years,1006,Burkitt lymphoma,1,Number,2021,3525.40389072157,7153.59356417593,1426.38727473199,I_include,Global,87583056.918491,89948887.7796038,85481848.25,1.09729,1.1
2,DALYs (Disability-Adjusted Life Years),1,Global,3,Both,31,85-89 years,1006,Burkitt lymphoma,1,Number,2021,2008.07273692575,4531.22756001649,739.874005589899,I_include,Global,45721791.0517717,46852862.726504,44709230.7009568,0.604519,0.6
2,DALYs (Disability-Adjusted Life Years),1,Global,3,Both,32,90-94 years,1006,Burkitt lymphoma,1,Number,2021,823.899770780719,2058.41977698632,289.848916585431,I_include,Global,17889373.591415,18289317.0157285,17518670.986049,0.246663,0.25
2,DALYs (Disability-Adjusted Life Years),1,Global,3,Both,235,95+ years,1006,Burkitt lymphoma,1,Number,2021,226.9223986,662.540938353982,70.882995830893,I_include,Global,5450308.67493343,5569992.58267677,5337366.13587716,0.0785092,0.08
2,DALYs (Disability-Adjusted Life Years),1,Global,3,Both,10,25-29 years,1007,Other non-Hodgkin lymphoma,1,Number,2021,249141.770831516,284849.192091144,223660.840018614,I_include,Global,588343218.626762,607422118.669863,570487097.318648,7.59144,7.59
2,DALYs (Disability-Adjusted Life Years),1,Global,3,Both,11,30-34 years,1007,Other non-Hodgkin lymphoma,1,Number,2021,286587.056503371,330053.484850681,256802.282804485,I_include,Global,604480174.775885,623603836.164416,586195014.793618,7.32171,7.32
2,DALYs (Disability-Adjusted Life Years),1,Global,3,Both,12,35-39 years,1007,Other non-Hodgkin lymphoma,1,Number,2021,331389.233077077,369837.89638048,299466.156225358,I_include,Global,560866105.914554,578297964.608428,544251815.345755,6.82805,6.83
2,DALYs (Disability-Adjusted Life Years),1,Global,3,Both,13,40-44 years,1007,Other non-Hodgkin lymphoma,1,Number,2021,376802.257861151,420658.349376458,339652.75274379,I_include,Global,500250795.605694,515432478.206861,485928430.82182,6.14735,6.15
2,DALYs (Disability-Adjusted Life Years),1,Global,3,Both,14,45-49 years,1007,Other non-Hodgkin lymphoma,1,Number,2021,443016.470161873,496789.805149222,398226.831420611,I_include,Global,473504625.903218,487919674.240222,460213135.719539,5.51133,5.51
2,DALYs (Disability-Adjusted Life Years),1,Global,3,Both,15,50-54 years,1007,Other non-Hodgkin lymphoma,1,Number,2021,584317.695070462,646303.443245103,525697.463467961,I_include,Global,444922982.841121,458714304.258768,432300957.286386,4.91312,4.91
2,DALYs (Disability-Adjusted Life Years),1,Global,3,Both,16,55-59 years,1007,Other non-Hodgkin lymphoma,1,Number,2021,712699.096912929,799365.084577312,652634.4525,I_include,Global,395728004,407669300.348216,384764582.368839,4.34586,4.35
2,DALYs (Disability-Adjusted Life Years),1,Global,3,Both,17,60-64 years,1007,Other non-Hodgkin lymphoma,1,Number,2021,742031.314814969,820436.668432952,684439.399006397,I_include,Global,320047853.312832,329387624.27068,311524379.587396,3.68223,3.68
2,DALYs (Disability-Adjusted Life Years),1,Global,3,Both,18,65-69 years,1007,Other non-Hodgkin lymphoma,1,Number,2021,796094.922237329,871015.061864582,736169.863680949,I_include,Global,275842158.522357,284217678.194795,268116931.088218,2.98509,2.99
2,DALYs (Disability-Adjusted Life Years),1,Global,3,Both,19,70-74 years,1007,Other non-Hodgkin lymphoma,1,Number,2021,738022.837249685,794152.933549552,684340.835830055,I_include,Global,205839220.385999,211972020.164289,200406728.542811,2.26526,2.27
2,DALYs (Disability-Adjusted Life Years),1,Global,3,Both,20,75-79 years,1007,Other non-Hodgkin lymphoma,1,Number,2021,517076.802486281,552520.721903853,470476.506527901,I_include,Global,131884404.580217,135613447.4,128518633.372437,1.59758,1.6
2,DALYs (Disability-Adjusted Life Years),1,Global,3,Both,30,80-84 years,1007,Other non-Hodgkin lymphoma,1,Number,2021,368212.210005593,398007.898654139,319607.85626364,I_include,Global,87583056.918491,89948887.7796038,85481848.25,1.09729,1.1
2,DALYs (Disability-Adjusted Life Years),1,Global,3,Both,31,85-89 years,1007,Other non-Hodgkin lymphoma,1,Number,2021,206922.959009426,227231.803544966,169375.659279534,I_include,Global,45721791.0517717,46852862.726504,44709230.7009568,0.604519,0.6
2,DALYs (Disability-Adjusted Life Years),1,Global,3,Both,32,90-94 years,1007,Other non-Hodgkin lymphoma,1,Number,2021,93198.1490574806,104143.020929988,72467.386229389,I_include,Global,17889373.591415,18289317.0157285,17518670.986049,0.246663,0.25
2,DALYs (Disability-Adjusted Life Years),1,Global,3,Both,235,95+ years,1007,Other non-Hodgkin lymphoma,1,Number,2021,29012.6932540572,33209.4563700588,20775.2797088056,I_include,Global,5450308.67493343,5569992.58267677,5337366.13587716,0.0785092,0.08
2,DALYs (Disability-Adjusted Life Years),1,Global,3,Both,10,25-29 years,1010,Other eye cancers,1,Number,2021,7483.87754605418,10183.3495307437,4958.18383093444,I_include,Global,588343218.626762,607422118.669863,570487097.318648,7.59144,7.59
2,DALYs (Disability-Adjusted Life Years),1,Global,3,Both,11,30-34 years,1010,Other eye cancers,1,Number,2021,8634.49610560642,11705.9158814844,5941.99529643758,I_include,Global,604480174.775885,623603836.164416,586195014.793618,7.32171,7.32
2,DALYs (Disability-Adjusted Life Years),1,Global,3,Both,12,35-39 years,1010,Other eye cancers,1,Number,2021,10111.818756144,13269.9100620436,6950.98153642792,I_include,Global,560866105.914554,578297964.608428,544251815.345755,6.82805,6.83
2,DALYs (Disability-Adjusted Life Years),1,Global,3,Both,13,40-44 years,1010,Other eye cancers,1,Number,2021,17162.8337438864,24062.2999230578,12254.1262946534,I_include,Global,500250795.605694,515432478.206861,485928430.82182,6.14735,6.15
2,DALYs (Disability-Adjusted Life Years),1,Global,3,Both,14,45-49 years,1010,Other eye cancers,1,Number,2021,18177.2546428701,24329.3024535813,13032.552429133,I_include,Global,473504625.903218,487919674.240222,460213135.719539,5.51133,5.51
2,DALYs (Disability-Adjusted Life Years),1,Global,3,Both,15,50-54 years,1010,Other eye cancers,1,Number,2021,20724.4920765252,27516.0414169644,15462.1063602277,I_include,Global,444922982.841121,458714304.258768,432300957.286386,4.91312,4.91
2,DALYs (Disability-Adjusted Life Years),1,Global,3,Both,16,55-59 years,1010,Other eye cancers,1,Number,2021,22663.9855645976,28308.7720443526,17192.9754294492,I_include,Global,395728004,407669300.348216,384764582.368839,4.34586,4.35
2,DALYs (Disability-Adjusted Life Years),1,Global,3,Both,17,60-64 years,1010,Other eye cancers,1,Number,2021,27398.7429541156,34282.377951608,20932.5205862413,I_include,Global,320047853.312832,329387624.27068,311524379.587396,3.68223,3.68
2,DALYs (Disability-Adjusted Life Years),1,Global,3,Both,18,65-69 years,1010,Other eye cancers,1,Number,2021,25822.8907503169,31808.1724778946,20412.9745922041,I_include,Global,275842158.522357,284217678.194795,268116931.088218,2.98509,2.99
2,DALYs (Disability-Adjusted Life Years),1,Global,3,Both,19,70-74 years,1010,Other eye cancers,1,Number,2021,20365.474435208,24050.413184753,16118.8053075291,I_include,Global,205839220.385999,211972020.164289,200406728.542811,2.26526,2.27
2,DALYs (Disability-Adjusted Life Years),1,Global,3,Both,20,75-79 years,1010,Other eye cancers,1,Number,2021,14120.5641620333,17145.9910071361,11040.0082181936,I_include,Global,131884404.580217,135613447.4,128518633.372437,1.59758,1.6
2,DALYs (Disability-Adjusted Life Years),1,Global,3,Both,30,80-84 years,1010,Other eye cancers,1,Number,2021,10308.0418333659,12083.0196190689,8122.54801694895,I_include,Global,87583056.918491,89948887.7796038,85481848.25,1.09729,1.1
2,DALYs (Disability-Adjusted Life Years),1,Global,3,Both,31,85-89 years,1010,Other eye cancers,1,Number,2021,5677.72111122427,6561.72773545342,4458.44867020808,I_include,Global,45721791.0517717,46852862.726504,44709230.7009568,0.604519,0.6
2,DALYs (Disability-Adjusted Life Years),1,Global,3,Both,32,90-94 years,1010,Other eye cancers,1,Number,2021,2816.17073446571,3318.09829529589,2173.42862099614,I_include,Global,17889373.591415,18289317.0157285,17518670.986049,0.246663,0.25
2,DALYs (Disability-Adjusted Life Years),1,Global,3,Both,235,95+ years,1010,Other eye cancers,1,Number,2021,1021.03802777978,1259.16250495712,726.349608504192,I_include,Global,5450308.67493343,5569992.58267677,5337366.13587716,0.0785092,0.08
2,DALYs (Disability-Adjusted Life Years),1,Global,3,Both,10,25-29 years,1011,Soft tissue and other extraosseous sarcomas,1,Number,2021,74186.458940181,95957.8537605292,63201.91325,I_include,Global,588343218.626762,607422118.669863,570487097.318648,7.59144,7.59
2,DALYs (Disability-Adjusted Life Years),1,Global,3,Both,11,30-34 years,1011,Soft tissue and other extraosseous sarcomas,1,Number,2021,77720.2259190733,101143.669657389,65917.6737250695,I_include,Global,604480174.775885,623603836.164416,586195014.793618,7.32171,7.32
2,DALYs (Disability-Adjusted Life Years),1,Global,3,Both,12,35-39 years,1011,Soft tissue and other extraosseous sarcomas,1,Number,2021,83349.8268862968,108373.87583417,70550.8951602545,I_include,Global,560866105.914554,578297964.608428,544251815.345755,6.82805,6.83
2,DALYs (Disability-Adjusted Life Years),1,Global,3,Both,13,40-44 years,1011,Soft tissue and other extraosseous sarcomas,1,Number,2021,105769.403331045,136271.142513032,86520.3994562277,I_include,Global,500250795.605694,515432478.206861,485928430.82182,6.14735,6.15
2,DALYs (Disability-Adjusted Life Years),1,Global,3,Both,14,45-49 years,1011,Soft tissue and other extraosseous sarcomas,1,Number,2021,108258.403098186,136962.15397437,89747.8169612802,I_include,Global,473504625.903218,487919674.240222,460213135.719539,5.51133,5.51
2,DALYs (Disability-Adjusted Life Years),1,Global,3,Both,15,50-54 years,1011,Soft tissue and other extraosseous sarcomas,1,Number,2021,123928.480792463,150594.527720883,104556.404613411,I_include,Global,444922982.841121,458714304.258768,432300957.286386,4.91312,4.91
2,DALYs (Disability-Adjusted Life Years),1,Global,3,Both,16,55-59 years,1011,Soft tissue and other extraosseous sarcomas,1,Number,2021,135325.417367452,164889.815227733,115606.340963777,I_include,Global,395728004,407669300.348216,384764582.368839,4.34586,4.35
2,DALYs (Disability-Adjusted Life Years),1,Global,3,Both,17,60-64 years,1011,Soft tissue and other extraosseous sarcomas,1,Number,2021,144413.428067569,173435.912192815,125277.599441188,I_include,Global,320047853.312832,329387624.27068,311524379.587396,3.68223,3.68
2,DALYs (Disability-Adjusted Life Years),1,Global,3,Both,18,65-69 years,1011,Soft tissue and other extraosseous sarcomas,1,Number,2021,134698.076330765,164510.297151702,113803.926589169,I_include,Global,275842158.522357,284217678.194795,268116931.088218,2.98509,2.99
2,DALYs (Disability-Adjusted Life Years),1,Global,3,Both,19,70-74 years,1011,Soft tissue and other extraosseous sarcomas,1,Number,2021,114676.498370693,135448.632980404,99928.7697184305,I_include,Global,205839220.385999,211972020.164289,200406728.542811,2.26526,2.27
2,DALYs (Disability-Adjusted Life Years),1,Global,3,Both,20,75-79 years,1011,Soft tissue and other extraosseous sarcomas,1,Number,2021,77687.1782095524,92038.2569747538,67016.0792486425,I_include,Global,131884404.580217,135613447.4,128518633.372437,1.59758,1.6
2,DALYs (Disability-Adjusted Life Years),1,Global,3,Both,30,80-84 years,1011,Soft tissue and other extraosseous sarcomas,1,Number,2021,58164.0039516178,69588.6915369066,50047.8576505311,I_include,Global,87583056.918491,89948887.7796038,85481848.25,1.09729,1.1
2,DALYs (Disability-Adjusted Life Years),1,Global,3,Both,31,85-89 years,1011,Soft tissue and other extraosseous sarcomas,1,Number,2021,31553.680801909,37368.9361171627,26338.6740975262,I_include,Global,45721791.0517717,46852862.726504,44709230.7009568,0.604519,0.6
2,DALYs (Disability-Adjusted Life Years),1,Global,3,Both,32,90-94 years,1011,Soft tissue and other extraosseous sarcomas,1,Number,2021,13958.0619757135,16075.8850425531,11216.0719176018,I_include,Global,17889373.591415,18289317.0157285,17518670.986049,0.246663,0.25
2,DALYs (Disability-Adjusted Life Years),1,Global,3,Both,235,95+ years,1011,Soft tissue and other extraosseous sarcomas,1,Number,2021,4116.51783545027,4765.62063861846,3012.18977275369,I_include,Global,5450308.67493343,5569992.58267677,5337366.13587716,0.0785092,0.08
2,DALYs (Disability-Adjusted Life Years),1,Global,3,Both,10,25-29 years,1012,Malignant neoplasm of bone and articular cartilage,1,Number,2021,144943.569056185,171027.350003861,120094.746670778,I_include,Global,588343218.626762,607422118.669863,570487097.318648,7.59144,7.59
2,DALYs (Disability-Adjusted Life Years),1,Global,3,Both,11,30-34 years,1012,Malignant neoplasm of bone and articular cartilage,1,Number,2021,106421.984386729,122210.414500984,87166.2093534837,I_include,Global,604480174.775885,623603836.164416,586195014.793618,7.32171,7.32
2,DALYs (Disability-Adjusted Life Years),1,Global,3,Both,12,35-39 years,1012,Malignant neoplasm of bone and articular cartilage,1,Number,2021,102086.565927601,115741.836471746,83360.2868443439,I_include,Global,560866105.914554,578297964.608428,544251815.345755,6.82805,6.83
2,DALYs (Disability-Adjusted Life Years),1,Global,3,Both,13,40-44 years,1012,Malignant neoplasm of bone and articular cartilage,1,Number,2021,116365.797960435,132663.972189466,94071.8136175789,I_include,Global,500250795.605694,515432478.206861,485928430.82182,6.14735,6.15
2,DALYs (Disability-Adjusted Life Years),1,Global,3,Both,14,45-49 years,1012,Malignant neoplasm of bone and articular cartilage,1,Number,2021,129899.399859614,149665.823179641,102237.850150386,I_include,Global,473504625.903218,487919674.240222,460213135.719539,5.51133,5.51
2,DALYs (Disability-Adjusted Life Years),1,Global,3,Both,15,50-54 years,1012,Malignant neoplasm of bone and articular cartilage,1,Number,2021,158633.292918662,182375.731898301,125356.255459546,I_include,Global,444922982.841121,458714304.258768,432300957.286386,4.91312,4.91
2,DALYs (Disability-Adjusted Life Years),1,Global,3,Both,16,55-59 years,1012,Malignant neoplasm of bone and articular cartilage,1,Number,2021,183617.804262408,211692.808278032,143391.251557812,I_include,Global,395728004,407669300.348216,384764582.368839,4.34586,4.35
2,DALYs (Disability-Adjusted Life Years),1,Global,3,Both,17,60-64 years,1012,Malignant neoplasm of bone and articular cartilage,1,Number,2021,172539.426582139,198557.733716591,133205.073582464,I_include,Global,320047853.312832,329387624.27068,311524379.587396,3.68223,3.68
2,DALYs (Disability-Adjusted Life Years),1,Global,3,Both,18,65-69 years,1012,Malignant neoplasm of bone and articular cartilage,1,Number,2021,175669.809016468,204585.1921,133042.985938796,I_include,Global,275842158.522357,284217678.194795,268116931.088218,2.98509,2.99
2,DALYs (Disability-Adjusted Life Years),1,Global,3,Both,19,70-74 years,1012,Malignant neoplasm of bone and articular cartilage,1,Number,2021,145106.4374,170023.519204887,111300.901230031,I_include,Global,205839220.385999,211972020.164289,200406728.542811,2.26526,2.27
2,DALYs (Disability-Adjusted Life Years),1,Global,3,Both,20,75-79 years,1012,Malignant neoplasm of bone and articular cartilage,1,Number,2021,92613.2878872665,106887.421891858,72808.5696415852,I_include,Global,131884404.580217,135613447.4,128518633.372437,1.59758,1.6
2,DALYs (Disability-Adjusted Life Years),1,Global,3,Both,30,80-84 years,1012,Malignant neoplasm of bone and articular cartilage,1,Number,2021,55096.1170438471,63978.565776515,43461.9057079666,I_include,Global,87583056.918491,89948887.7796038,85481848.25,1.09729,1.1
2,DALYs (Disability-Adjusted Life Years),1,Global,3,Both,31,85-89 years,1012,Malignant neoplasm of bone and articular cartilage,1,Number,2021,26925.2409067267,31278.8327638967,21200.7201063069,I_include,Global,45721791.0517717,46852862.726504,44709230.7009568,0.604519,0.6
2,DALYs (Disability-Adjusted Life Years),1,Global,3,Both,32,90-94 years,1012,Malignant neoplasm of bone and articular cartilage,1,Number,2021,10020.898073786,11487.4140313566,7927.42929573282,I_include,Global,17889373.591415,18289317.0157285,17518670.986049,0.246663,0.25
2,DALYs (Disability-Adjusted Life Years),1,Global,3,Both,235,95+ years,1012,Malignant neoplasm of bone and articular cartilage,1,Number,2021,2770.82146482721,3210.50755512018,2018.0659641636,I_include,Global,5450308.67493343,5569992.58267677,5337366.13587716,0.0785092,0.08
2,DALYs (Disability-Adjusted Life Years),1,Global,3,Both,10,25-29 years,1013,Neuroblastoma and other peripheral nervous cell tumors,1,Number,2021,8058.47025414563,9072.03388319209,6973.19105755127,I_include,Global,588343218.626762,607422118.669863,570487097.318648,7.59144,7.59
2,DALYs (Disability-Adjusted Life Years),1,Global,3,Both,11,30-34 years,1013,Neuroblastoma and other peripheral nervous cell tumors,1,Number,2021,9402.9839595055,10321.0666659497,8349.80140740015,I_include,Global,604480174.775885,623603836.164416,586195014.793618,7.32171,7.32
2,DALYs (Disability-Adjusted Life Years),1,Global,3,Both,12,35-39 years,1013,Neuroblastoma and other peripheral nervous cell tumors,1,Number,2021,8061.59163627799,8854.06502701046,7084.77825866996,I_include,Global,560866105.914554,578297964.608428,544251815.345755,6.82805,6.83
2,DALYs (Disability-Adjusted Life Years),1,Global,3,Both,13,40-44 years,1013,Neuroblastoma and other peripheral nervous cell tumors,1,Number,2021,8035.8442252726,8853.99646560497,6934.21849133822,I_include,Global,500250795.605694,515432478.206861,485928430.82182,6.14735,6.15
2,DALYs (Disability-Adjusted Life Years),1,Global,3,Both,14,45-49 years,1013,Neuroblastoma and other peripheral nervous cell tumors,1,Number,2021,9008.31692673288,9956.82548687125,7740.38374086809,I_include,Global,473504625.903218,487919674.240222,460213135.719539,5.51133,5.51
2,DALYs (Disability-Adjusted Life Years),1,Global,3,Both,15,50-54 years,1013,Neuroblastoma and other peripheral nervous cell tumors,1,Number,2021,9821.25804088836,11008.0250297452,8323.82848996628,I_include,Global,444922982.841121,458714304.258768,432300957.286386,4.91312,4.91
2,DALYs (Disability-Adjusted Life Years),1,Global,3,Both,16,55-59 years,1013,Neuroblastoma and other peripheral nervous cell tumors,1,Number,2021,10244.6841211269,11461.539359736,8627.29583976013,I_include,Global,395728004,407669300.348216,384764582.368839,4.34586,4.35
2,DALYs (Disability-Adjusted Life Years),1,Global,3,Both,17,60-64 years,1013,Neuroblastoma and other peripheral nervous cell tumors,1,Number,2021,8766.73395940807,9675.18188402447,7527.25477037621,I_include,Global,320047853.312832,329387624.27068,311524379.587396,3.68223,3.68
2,DALYs (Disability-Adjusted Life Years),1,Global,3,Both,18,65-69 years,1013,Neuroblastoma and other peripheral nervous cell tumors,1,Number,2021,8170.08719953217,9180.87868192627,6794.12734520609,I_include,Global,275842158.522357,284217678.194795,268116931.088218,2.98509,2.99
2,DALYs (Disability-Adjusted Life Years),1,Global,3,Both,19,70-74 years,1013,Neuroblastoma and other peripheral nervous cell tumors,1,Number,2021,6832.39255743531,7627.49376579844,5647.85052866322,I_include,Global,205839220.385999,211972020.164289,200406728.542811,2.26526,2.27
2,DALYs (Disability-Adjusted Life Years),1,Global,3,Both,20,75-79 years,1013,Neuroblastoma and other peripheral nervous cell tumors,1,Number,2021,4006.9021090575,4444.75725745805,3352.35491878814,I_include,Global,131884404.580217,135613447.4,128518633.372437,1.59758,1.6
2,DALYs (Disability-Adjusted Life Years),1,Global,3,Both,30,80-84 years,1013,Neuroblastoma and other peripheral nervous cell tumors,1,Number,2021,2404.07389851197,2679.60885152329,1992.11837418272,I_include,Global,87583056.918491,89948887.7796038,85481848.25,1.09729,1.1
2,DALYs (Disability-Adjusted Life Years),1,Global,3,Both,31,85-89 years,1013,Neuroblastoma and other peripheral nervous cell tumors,1,Number,2021,1323.79281205104,1504.86545963482,1091.4975219927,I_include,Global,45721791.0517717,46852862.726504,44709230.7009568,0.604519,0.6
2,DALYs (Disability-Adjusted Life Years),1,Global,3,Both,32,90-94 years,1013,Neuroblastoma and other peripheral nervous cell tumors,1,Number,2021,546.204276300418,624.041965723826,435.026727783042,I_include,Global,17889373.591415,18289317.0157285,17518670.986049,0.246663,0.25
2,DALYs (Disability-Adjusted Life Years),1,Global,3,Both,235,95+ years,1013,Neuroblastoma and other peripheral nervous cell tumors,1,Number,2021,165.820535378889,198.645444494771,121.668536905377,I_include,Global,5450308.67493343,5569992.58267677,5337366.13587716,0.0785092,0.08
2,DALYs (Disability-Adjusted Life Years),1,Global,3,Both,10,25-29 years,352,Cysticercosis,1,Number,2021,70101.1274094091,124498.959238337,33051.4385509478,P_include,Global,588343218.626762,607422118.669863,570487097.318648,7.59144,7.59
2,DALYs (Disability-Adjusted Life Years),1,Global,3,Both,11,30-34 years,352,Cysticercosis,1,Number,2021,81761.7681215825,143584.904292699,39336.242427761,P_include,Global,604480174.775885,623603836.164416,586195014.793618,7.32171,7.32
2,DALYs (Disability-Adjusted Life Years),1,Global,3,Both,12,35-39 years,352,Cysticercosis,1,Number,2021,88689.2959653669,153810.53700422,39137.1960329642,P_include,Global,560866105.914554,578297964.608428,544251815.345755,6.82805,6.83
2,DALYs (Disability-Adjusted Life Years),1,Global,3,Both,13,40-44 years,352,Cysticercosis,1,Number,2021,90658.1341099532,160789.432600765,38953.8412998954,P_include,Global,500250795.605694,515432478.206861,485928430.82182,6.14735,6.15
2,DALYs (Disability-Adjusted Life Years),1,Global,3,Both,14,45-49 years,352,Cysticercosis,1,Number,2021,90760.5632970712,157401.38731394,41508.778262193,P_include,Global,473504625.903218,487919674.240222,460213135.719539,5.51133,5.51
2,DALYs (Disability-Adjusted Life Years),1,Global,3,Both,15,50-54 years,352,Cysticercosis,1,Number,2021,94497.0360028652,158733.723778247,47721.6988917572,P_include,Global,444922982.841121,458714304.258768,432300957.286386,4.91312,4.91
2,DALYs (Disability-Adjusted Life Years),1,Global,3,Both,16,55-59 years,352,Cysticercosis,1,Number,2021,108293.256717111,187124.722240219,56770.8201487588,P_include,Global,395728004,407669300.348216,384764582.368839,4.34586,4.35
2,DALYs (Disability-Adjusted Life Years),1,Global,3,Both,17,60-64 years,352,Cysticercosis,1,Number,2021,118898.811862625,206017.235104946,62550.8114754838,P_include,Global,320047853.312832,329387624.27068,311524379.587396,3.68223,3.68
2,DALYs (Disability-Adjusted Life Years),1,Global,3,Both,18,65-69 years,352,Cysticercosis,1,Number,2021,121952.876145313,225620.364199196,58946.6033689019,P_include,Global,275842158.522357,284217678.194795,268116931.088218,2.98509,2.99
2,DALYs (Disability-Adjusted Life Years),1,Global,3,Both,19,70-74 years,352,Cysticercosis,1,Number,2021,105734.192682024,184670.990470888,49978.2833368242,P_include,Global,205839220.385999,211972020.164289,200406728.542811,2.26526,2.27
2,DALYs (Disability-Adjusted Life Years),1,Global,3,Both,20,75-79 years,352,Cysticercosis,1,Number,2021,79858.9387222609,138441.661707981,38083.5671977184,P_include,Global,131884404.580217,135613447.4,128518633.372437,1.59758,1.6
2,DALYs (Disability-Adjusted Life Years),1,Global,3,Both,30,80-84 years,352,Cysticercosis,1,Number,2021,55626.5724283097,93749.2859486271,27780.3298911096,P_include,Global,87583056.918491,89948887.7796038,85481848.25,1.09729,1.1
2,DALYs (Disability-Adjusted Life Years),1,Global,3,Both,31,85-89 years,352,Cysticercosis,1,Number,2021,29443.9023812234,49871.3350958129,14756.7212775148,P_include,Global,45721791.0517717,46852862.726504,44709230.7009568,0.604519,0.6
2,DALYs (Disability-Adjusted Life Years),1,Global,3,Both,32,90-94 years,352,Cysticercosis,1,Number,2021,12540.9723234222,22023.3595605142,6180.53364067414,P_include,Global,17889373.591415,18289317.0157285,17518670.986049,0.246663,0.25
2,DALYs (Disability-Adjusted Life Years),1,Global,3,Both,235,95+ years,352,Cysticercosis,1,Number,2021,4851.83713270851,8938.12292857545,1982.88407203286,P_include,Global,5450308.67493343,5569992.58267677,5337366.13587716,0.0785092,0.08
2,DALYs (Disability-Adjusted Life Years),1,Global,3,Both,10,25-29 years,356,Trachoma,1,Number,2021,849.613082642825,1436.00622542905,485.438106356141,P_include,Global,588343218.626762,607422118.669863,570487097.318648,7.59144,7.59
2,DALYs (Disability-Adjusted Life Years),1,Global,3,Both,11,30-34 years,356,Trachoma,1,Number,2021,1458.39876465876,2383.61633495799,772.567971635552,P_include,Global,604480174.775885,623603836.164416,586195014.793618,7.32171,7.32
2,DALYs (Disability-Adjusted Life Years),1,Global,3,Both,12,35-39 years,356,Trachoma,1,Number,2021,2466.78836207639,3832.37108747654,1378.6119926408,P_include,Global,560866105.914554,578297964.608428,544251815.345755,6.82805,6.83
2,DALYs (Disability-Adjusted Life Years),1,Global,3,Both,13,40-44 years,356,Trachoma,1,Number,2021,4173.33801327773,6511.12909053225,2443.11721032755,P_include,Global,500250795.605694,515432478.206861,485928430.82182,6.14735,6.15
2,DALYs (Disability-Adjusted Life Years),1,Global,3,Both,14,45-49 years,356,Trachoma,1,Number,2021,6511.97656564894,10329.635762849,3847.42263680642,P_include,Global,473504625.903218,487919674.240222,460213135.719539,5.51133,5.51
2,DALYs (Disability-Adjusted Life Years),1,Global,3,Both,15,50-54 years,356,Trachoma,1,Number,2021,8861.7055399037,14473.9592031898,5308.46186560792,P_include,Global,444922982.841121,458714304.258768,432300957.286386,4.91312,4.91
2,DALYs (Disability-Adjusted Life Years),1,Global,3,Both,16,55-59 years,356,Trachoma,1,Number,2021,12265.6605183364,19931.9745755906,7201.86835817125,P_include,Global,395728004,407669300.348216,384764582.368839,4.34586,4.35
2,DALYs (Disability-Adjusted Life Years),1,Global,3,Both,17,60-64 years,356,Trachoma,1,Number,2021,15909.983621594,25612.5342926923,8859.27839914082,P_include,Global,320047853.312832,329387624.27068,311524379.587396,3.68223,3.68
2,DALYs (Disability-Adjusted Life Years),1,Global,3,Both,18,65-69 years,356,Trachoma,1,Number,2021,18599.3941744149,30492.2591317537,10280.7202290054,P_include,Global,275842158.522357,284217678.194795,268116931.088218,2.98509,2.99
2,DALYs (Disability-Adjusted Life Years),1,Global,3,Both,19,70-74 years,356,Trachoma,1,Number,2021,17901.2171381883,27342.1664482411,10358.571062995,P_include,Global,205839220.385999,211972020.164289,200406728.542811,2.26526,2.27
2,DALYs (Disability-Adjusted Life Years),1,Global,3,Both,20,75-79 years,356,Trachoma,1,Number,2021,15131.5044026287,23146.2521072471,9446.86575405936,P_include,Global,131884404.580217,135613447.4,128518633.372437,1.59758,1.6
2,DALYs (Disability-Adjusted Life Years),1,Global,3,Both,30,80-84 years,356,Trachoma,1,Number,2021,10586.5389318837,16209.3769736375,6489.78897874027,P_include,Global,87583056.918491,89948887.7796038,85481848.25,1.09729,1.1
2,DALYs (Disability-Adjusted Life Years),1,Global,3,Both,31,85-89 years,356,Trachoma,1,Number,2021,5382.57206965633,8407.06342657709,3124.47952598278,P_include,Global,45721791.0517717,46852862.726504,44709230.7009568,0.604519,0.6
2,DALYs (Disability-Adjusted Life Years),1,Global,3,Both,32,90-94 years,356,Trachoma,1,Number,2021,1694.28365673623,2753.14878871637,951.748006092978,P_include,Global,17889373.591415,18289317.0157285,17518670.986049,0.246663,0.25
2,DALYs (Disability-Adjusted Life Years),1,Global,3,Both,235,95+ years,356,Trachoma,1,Number,2021,429.7904553,755.937252268322,221.650838555467,P_include,Global,5450308.67493343,5569992.58267677,5337366.13587716,0.0785092,0.08
2,DALYs (Disability-Adjusted Life Years),1,Global,3,Both,10,25-29 years,489,Other malignant neoplasms,1,Number,2021,177202.240305391,198036.479402764,150598.16743462,I_include,Global,588343218.626762,607422118.669863,570487097.318648,7.59144,7.59
2,DALYs (Disability-Adjusted Life Years),1,Global,3,Both,11,30-34 years,489,Other malignant neoplasms,1,Number,2021,188058.022552116,208209.520188815,162690.53456081,I_include,Global,604480174.775885,623603836.164416,586195014.793618,7.32171,7.32
2,DALYs (Disability-Adjusted Life Years),1,Global,3,Both,12,35-39 years,489,Other malignant neoplasms,1,Number,2021,247524.475646063,274639.148494022,215154.192395716,I_include,Global,560866105.914554,578297964.608428,544251815.345755,6.82805,6.83
2,DALYs (Disability-Adjusted Life Years),1,Global,3,Both,13,40-44 years,489,Other malignant neoplasms,1,Number,2021,336630.607952301,370559.898211676,295621.120666967,I_include,Global,500250795.605694,515432478.206861,485928430.82182,6.14735,6.15
2,DALYs (Disability-Adjusted Life Years),1,Global,3,Both,14,45-49 years,489,Other malignant neoplasms,1,Number,2021,389347.991564099,430945.400473457,342367.756204439,I_include,Global,473504625.903218,487919674.240222,460213135.719539,5.51133,5.51
2,DALYs (Disability-Adjusted Life Years),1,Global,3,Both,15,50-54 years,489,Other malignant neoplasms,1,Number,2021,518009.961790107,577274.734435926,457083.722886813,I_include,Global,444922982.841121,458714304.258768,432300957.286386,4.91312,4.91
2,DALYs (Disability-Adjusted Life Years),1,Global,3,Both,16,55-59 years,489,Other malignant neoplasms,1,Number,2021,634483.283016224,704305.678437724,557763.149278716,I_include,Global,395728004,407669300.348216,384764582.368839,4.34586,4.35
2,DALYs (Disability-Adjusted Life Years),1,Global,3,Both,17,60-64 years,489,Other malignant neoplasms,1,Number,2021,646634.886506331,705682.180679999,580940.922727985,I_include,Global,320047853.312832,329387624.27068,311524379.587396,3.68223,3.68
2,DALYs (Disability-Adjusted Life Years),1,Global,3,Both,18,65-69 years,489,Other malignant neoplasms,1,Number,2021,663863.173147524,729906.271462874,595223.067921944,I_include,Global,275842158.522357,284217678.194795,268116931.088218,2.98509,2.99
2,DALYs (Disability-Adjusted Life Years),1,Global,3,Both,19,70-74 years,489,Other malignant neoplasms,1,Number,2021,580072.436890422,638366.732957464,518213.249543029,I_include,Global,205839220.385999,211972020.164289,200406728.542811,2.26526,2.27
2,DALYs (Disability-Adjusted Life Years),1,Global,3,Both,20,75-79 years,489,Other malignant neoplasms,1,Number,2021,404091.44948789,440947.880540192,361152.970321086,I_include,Global,131884404.580217,135613447.4,128518633.372437,1.59758,1.6
2,DALYs (Disability-Adjusted Life Years),1,Global,3,Both,30,80-84 years,489,Other malignant neoplasms,1,Number,2021,287430.539032482,314288.380402363,250896.161264821,I_include,Global,87583056.918491,89948887.7796038,85481848.25,1.09729,1.1
2,DALYs (Disability-Adjusted Life Years),1,Global,3,Both,31,85-89 years,489,Other malignant neoplasms,1,Number,2021,163903.623647392,180754.813829222,137828.870476286,I_include,Global,45721791.0517717,46852862.726504,44709230.7009568,0.604519,0.6
2,DALYs (Disability-Adjusted Life Years),1,Global,3,Both,32,90-94 years,489,Other malignant neoplasms,1,Number,2021,74717.9146766972,83647.190031246,59083.4591042864,I_include,Global,17889373.591415,18289317.0157285,17518670.986049,0.246663,0.25
2,DALYs (Disability-Adjusted Life Years),1,Global,3,Both,235,95+ years,489,Other malignant neoplasms,1,Number,2021,23786.2623782225,27236.2502041391,17307.0813019416,I_include,Global,5450308.67493343,5569992.58267677,5337366.13587716,0.0785092,0.08
2,DALYs (Disability-Adjusted Life Years),1,Global,3,Both,10,25-29 years,493,Ischemic heart disease,1,Number,2021,1830416.08611365,1956968.6518529,1693642.17136006,I_include,Global,588343218.626762,607422118.669863,570487097.318648,7.59144,7.59
2,DALYs (Disability-Adjusted Life Years),1,Global,3,Both,11,30-34 years,493,Ischemic heart disease,1,Number,2021,3393809.1046378,3586699.40785779,3174407.94849866,I_include,Global,604480174.775885,623603836.164416,586195014.793618,7.32171,7.32
2,DALYs (Disability-Adjusted Life Years),1,Global,3,Both,12,35-39 years,493,Ischemic heart disease,1,Number,2021,4903530.11527064,5219245.31821006,4624617.70703278,I_include,Global,560866105.914554,578297964.608428,544251815.345755,6.82805,6.83
2,DALYs (Disability-Adjusted Life Years),1,Global,3,Both,13,40-44 years,493,Ischemic heart disease,1,Number,2021,7733697.20692074,8257181.78204818,7256844.6467372,I_include,Global,500250795.605694,515432478.206861,485928430.82182,6.14735,6.15
2,DALYs (Disability-Adjusted Life Years),1,Global,3,Both,14,45-49 years,493,Ischemic heart disease,1,Number,2021,10691370.1118022,11413712.6950123,10026529.7173865,I_include,Global,473504625.903218,487919674.240222,460213135.719539,5.51133,5.51
2,DALYs (Disability-Adjusted Life Years),1,Global,3,Both,15,50-54 years,493,Ischemic heart disease,1,Number,2021,14731768.9183314,15648102.0945837,13819549.4919602,I_include,Global,444922982.841121,458714304.258768,432300957.286386,4.91312,4.91
2,DALYs (Disability-Adjusted Life Years),1,Global,3,Both,16,55-59 years,493,Ischemic heart disease,1,Number,2021,19071783.4711789,20260815.4790409,17955360.7706983,I_include,Global,395728004,407669300.348216,384764582.368839,4.34586,4.35
2,DALYs (Disability-Adjusted Life Years),1,Global,3,Both,17,60-64 years,493,Ischemic heart disease,1,Number,2021,21411394.9562276,22623633.6490228,20301687.7430399,I_include,Global,320047853.312832,329387624.27068,311524379.587396,3.68223,3.68
2,DALYs (Disability-Adjusted Life Years),1,Global,3,Both,18,65-69 years,493,Ischemic heart disease,1,Number,2021,23627678.5306152,24994072.6687119,22366251.2594276,I_include,Global,275842158.522357,284217678.194795,268116931.088218,2.98509,2.99
2,DALYs (Disability-Adjusted Life Years),1,Global,3,Both,19,70-74 years,493,Ischemic heart disease,1,Number,2021,22710982.9545769,23974187.5630147,21351215.2168624,I_include,Global,205839220.385999,211972020.164289,200406728.542811,2.26526,2.27
2,DALYs (Disability-Adjusted Life Years),1,Global,3,Both,20,75-79 years,493,Ischemic heart disease,1,Number,2021,18482164.8674854,19567920.8372365,17118194.9477965,I_include,Global,131884404.580217,135613447.4,128518633.372437,1.59758,1.6
2,DALYs (Disability-Adjusted Life Years),1,Global,3,Both,30,80-84 years,493,Ischemic heart disease,1,Number,2021,17192462.5801172,18374363.0706593,15411837.9727007,I_include,Global,87583056.918491,89948887.7796038,85481848.25,1.09729,1.1
2,DALYs (Disability-Adjusted Life Years),1,Global,3,Both,31,85-89 years,493,Ischemic heart disease,1,Number,2021,11850738.2980473,12812384.7008103,10264621.8032435,I_include,Global,45721791.0517717,46852862.726504,44709230.7009568,0.604519,0.6
2,DALYs (Disability-Adjusted Life Years),1,Global,3,Both,32,90-94 years,493,Ischemic heart disease,1,Number,2021,6411579.51526902,7022058.45113008,5305547.34797608,I_include,Global,17889373.591415,18289317.0157285,17518670.986049,0.246663,0.25
2,DALYs (Disability-Adjusted Life Years),1,Global,3,Both,235,95+ years,493,Ischemic heart disease,1,Number,2021,2426629.74714545,2739284.40148989,1832197.18548405,I_include,Global,5450308.67493343,5569992.58267677,5337366.13587716,0.0785092,0.08
2,DALYs (Disability-Adjusted Life Years),1,Global,3,Both,10,25-29 years,495,Ischemic stroke,1,Number,2021,296196.259993147,355747.280287628,241980.901136931,I_include,Global,588343218.626762,607422118.669863,570487097.318648,7.59144,7.59
2,DALYs (Disability-Adjusted Life Years),1,Global,3,Both,11,30-34 years,495,Ischemic stroke,1,Number,2021,467006.513470674,549366.233781225,393380.131443028,I_include,Global,604480174.775885,623603836.164416,586195014.793618,7.32171,7.32
2,DALYs (Disability-Adjusted Life Years),1,Global,3,Both,12,35-39 years,495,Ischemic stroke,1,Number,2021,654824.210387283,758383.300065383,561063.789791678,I_include,Global,560866105.914554,578297964.608428,544251815.345755,6.82805,6.83
2,DALYs (Disability-Adjusted Life Years),1,Global,3,Both,13,40-44 years,495,Ischemic stroke,1,Number,2021,958817.61642714,1086086.64585121,835100.541892609,I_include,Global,500250795.605694,515432478.206861,485928430.82182,6.14735,6.15
2,DALYs (Disability-Adjusted Life Years),1,Global,3,Both,14,45-49 years,495,Ischemic stroke,1,Number,2021,1615379.92185426,1809190.91219278,1418003.17968749,I_include,Global,473504625.903218,487919674.240222,460213135.719539,5.51133,5.51
2,DALYs (Disability-Adjusted Life Years),1,Global,3,Both,15,50-54 years,495,Ischemic stroke,1,Number,2021,2751876.20542595,3053188.44916568,2438703.44020364,I_include,Global,444922982.841121,458714304.258768,432300957.286386,4.91312,4.91
2,DALYs (Disability-Adjusted Life Years),1,Global,3,Both,16,55-59 years,495,Ischemic stroke,1,Number,2021,4042040.2962067,4464336.03855071,3605344.91780328,I_include,Global,395728004,407669300.348216,384764582.368839,4.34586,4.35
2,DALYs (Disability-Adjusted Life Years),1,Global,3,Both,17,60-64 years,495,Ischemic stroke,1,Number,2021,6599094.83584214,7185269.3664116,6012729.80863232,I_include,Global,320047853.312832,329387624.27068,311524379.587396,3.68223,3.68
2,DALYs (Disability-Adjusted Life Years),1,Global,3,Both,18,65-69 years,495,Ischemic stroke,1,Number,2021,8900636.62528091,9680056.86589277,8100403.96253324,I_include,Global,275842158.522357,284217678.194795,268116931.088218,2.98509,2.99
2,DALYs (Disability-Adjusted Life Years),1,Global,3,Both,19,70-74 years,495,Ischemic stroke,1,Number,2021,11633984.9816747,12561186.2730842,10720345.8643531,I_include,Global,205839220.385999,211972020.164289,200406728.542811,2.26526,2.27
2,DALYs (Disability-Adjusted Life Years),1,Global,3,Both,20,75-79 years,495,Ischemic stroke,1,Number,2021,10262922.7408036,11083883.8940368,9396849.49545503,I_include,Global,131884404.580217,135613447.4,128518633.372437,1.59758,1.6
2,DALYs (Disability-Adjusted Life Years),1,Global,3,Both,30,80-84 years,495,Ischemic stroke,1,Number,2021,10130241.9967953,10926265.7842421,9104520.42889134,I_include,Global,87583056.918491,89948887.7796038,85481848.25,1.09729,1.1
2,DALYs (Disability-Adjusted Life Years),1,Global,3,Both,31,85-89 years,495,Ischemic stroke,1,Number,2021,6810479.77473092,7407562.76884392,5942208.0756102,I_include,Global,45721791.0517717,46852862.726504,44709230.7009568,0.604519,0.6
2,DALYs (Disability-Adjusted Life Years),1,Global,3,Both,32,90-94 years,495,Ischemic stroke,1,Number,2021,3286919.94928644,3622197.17468804,2720519.78025086,I_include,Global,17889373.591415,18289317.0157285,17518670.986049,0.246663,0.25
2,DALYs (Disability-Adjusted Life Years),1,Global,3,Both,235,95+ years,495,Ischemic stroke,1,Number,2021,1199105.96156407,1359116.29864134,921087.130278111,I_include,Global,5450308.67493343,5569992.58267677,5337366.13587716,0.0785092,0.08
2,DALYs (Disability-Adjusted Life Years),1,Global,3,Both,10,25-29 years,496,Intracerebral hemorrhage,1,Number,2021,787176.660914135,878364.233484439,705253.336334315,I_include,Global,588343218.626762,607422118.669863,570487097.318648,7.59144,7.59
2,DALYs (Disability-Adjusted Life Years),1,Global,3,Both,11,30-34 years,496,Intracerebral hemorrhage,1,Number,2021,1394961.44416563,1538941.27321591,1260911.03693862,I_include,Global,604480174.775885,623603836.164416,586195014.793618,7.32171,7.32
2,DALYs (Disability-Adjusted Life Years),1,Global,3,Both,12,35-39 years,496,Intracerebral hemorrhage,1,Number,2021,2101383.01581444,2305370.73292847,1916233.86704594,I_include,Global,560866105.914554,578297964.608428,544251815.345755,6.82805,6.83
2,DALYs (Disability-Adjusted Life Years),1,Global,3,Both,13,40-44 years,496,Intracerebral hemorrhage,1,Number,2021,3364142.47984128,3712825.71042594,3071742.56546993,I_include,Global,500250795.605694,515432478.206861,485928430.82182,6.14735,6.15
2,DALYs (Disability-Adjusted Life Years),1,Global,3,Both,14,45-49 years,496,Intracerebral hemorrhage,1,Number,2021,5045551.19631921,5529223.60011699,4605747.76739374,I_include,Global,473504625.903218,487919674.240222,460213135.719539,5.51133,5.51
2,DALYs (Disability-Adjusted Life Years),1,Global,3,Both,15,50-54 years,496,Intracerebral hemorrhage,1,Number,2021,7562266.72088577,8245306.7346232,6910646.54724838,I_include,Global,444922982.841121,458714304.258768,432300957.286386,4.91312,4.91
2,DALYs (Disability-Adjusted Life Years),1,Global,3,Both,16,55-59 years,496,Intracerebral hemorrhage,1,Number,2021,9485534.00613045,10335041.9099537,8699588.38329278,I_include,Global,395728004,407669300.348216,384764582.368839,4.34586,4.35
2,DALYs (Disability-Adjusted Life Years),1,Global,3,Both,17,60-64 years,496,Intracerebral hemorrhage,1,Number,2021,9744292.61352677,10497350.2209742,8973972.68209235,I_include,Global,320047853.312832,329387624.27068,311524379.587396,3.68223,3.68
2,DALYs (Disability-Adjusted Life Years),1,Global,3,Both,18,65-69 years,496,Intracerebral hemorrhage,1,Number,2021,11434131.6504158,12436983.6117758,10459729.5317209,I_include,Global,275842158.522357,284217678.194795,268116931.088218,2.98509,2.99
2,DALYs (Disability-Adjusted Life Years),1,Global,3,Both,19,70-74 years,496,Intracerebral hemorrhage,1,Number,2021,9438535.47375804,10331312.8308531,8591640.497,I_include,Global,205839220.385999,211972020.164289,200406728.542811,2.26526,2.27
2,DALYs (Disability-Adjusted Life Years),1,Global,3,Both,20,75-79 years,496,Intracerebral hemorrhage,1,Number,2021,7578097.11718893,8264898.1701187,6848869.14937799,I_include,Global,131884404.580217,135613447.4,128518633.372437,1.59758,1.6
2,DALYs (Disability-Adjusted Life Years),1,Global,3,Both,30,80-84 years,496,Intracerebral hemorrhage,1,Number,2021,4869639.06477314,5368674.50112778,4256024.08444307,I_include,Global,87583056.918491,89948887.7796038,85481848.25,1.09729,1.1
2,DALYs (Disability-Adjusted Life Years),1,Global,3,Both,31,85-89 years,496,Intracerebral hemorrhage,1,Number,2021,3034909.5577946,3393553.25321033,2587676.32395523,I_include,Global,45721791.0517717,46852862.726504,44709230.7009568,0.604519,0.6
2,DALYs (Disability-Adjusted Life Years),1,Global,3,Both,32,90-94 years,496,Intracerebral hemorrhage,1,Number,2021,1201360.35750104,1350194.50150294,991117.707047736,I_include,Global,17889373.591415,18289317.0157285,17518670.986049,0.246663,0.25
2,DALYs (Disability-Adjusted Life Years),1,Global,3,Both,235,95+ years,496,Intracerebral hemorrhage,1,Number,2021,339565.77816273,388429.783574957,258584.529239791,I_include,Global,5450308.67493343,5569992.58267677,5337366.13587716,0.0785092,0.08
2,DALYs (Disability-Adjusted Life Years),1,Global,3,Both,10,25-29 years,497,Subarachnoid hemorrhage,1,Number,2021,251056.594000728,310349.767773602,213709.824917663,I_include,Global,588343218.626762,607422118.669863,570487097.318648,7.59144,7.59
2,DALYs (Disability-Adjusted Life Years),1,Global,3,Both,11,30-34 years,497,Subarachnoid hemorrhage,1,Number,2021,384011.351179965,470666.117471271,324451.968348542,I_include,Global,604480174.775885,623603836.164416,586195014.793618,7.32171,7.32
2,DALYs (Disability-Adjusted Life Years),1,Global,3,Both,12,35-39 years,497,Subarachnoid hemorrhage,1,Number,2021,543603.898246902,635735.690248033,468296.127737623,I_include,Global,560866105.914554,578297964.608428,544251815.345755,6.82805,6.83
2,DALYs (Disability-Adjusted Life Years),1,Global,3,Both,13,40-44 years,497,Subarachnoid hemorrhage,1,Number,2021,774120.893180355,918738.35599224,666928.775985171,I_include,Global,500250795.605694,515432478.206861,485928430.82182,6.14735,6.15
2,DALYs (Disability-Adjusted Life Years),1,Global,3,Both,14,45-49 years,497,Subarachnoid hemorrhage,1,Number,2021,890888.278697036,1069900.6855086,770192.315341957,I_include,Global,473504625.903218,487919674.240222,460213135.719539,5.51133,5.51
2,DALYs (Disability-Adjusted Life Years),1,Global,3,Both,15,50-54 years,497,Subarachnoid hemorrhage,1,Number,2021,1137717.32449797,1342645.19159497,984691.959732289,I_include,Global,444922982.841121,458714304.258768,432300957.286386,4.91312,4.91
2,DALYs (Disability-Adjusted Life Years),1,Global,3,Both,16,55-59 years,497,Subarachnoid hemorrhage,1,Number,2021,1333365.24238305,1535308.37762085,1172938.69952913,I_include,Global,395728004,407669300.348216,384764582.368839,4.34586,4.35
2,DALYs (Disability-Adjusted Life Years),1,Global,3,Both,17,60-64 years,497,Subarachnoid hemorrhage,1,Number,2021,1038147.60594314,1198763.83434049,916749.849874006,I_include,Global,320047853.312832,329387624.27068,311524379.587396,3.68223,3.68
2,DALYs (Disability-Adjusted Life Years),1,Global,3,Both,18,65-69 years,497,Subarachnoid hemorrhage,1,Number,2021,1107857.45898902,1265539.53888607,969173.938874126,I_include,Global,275842158.522357,284217678.194795,268116931.088218,2.98509,2.99
2,DALYs (Disability-Adjusted Life Years),1,Global,3,Both,19,70-74 years,497,Subarachnoid hemorrhage,1,Number,2021,873722.898158065,984762.769613439,751659.176579468,I_include,Global,205839220.385999,211972020.164289,200406728.542811,2.26526,2.27
2,DALYs (Disability-Adjusted Life Years),1,Global,3,Both,20,75-79 years,497,Subarachnoid hemorrhage,1,Number,2021,667073.346472051,756182.281686512,578673.54331322,I_include,Global,131884404.580217,135613447.4,128518633.372437,1.59758,1.6
2,DALYs (Disability-Adjusted Life Years),1,Global,3,Both,30,80-84 years,497,Subarachnoid hemorrhage,1,Number,2021,483169.340092035,546384.073995114,413973.683567565,I_include,Global,87583056.918491,89948887.7796038,85481848.25,1.09729,1.1
2,DALYs (Disability-Adjusted Life Years),1,Global,3,Both,31,85-89 years,497,Subarachnoid hemorrhage,1,Number,2021,310424.839284538,351348.274174244,258777.092602392,I_include,Global,45721791.0517717,46852862.726504,44709230.7009568,0.604519,0.6
2,DALYs (Disability-Adjusted Life Years),1,Global,3,Both,32,90-94 years,497,Subarachnoid hemorrhage,1,Number,2021,144275.51459985,164509.496393938,117162.598454513,I_include,Global,17889373.591415,18289317.0157285,17518670.986049,0.246663,0.25
2,DALYs (Disability-Adjusted Life Years),1,Global,3,Both,235,95+ years,497,Subarachnoid hemorrhage,1,Number,2021,50111.6521935359,57355.040055821,38618.8333827541,I_include,Global,5450308.67493343,5569992.58267677,5337366.13587716,0.0785092,0.08
2,DALYs (Disability-Adjusted Life Years),1,Global,3,Both,10,25-29 years,498,Hypertensive heart disease,1,Number,2021,154071.791785742,175300.379587834,118736.227025771,P_include,Global,588343218.626762,607422118.669863,570487097.318648,7.59144,7.59
2,DALYs (Disability-Adjusted Life Years),1,Global,3,Both,11,30-34 years,498,Hypertensive heart disease,1,Number,2021,288863.635251503,322298.85470449,230188.245774769,P_include,Global,604480174.775885,623603836.164416,586195014.793618,7.32171,7.32
2,DALYs (Disability-Adjusted Life Years),1,Global,3,Both,12,35-39 years,498,Hypertensive heart disease,1,Number,2021,447006.475207305,499375.366438106,352022.893592428,P_include,Global,560866105.914554,578297964.608428,544251815.345755,6.82805,6.83
2,DALYs (Disability-Adjusted Life Years),1,Global,3,Both,13,40-44 years,498,Hypertensive heart disease,1,Number,2021,709919.387120575,798950.802246128,563007.985847695,P_include,Global,500250795.605694,515432478.206861,485928430.82182,6.14735,6.15
2,DALYs (Disability-Adjusted Life Years),1,Global,3,Both,14,45-49 years,498,Hypertensive heart disease,1,Number,2021,1116388.97487819,1262032.02038953,873209.047696301,P_include,Global,473504625.903218,487919674.240222,460213135.719539,5.51133,5.51
2,DALYs (Disability-Adjusted Life Years),1,Global,3,Both,15,50-54 years,498,Hypertensive heart disease,1,Number,2021,1632639.79834508,1827075.23789484,1333436.67542362,P_include,Global,444922982.841121,458714304.258768,432300957.286386,4.91312,4.91
2,DALYs (Disability-Adjusted Life Years),1,Global,3,Both,16,55-59 years,498,Hypertensive heart disease,1,Number,2021,2143115.24721349,2386157.03437738,1767173.9396715,P_include,Global,395728004,407669300.348216,384764582.368839,4.34586,4.35
2,DALYs (Disability-Adjusted Life Years),1,Global,3,Both,17,60-64 years,498,Hypertensive heart disease,1,Number,2021,2570648.36297169,2852631.23639735,2102218.6969936,P_include,Global,320047853.312832,329387624.27068,311524379.587396,3.68223,3.68
2,DALYs (Disability-Adjusted Life Years),1,Global,3,Both,18,65-69 years,498,Hypertensive heart disease,1,Number,2021,3126409.33936699,3453827.4819245,2649380.64638044,P_include,Global,275842158.522357,284217678.194795,268116931.088218,2.98509,2.99
2,DALYs (Disability-Adjusted Life Years),1,Global,3,Both,19,70-74 years,498,Hypertensive heart disease,1,Number,2021,3380711.1104598,3767616.22719313,2831968.74398781,P_include,Global,205839220.385999,211972020.164289,200406728.542811,2.26526,2.27
2,DALYs (Disability-Adjusted Life Years),1,Global,3,Both,20,75-79 years,498,Hypertensive heart disease,1,Number,2021,3017544.71618384,3360850.74009935,2548176.89284968,P_include,Global,131884404.580217,135613447.4,128518633.372437,1.59758,1.6
2,DALYs (Disability-Adjusted Life Years),1,Global,3,Both,30,80-84 years,498,Hypertensive heart disease,1,Number,2021,2826942.3469179,3165031.11867499,2360925.8226497,P_include,Global,87583056.918491,89948887.7796038,85481848.25,1.09729,1.1
2,DALYs (Disability-Adjusted Life Years),1,Global,3,Both,31,85-89 years,498,Hypertensive heart disease,1,Number,2021,2190158.38353858,2505448.0739792,1783612.91886435,P_include,Global,45721791.0517717,46852862.726504,44709230.7009568,0.604519,0.6
2,DALYs (Disability-Adjusted Life Years),1,Global,3,Both,32,90-94 years,498,Hypertensive heart disease,1,Number,2021,1197464.67653874,1368951.39829972,969310.338172556,P_include,Global,17889373.591415,18289317.0157285,17518670.986049,0.246663,0.25
2,DALYs (Disability-Adjusted Life Years),1,Global,3,Both,235,95+ years,498,Hypertensive heart disease,1,Number,2021,502787.419936376,577877.778454981,369756.005313006,P_include,Global,5450308.67493343,5569992.58267677,5337366.13587716,0.0785092,0.08
2,DALYs (Disability-Adjusted Life Years),1,Global,3,Both,10,25-29 years,500,Atrial fibrillation and flutter,1,Number,2021,0,0,0,I_include,Global,588343218.626762,607422118.669863,570487097.318648,7.59144,7.59
2,DALYs (Disability-Adjusted Life Years),1,Global,3,Both,11,30-34 years,500,Atrial fibrillation and flutter,1,Number,2021,10077.9162122356,13318.7495312262,7925.48747502867,I_include,Global,604480174.775885,623603836.164416,586195014.793618,7.32171,7.32
2,DALYs (Disability-Adjusted Life Years),1,Global,3,Both,12,35-39 years,500,Atrial fibrillation and flutter,1,Number,2021,30885.205068559,49681.8080925368,19366.6366835943,I_include,Global,560866105.914554,578297964.608428,544251815.345755,6.82805,6.83
2,DALYs (Disability-Adjusted Life Years),1,Global,3,Both,13,40-44 years,500,Atrial fibrillation and flutter,1,Number,2021,76383.0474166234,116783.018070447,51014.3808979462,I_include,Global,500250795.605694,515432478.206861,485928430.82182,6.14735,6.15
2,DALYs (Disability-Adjusted Life Years),1,Global,3,Both,14,45-49 years,500,Atrial fibrillation and flutter,1,Number,2021,158384.097540603,221257.749933915,106686.690534288,I_include,Global,473504625.903218,487919674.240222,460213135.719539,5.51133,5.51
2,DALYs (Disability-Adjusted Life Years),1,Global,3,Both,15,50-54 years,500,Atrial fibrillation and flutter,1,Number,2021,286617.827269075,396623.350137319,194177.240470793,I_include,Global,444922982.841121,458714304.258768,432300957.286386,4.91312,4.91
2,DALYs (Disability-Adjusted Life Years),1,Global,3,Both,16,55-59 years,500,Atrial fibrillation and flutter,1,Number,2021,463951.293128686,623476.936490561,331198.148039861,I_include,Global,395728004,407669300.348216,384764582.368839,4.34586,4.35
2,DALYs (Disability-Adjusted Life Years),1,Global,3,Both,17,60-64 years,500,Atrial fibrillation and flutter,1,Number,2021,628936.407866072,846124.477522033,461139.363675077,I_include,Global,320047853.312832,329387624.27068,311524379.587396,3.68223,3.68
2,DALYs (Disability-Adjusted Life Years),1,Global,3,Both,18,65-69 years,500,Atrial fibrillation and flutter,1,Number,2021,871575.429064568,1149175.61619768,659243.038439888,I_include,Global,275842158.522357,284217678.194795,268116931.088218,2.98509,2.99
2,DALYs (Disability-Adjusted Life Years),1,Global,3,Both,19,70-74 years,500,Atrial fibrillation and flutter,1,Number,2021,1124192.53595995,1448889.82453125,883394.919433342,I_include,Global,205839220.385999,211972020.164289,200406728.542811,2.26526,2.27
2,DALYs (Disability-Adjusted Life Years),1,Global,3,Both,20,75-79 years,500,Atrial fibrillation and flutter,1,Number,2021,1159412.6383912,1463210.3773228,922654.325099489,I_include,Global,131884404.580217,135613447.4,128518633.372437,1.59758,1.6
2,DALYs (Disability-Adjusted Life Years),1,Global,3,Both,30,80-84 years,500,Atrial fibrillation and flutter,1,Number,2021,1359427.83521196,1636165.04592869,1140383.74621541,I_include,Global,87583056.918491,89948887.7796038,85481848.25,1.09729,1.1
2,DALYs (Disability-Adjusted Life Years),1,Global,3,Both,31,85-89 years,500,Atrial fibrillation and flutter,1,Number,2021,1109712.94503322,1289735.78650299,941751.241351042,I_include,Global,45721791.0517717,46852862.726504,44709230.7009568,0.604519,0.6
2,DALYs (Disability-Adjusted Life Years),1,Global,3,Both,32,90-94 years,500,Atrial fibrillation and flutter,1,Number,2021,776006.679468854,886606.865922922,638256.550138829,I_include,Global,17889373.591415,18289317.0157285,17518670.986049,0.246663,0.25
2,DALYs (Disability-Adjusted Life Years),1,Global,3,Both,235,95+ years,500,Atrial fibrillation and flutter,1,Number,2021,303329.854339844,347976.032250488,235929.85039353,I_include,Global,5450308.67493343,5569992.58267677,5337366.13587716,0.0785092,0.08
2,DALYs (Disability-Adjusted Life Years),1,Global,3,Both,10,25-29 years,503,Endocarditis,1,Number,2021,110327.730889383,128575.594718972,84684.6997142551,I_include,Global,588343218.626762,607422118.669863,570487097.318648,7.59144,7.59
2,DALYs (Disability-Adjusted Life Years),1,Global,3,Both,11,30-34 years,503,Endocarditis,1,Number,2021,122801.486216172,143777.401256807,100566.542584595,I_include,Global,604480174.775885,623603836.164416,586195014.793618,7.32171,7.32
2,DALYs (Disability-Adjusted Life Years),1,Global,3,Both,12,35-39 years,503,Endocarditis,1,Number,2021,130101.258600665,152468.461579671,103571.083795574,I_include,Global,560866105.914554,578297964.608428,544251815.345755,6.82805,6.83
2,DALYs (Disability-Adjusted Life Years),1,Global,3,Both,13,40-44 years,503,Endocarditis,1,Number,2021,133918.760189668,163082.345468032,108336.38365486,I_include,Global,500250795.605694,515432478.206861,485928430.82182,6.14735,6.15
2,DALYs (Disability-Adjusted Life Years),1,Global,3,Both,14,45-49 years,503,Endocarditis,1,Number,2021,126786.108716659,153394.599395402,104309.799498138,I_include,Global,473504625.903218,487919674.240222,460213135.719539,5.51133,5.51
2,DALYs (Disability-Adjusted Life Years),1,Global,3,Both,15,50-54 years,503,Endocarditis,1,Number,2021,126925.706129352,152195.241822455,109874.253886133,I_include,Global,444922982.841121,458714304.258768,432300957.286386,4.91312,4.91
2,DALYs (Disability-Adjusted Life Years),1,Global,3,Both,16,55-59 years,503,Endocarditis,1,Number,2021,142590.855501204,171759.461747928,122257.370447704,I_include,Global,395728004,407669300.348216,384764582.368839,4.34586,4.35
2,DALYs (Disability-Adjusted Life Years),1,Global,3,Both,17,60-64 years,503,Endocarditis,1,Number,2021,139313.053720654,161243.73377765,119982.374983305,I_include,Global,320047853.312832,329387624.27068,311524379.587396,3.68223,3.68
2,DALYs (Disability-Adjusted Life Years),1,Global,3,Both,18,65-69 years,503,Endocarditis,1,Number,2021,143056.270467307,166071.423741107,125255.818093296,I_include,Global,275842158.522357,284217678.194795,268116931.088218,2.98509,2.99
2,DALYs (Disability-Adjusted Life Years),1,Global,3,Both,19,70-74 years,503,Endocarditis,1,Number,2021,138353.617618021,157975.519665182,122827.954230844,I_include,Global,205839220.385999,211972020.164289,200406728.542811,2.26526,2.27
2,DALYs (Disability-Adjusted Life Years),1,Global,3,Both,20,75-79 years,503,Endocarditis,1,Number,2021,117385.01818756,134167.019483999,104233.252617667,I_include,Global,131884404.580217,135613447.4,128518633.372437,1.59758,1.6
2,DALYs (Disability-Adjusted Life Years),1,Global,3,Both,30,80-84 years,503,Endocarditis,1,Number,2021,107119.547445015,122299.815441834,90653.8969871414,I_include,Global,87583056.918491,89948887.7796038,85481848.25,1.09729,1.1
2,DALYs (Disability-Adjusted Life Years),1,Global,3,Both,31,85-89 years,503,Endocarditis,1,Number,2021,92972.9210068826,103494.704377342,75310.4003387791,I_include,Global,45721791.0517717,46852862.726504,44709230.7009568,0.604519,0.6
2,DALYs (Disability-Adjusted Life Years),1,Global,3,Both,32,90-94 years,503,Endocarditis,1,Number,2021,67376.7512250674,75665.1513708366,51373.7055341603,I_include,Global,17889373.591415,18289317.0157285,17518670.986049,0.246663,0.25
2,DALYs (Disability-Adjusted Life Years),1,Global,3,Both,235,95+ years,503,Endocarditis,1,Number,2021,34110.0943925637,39351.6340395249,23994.29686,I_include,Global,5450308.67493343,5569992.58267677,5337366.13587716,0.0785092,0.08
2,DALYs (Disability-Adjusted Life Years),1,Global,3,Both,10,25-29 years,507,Other cardiovascular and circulatory diseases,1,Number,2021,216832.249604343,268645.352659725,173107.146190375,P_include,Global,588343218.626762,607422118.669863,570487097.318648,7.59144,7.59
2,DALYs (Disability-Adjusted Life Years),1,Global,3,Both,11,30-34 years,507,Other cardiovascular and circulatory diseases,1,Number,2021,284848.082130599,367210.110595323,226419.888336492,P_include,Global,604480174.775885,623603836.164416,586195014.793618,7.32171,7.32
2,DALYs (Disability-Adjusted Life Years),1,Global,3,Both,12,35-39 years,507,Other cardiovascular and circulatory diseases,1,Number,2021,352751.508860142,465505.13436088,277338.297809148,P_include,Global,560866105.914554,578297964.608428,544251815.345755,6.82805,6.83
2,DALYs (Disability-Adjusted Life Years),1,Global,3,Both,13,40-44 years,507,Other cardiovascular and circulatory diseases,1,Number,2021,529103.737334086,780557.029804055,392708.29392792,P_include,Global,500250795.605694,515432478.206861,485928430.82182,6.14735,6.15
2,DALYs (Disability-Adjusted Life Years),1,Global,3,Both,14,45-49 years,507,Other cardiovascular and circulatory diseases,1,Number,2021,608338.703456125,834773.076588068,450417.234906855,P_include,Global,473504625.903218,487919674.240222,460213135.719539,5.51133,5.51
2,DALYs (Disability-Adjusted Life Years),1,Global,3,Both,15,50-54 years,507,Other cardiovascular and circulatory diseases,1,Number,2021,660286.485516301,908354.751645846,496043.642387821,P_include,Global,444922982.841121,458714304.258768,432300957.286386,4.91312,4.91
2,DALYs (Disability-Adjusted Life Years),1,Global,3,Both,16,55-59 years,507,Other cardiovascular and circulatory diseases,1,Number,2021,734770.58189884,1008498.2267281,562886.944490884,P_include,Global,395728004,407669300.348216,384764582.368839,4.34586,4.35
2,DALYs (Disability-Adjusted Life Years),1,Global,3,Both,17,60-64 years,507,Other cardiovascular and circulatory diseases,1,Number,2021,856111.055825248,1153246.06661492,665493.555865225,P_include,Global,320047853.312832,329387624.27068,311524379.587396,3.68223,3.68
2,DALYs (Disability-Adjusted Life Years),1,Global,3,Both,18,65-69 years,507,Other cardiovascular and circulatory diseases,1,Number,2021,999404.019943272,1403755.73630848,724940.260861311,P_include,Global,275842158.522357,284217678.194795,268116931.088218,2.98509,2.99
2,DALYs (Disability-Adjusted Life Years),1,Global,3,Both,19,70-74 years,507,Other cardiovascular and circulatory diseases,1,Number,2021,1018460.8736771,1433488.11530337,755129.858954358,P_include,Global,205839220.385999,211972020.164289,200406728.542811,2.26526,2.27
2,DALYs (Disability-Adjusted Life Years),1,Global,3,Both,20,75-79 years,507,Other cardiovascular and circulatory diseases,1,Number,2021,825086.524935081,1130569.22962897,629748.321294122,P_include,Global,131884404.580217,135613447.4,128518633.372437,1.59758,1.6
2,DALYs (Disability-Adjusted Life Years),1,Global,3,Both,30,80-84 years,507,Other cardiovascular and circulatory diseases,1,Number,2021,660234.839444941,861356.23574551,517324.499489871,P_include,Global,87583056.918491,89948887.7796038,85481848.25,1.09729,1.1
2,DALYs (Disability-Adjusted Life Years),1,Global,3,Both,31,85-89 years,507,Other cardiovascular and circulatory diseases,1,Number,2021,428796.980736788,563582.744971107,331877.605009969,P_include,Global,45721791.0517717,46852862.726504,44709230.7009568,0.604519,0.6
2,DALYs (Disability-Adjusted Life Years),1,Global,3,Both,32,90-94 years,507,Other cardiovascular and circulatory diseases,1,Number,2021,215777.980287383,272494.747355679,170493.838828187,P_include,Global,17889373.591415,18289317.0157285,17518670.986049,0.246663,0.25
2,DALYs (Disability-Adjusted Life Years),1,Global,3,Both,235,95+ years,507,Other cardiovascular and circulatory diseases,1,Number,2021,82870.2218059769,106634.899329192,63138.1869179281,P_include,Global,5450308.67493343,5569992.58267677,5337366.13587716,0.0785092,0.08
2,DALYs (Disability-Adjusted Life Years),1,Global,3,Both,10,25-29 years,509,Chronic obstructive pulmonary disease,1,Number,2021,465672.720054911,525295.28014196,403852.844713165,I_include,Global,588343218.626762,607422118.669863,570487097.318648,7.59144,7.59
2,DALYs (Disability-Adjusted Life Years),1,Global,3,Both,11,30-34 years,509,Chronic obstructive pulmonary disease,1,Number,2021,650328.962346243,725341.290219659,572821.490423907,I_include,Global,604480174.775885,623603836.164416,586195014.793618,7.32171,7.32
2,DALYs (Disability-Adjusted Life Years),1,Global,3,Both,12,35-39 years,509,Chronic obstructive pulmonary disease,1,Number,2021,824718.318697775,913709.395887911,731263.089652749,I_include,Global,560866105.914554,578297964.608428,544251815.345755,6.82805,6.83
2,DALYs (Disability-Adjusted Life Years),1,Global,3,Both,13,40-44 years,509,Chronic obstructive pulmonary disease,1,Number,2021,1201540.54095713,1309007.88063416,1079758.32485522,I_include,Global,500250795.605694,515432478.206861,485928430.82182,6.14735,6.15
2,DALYs (Disability-Adjusted Life Years),1,Global,3,Both,14,45-49 years,509,Chronic obstructive pulmonary disease,1,Number,2021,2055810.05658925,2290879.54515751,1842796.42868538,I_include,Global,473504625.903218,487919674.240222,460213135.719539,5.51133,5.51
2,DALYs (Disability-Adjusted Life Years),1,Global,3,Both,15,50-54 years,509,Chronic obstructive pulmonary disease,1,Number,2021,3683334.62166742,4070570.5645384,3327246.7271689,I_include,Global,444922982.841121,458714304.258768,432300957.286386,4.91312,4.91
2,DALYs (Disability-Adjusted Life Years),1,Global,3,Both,16,55-59 years,509,Chronic obstructive pulmonary disease,1,Number,2021,5714430.49494843,6246779.20482296,5219237.16366283,I_include,Global,395728004,407669300.348216,384764582.368839,4.34586,4.35
2,DALYs (Disability-Adjusted Life Years),1,Global,3,Both,17,60-64 years,509,Chronic obstructive pulmonary disease,1,Number,2021,8112861.72551354,8722968.23525585,7471732.72873488,I_include,Global,320047853.312832,329387624.27068,311524379.587396,3.68223,3.68
2,DALYs (Disability-Adjusted Life Years),1,Global,3,Both,18,65-69 years,509,Chronic obstructive pulmonary disease,1,Number,2021,11023605.4968937,11937208.8910028,10195459.5082102,I_include,Global,275842158.522357,284217678.194795,268116931.088218,2.98509,2.99
2,DALYs (Disability-Adjusted Life Years),1,Global,3,Both,19,70-74 years,509,Chronic obstructive pulmonary disease,1,Number,2021,13295738.6277743,14395993.9028532,12298612.073672,I_include,Global,205839220.385999,211972020.164289,200406728.542811,2.26526,2.27
2,DALYs (Disability-Adjusted Life Years),1,Global,3,Both,20,75-79 years,509,Chronic obstructive pulmonary disease,1,Number,2021,11734974.9599808,12804314.5678292,10741451.8571993,I_include,Global,131884404.580217,135613447.4,128518633.372437,1.59758,1.6
2,DALYs (Disability-Adjusted Life Years),1,Global,3,Both,30,80-84 years,509,Chronic obstructive pulmonary disease,1,Number,2021,10097861.4803129,11015520.3105897,9049127.1624685,I_include,Global,87583056.918491,89948887.7796038,85481848.25,1.09729,1.1
2,DALYs (Disability-Adjusted Life Years),1,Global,3,Both,31,85-89 years,509,Chronic obstructive pulmonary disease,1,Number,2021,6563197.16856352,7205898.8558728,5723783.97009799,I_include,Global,45721791.0517717,46852862.726504,44709230.7009568,0.604519,0.6
2,DALYs (Disability-Adjusted Life Years),1,Global,3,Both,32,90-94 years,509,Chronic obstructive pulmonary disease,1,Number,2021,2852657.56492842,3200004.92298788,2399827.41157025,I_include,Global,17889373.591415,18289317.0157285,17518670.986049,0.246663,0.25
2,DALYs (Disability-Adjusted Life Years),1,Global,3,Both,235,95+ years,509,Chronic obstructive pulmonary disease,1,Number,2021,885741.382280858,1019093.25359419,703387.215593993,I_include,Global,5450308.67493343,5569992.58267677,5337366.13587716,0.0785092,0.08
2,DALYs (Disability-Adjusted Life Years),1,Global,3,Both,10,25-29 years,511,Silicosis,1,Number,2021,2072.24851605748,2586.4971682553,1610.66276712017,I_include,Global,588343218.626762,607422118.669863,570487097.318648,7.59144,7.59
2,DALYs (Disability-Adjusted Life Years),1,Global,3,Both,11,30-34 years,511,Silicosis,1,Number,2021,4252.98033568674,5209.46808838559,3317.16550548968,I_include,Global,604480174.775885,623603836.164416,586195014.793618,7.32171,7.32
2,DALYs (Disability-Adjusted Life Years),1,Global,3,Both,12,35-39 years,511,Silicosis,1,Number,2021,7875.26579005038,9732.81313552975,6046.1269961242,I_include,Global,560866105.914554,578297964.608428,544251815.345755,6.82805,6.83
2,DALYs (Disability-Adjusted Life Years),1,Global,3,Both,13,40-44 years,511,Silicosis,1,Number,2021,11900.4358780264,15040.8734229485,9242.56553180319,I_include,Global,500250795.605694,515432478.206861,485928430.82182,6.14735,6.15
2,DALYs (Disability-Adjusted Life Years),1,Global,3,Both,14,45-49 years,511,Silicosis,1,Number,2021,18075.2737706824,23064.2556882535,13381.410066853,I_include,Global,473504625.903218,487919674.240222,460213135.719539,5.51133,5.51
2,DALYs (Disability-Adjusted Life Years),1,Global,3,Both,15,50-54 years,511,Silicosis,1,Number,2021,26879.1542430996,34382.1279485439,20615.0860833093,I_include,Global,444922982.841121,458714304.258768,432300957.286386,4.91312,4.91
2,DALYs (Disability-Adjusted Life Years),1,Global,3,Both,16,55-59 years,511,Silicosis,1,Number,2021,29570.9622178056,37127.8518360887,23447.7605881363,I_include,Global,395728004,407669300.348216,384764582.368839,4.34586,4.35
2,DALYs (Disability-Adjusted Life Years),1,Global,3,Both,17,60-64 years,511,Silicosis,1,Number,2021,26849.9864672652,32984.396635965,20926.011530461,I_include,Global,320047853.312832,329387624.27068,311524379.587396,3.68223,3.68
2,DALYs (Disability-Adjusted Life Years),1,Global,3,Both,18,65-69 years,511,Silicosis,1,Number,2021,32541.1103658207,40159.7816529495,25410.6629924124,I_include,Global,275842158.522357,284217678.194795,268116931.088218,2.98509,2.99
2,DALYs (Disability-Adjusted Life Years),1,Global,3,Both,19,70-74 years,511,Silicosis,1,Number,2021,34142.5083040943,41072.2462135019,27291.0795679872,I_include,Global,205839220.385999,211972020.164289,200406728.542811,2.26526,2.27
2,DALYs (Disability-Adjusted Life Years),1,Global,3,Both,20,75-79 years,511,Silicosis,1,Number,2021,27760.7216859405,32870.8655189966,22638.485104874,I_include,Global,131884404.580217,135613447.4,128518633.372437,1.59758,1.6
2,DALYs (Disability-Adjusted Life Years),1,Global,3,Both,30,80-84 years,511,Silicosis,1,Number,2021,20832.6233137532,24389.7380580203,17116.4008015305,I_include,Global,87583056.918491,89948887.7796038,85481848.25,1.09729,1.1
2,DALYs (Disability-Adjusted Life Years),1,Global,3,Both,31,85-89 years,511,Silicosis,1,Number,2021,12713.1186087329,14862.6077729726,10643.5428888721,I_include,Global,45721791.0517717,46852862.726504,44709230.7009568,0.604519,0.6
2,DALYs (Disability-Adjusted Life Years),1,Global,3,Both,32,90-94 years,511,Silicosis,1,Number,2021,3870.80349789231,4403.51217206947,3205.95641265546,I_include,Global,17889373.591415,18289317.0157285,17518670.986049,0.246663,0.25
2,DALYs (Disability-Adjusted Life Years),1,Global,3,Both,235,95+ years,511,Silicosis,1,Number,2021,772.97297294956,898.002658122649,618.621746003587,I_include,Global,5450308.67493343,5569992.58267677,5337366.13587716,0.0785092,0.08
2,DALYs (Disability-Adjusted Life Years),1,Global,3,Both,10,25-29 years,512,Asbestosis,1,Number,2021,598.406904351099,817.671802546976,403.720635655146,I_include,Global,588343218.626762,607422118.669863,570487097.318648,7.59144,7.59
2,DALYs (Disability-Adjusted Life Years),1,Global,3,Both,11,30-34 years,512,Asbestosis,1,Number,2021,861.882209887372,1199.04676904158,557.249358860384,I_include,Global,604480174.775885,623603836.164416,586195014.793618,7.32171,7.32
2,DALYs (Disability-Adjusted Life Years),1,Global,3,Both,12,35-39 years,512,Asbestosis,1,Number,2021,1028.85382495079,1448.91277374824,666.136019198234,I_include,Global,560866105.914554,578297964.608428,544251815.345755,6.82805,6.83
2,DALYs (Disability-Adjusted Life Years),1,Global,3,Both,13,40-44 years,512,Asbestosis,1,Number,2021,1492.1656165559,2053.70832799169,896.838981836086,I_include,Global,500250795.605694,515432478.206861,485928430.82182,6.14735,6.15
2,DALYs (Disability-Adjusted Life Years),1,Global,3,Both,14,45-49 years,512,Asbestosis,1,Number,2021,2041.15941034062,2906.03514402521,1078.31746244058,I_include,Global,473504625.903218,487919674.240222,460213135.719539,5.51133,5.51
2,DALYs (Disability-Adjusted Life Years),1,Global,3,Both,15,50-54 years,512,Asbestosis,1,Number,2021,3159.53428869637,4481.2972829907,1866.95992540189,I_include,Global,444922982.841121,458714304.258768,432300957.286386,4.91312,4.91
2,DALYs (Disability-Adjusted Life Years),1,Global,3,Both,16,55-59 years,512,Asbestosis,1,Number,2021,4831.74129673849,6629.81357014034,2981.61149181994,I_include,Global,395728004,407669300.348216,384764582.368839,4.34586,4.35
2,DALYs (Disability-Adjusted Life Years),1,Global,3,Both,17,60-64 years,512,Asbestosis,1,Number,2021,6181.807076,8636.38798783085,3911.79489361679,I_include,Global,320047853.312832,329387624.27068,311524379.587396,3.68223,3.68
2,DALYs (Disability-Adjusted Life Years),1,Global,3,Both,18,65-69 years,512,Asbestosis,1,Number,2021,7775.51484296845,9897.88090025758,5716.64338685871,I_include,Global,275842158.522357,284217678.194795,268116931.088218,2.98509,2.99
2,DALYs (Disability-Adjusted Life Years),1,Global,3,Both,19,70-74 years,512,Asbestosis,1,Number,2021,10483.4434780011,12588.5010900702,8135.68122174512,I_include,Global,205839220.385999,211972020.164289,200406728.542811,2.26526,2.27
2,DALYs (Disability-Adjusted Life Years),1,Global,3,Both,20,75-79 years,512,Asbestosis,1,Number,2021,10474.4329102782,12268.3760301051,8742.94120474236,I_include,Global,131884404.580217,135613447.4,128518633.372437,1.59758,1.6
2,DALYs (Disability-Adjusted Life Years),1,Global,3,Both,10,25-29 years,618,Other hemoglobinopathies and hemolytic anemias,1,Number,2021,238924.692468924,337426.083085281,163431.185326203,P_include,Global,588343218.626762,607422118.669863,570487097.318648,7.59144,7.59
2,DALYs (Disability-Adjusted Life Years),1,Global,3,Both,11,30-34 years,618,Other hemoglobinopathies and hemolytic anemias,1,Number,2021,233171.070202753,331344.758752736,159392.414476987,P_include,Global,604480174.775885,623603836.164416,586195014.793618,7.32171,7.32
2,DALYs (Disability-Adjusted Life Years),1,Global,3,Both,12,35-39 years,618,Other hemoglobinopathies and hemolytic anemias,1,Number,2021,214457.004420785,303519.552098982,144891.315974785,P_include,Global,560866105.914554,578297964.608428,544251815.345755,6.82805,6.83
2,DALYs (Disability-Adjusted Life Years),1,Global,3,Both,13,40-44 years,618,Other hemoglobinopathies and hemolytic anemias,1,Number,2021,194887.93050278,276514.203751375,135635.952181363,P_include,Global,500250795.605694,515432478.206861,485928430.82182,6.14735,6.15
2,DALYs (Disability-Adjusted Life Years),1,Global,3,Both,14,45-49 years,618,Other hemoglobinopathies and hemolytic anemias,1,Number,2021,174610.697852076,234158.088917182,120711.190983443,P_include,Global,473504625.903218,487919674.240222,460213135.719539,5.51133,5.51
2,DALYs (Disability-Adjusted Life Years),1,Global,3,Both,15,50-54 years,618,Other hemoglobinopathies and hemolytic anemias,1,Number,2021,160579.777996229,219660.823088703,114431.759562471,P_include,Global,444922982.841121,458714304.258768,432300957.286386,4.91312,4.91
2,DALYs (Disability-Adjusted Life Years),1,Global,3,Both,16,55-59 years,618,Other hemoglobinopathies and hemolytic anemias,1,Number,2021,169089.588568529,222741.767123535,122569.021555598,P_include,Global,395728004,407669300.348216,384764582.368839,4.34586,4.35
2,DALYs (Disability-Adjusted Life Years),1,Global,3,Both,17,60-64 years,618,Other hemoglobinopathies and hemolytic anemias,1,Number,2021,232002.357990942,300928.296839574,175906.906493454,P_include,Global,320047853.312832,329387624.27068,311524379.587396,3.68223,3.68
2,DALYs (Disability-Adjusted Life Years),1,Global,3,Both,18,65-69 years,618,Other hemoglobinopathies and hemolytic anemias,1,Number,2021,224437.682094296,286425.780106915,177996.179734804,P_include,Global,275842158.522357,284217678.194795,268116931.088218,2.98509,2.99
2,DALYs (Disability-Adjusted Life Years),1,Global,3,Both,19,70-74 years,618,Other hemoglobinopathies and hemolytic anemias,1,Number,2021,197940.795499507,248423.108840762,158678.460344912,P_include,Global,205839220.385999,211972020.164289,200406728.542811,2.26526,2.27
2,DALYs (Disability-Adjusted Life Years),1,Global,3,Both,20,75-79 years,618,Other hemoglobinopathies and hemolytic anemias,1,Number,2021,162321.719718874,200975.231989032,130570.430124402,P_include,Global,131884404.580217,135613447.4,128518633.372437,1.59758,1.6
2,DALYs (Disability-Adjusted Life Years),1,Global,3,Both,30,80-84 years,618,Other hemoglobinopathies and hemolytic anemias,1,Number,2021,111940.576109211,134091.845503357,91920.7772074291,P_include,Global,87583056.918491,89948887.7796038,85481848.25,1.09729,1.1
2,DALYs (Disability-Adjusted Life Years),1,Global,3,Both,31,85-89 years,618,Other hemoglobinopathies and hemolytic anemias,1,Number,2021,68510.6840801863,81928.0287716364,56594.5247945658,P_include,Global,45721791.0517717,46852862.726504,44709230.7009568,0.604519,0.6
2,DALYs (Disability-Adjusted Life Years),1,Global,3,Both,32,90-94 years,618,Other hemoglobinopathies and hemolytic anemias,1,Number,2021,35204.0154325731,42889.9145813912,28460.7049374926,P_include,Global,17889373.591415,18289317.0157285,17518670.986049,0.246663,0.25
2,DALYs (Disability-Adjusted Life Years),1,Global,3,Both,235,95+ years,618,Other hemoglobinopathies and hemolytic anemias,1,Number,2021,15136.4507606495,18604.4737332294,12035.0254808487,P_include,Global,5450308.67493343,5569992.58267677,5337366.13587716,0.0785092,0.08
2,DALYs (Disability-Adjusted Life Years),1,Global,3,Both,10,25-29 years,713,Pulmonary aspiration and foreign body in airway,1,Number,2021,128287.182687846,140341.084409456,101392.327746265,I_include,Global,588343218.626762,607422118.669863,570487097.318648,7.59144,7.59
2,DALYs (Disability-Adjusted Life Years),1,Global,3,Both,11,30-34 years,713,Pulmonary aspiration and foreign body in airway,1,Number,2021,142055.867308399,153393.636498894,113151.659127591,I_include,Global,604480174.775885,623603836.164416,586195014.793618,7.32171,7.32
2,DALYs (Disability-Adjusted Life Years),1,Global,3,Both,12,35-39 years,713,Pulmonary aspiration and foreign body in airway,1,Number,2021,148260.56126847,160572.455703045,122887.208262731,I_include,Global,560866105.914554,578297964.608428,544251815.345755,6.82805,6.83
2,DALYs (Disability-Adjusted Life Years),1,Global,3,Both,13,40-44 years,713,Pulmonary aspiration and foreign body in airway,1,Number,2021,147148.920670274,159108.460104949,122492.770711139,I_include,Global,500250795.605694,515432478.206861,485928430.82182,6.14735,6.15
2,DALYs (Disability-Adjusted Life Years),1,Global,3,Both,14,45-49 years,713,Pulmonary aspiration and foreign body in airway,1,Number,2021,142656.453877941,155121.228183832,117774.36282386,I_include,Global,473504625.903218,487919674.240222,460213135.719539,5.51133,5.51
2,DALYs (Disability-Adjusted Life Years),1,Global,3,Both,15,50-54 years,713,Pulmonary aspiration and foreign body in airway,1,Number,2021,147741.682136262,159386.760600535,124193.008316721,I_include,Global,444922982.841121,458714304.258768,432300957.286386,4.91312,4.91
2,DALYs (Disability-Adjusted Life Years),1,Global,3,Both,16,55-59 years,713,Pulmonary aspiration and foreign body in airway,1,Number,2021,152325.500586664,163225.884170998,126121.141114267,I_include,Global,395728004,407669300.348216,384764582.368839,4.34586,4.35
2,DALYs (Disability-Adjusted Life Years),1,Global,3,Both,17,60-64 years,713,Pulmonary aspiration and foreign body in airway,1,Number,2021,143058.652210704,151959.592081171,124992.403046624,I_include,Global,320047853.312832,329387624.27068,311524379.587396,3.68223,3.68
2,DALYs (Disability-Adjusted Life Years),1,Global,3,Both,18,65-69 years,713,Pulmonary aspiration and foreign body in airway,1,Number,2021,132135.582061057,141760.975665177,112714.210255888,I_include,Global,275842158.522357,284217678.194795,268116931.088218,2.98509,2.99
2,DALYs (Disability-Adjusted Life Years),1,Global,3,Both,19,70-74 years,713,Pulmonary aspiration and foreign body in airway,1,Number,2021,128252.69517457,137668.10061298,106655.569308293,I_include,Global,205839220.385999,211972020.164289,200406728.542811,2.26526,2.27
2,DALYs (Disability-Adjusted Life Years),1,Global,3,Both,20,75-79 years,713,Pulmonary aspiration and foreign body in airway,1,Number,2021,107554.990012208,115598.16788206,90839.7565152788,I_include,Global,131884404.580217,135613447.4,128518633.372437,1.59758,1.6
2,DALYs (Disability-Adjusted Life Years),1,Global,3,Both,30,80-84 years,713,Pulmonary aspiration and foreign body in airway,1,Number,2021,101176.092673086,110361.570160295,83915.2811797068,I_include,Global,87583056.918491,89948887.7796038,85481848.25,1.09729,1.1
2,DALYs (Disability-Adjusted Life Years),1,Global,3,Both,31,85-89 years,713,Pulmonary aspiration and foreign body in airway,1,Number,2021,87419.4665290281,96774.5762951874,70423.8609139432,I_include,Global,45721791.0517717,46852862.726504,44709230.7009568,0.604519,0.6
2,DALYs (Disability-Adjusted Life Years),1,Global,3,Both,32,90-94 years,713,Pulmonary aspiration and foreign body in airway,1,Number,2021,62808.7190384503,70515.0639914626,49506.6510677957,I_include,Global,17889373.591415,18289317.0157285,17518670.986049,0.246663,0.25
2,DALYs (Disability-Adjusted Life Years),1,Global,3,Both,235,95+ years,713,Pulmonary aspiration and foreign body in airway,1,Number,2021,31890.3367958431,36990.5851200194,23066.2090830293,I_include,Global,5450308.67493343,5569992.58267677,5337366.13587716,0.0785092,0.08
2,DALYs (Disability-Adjusted Life Years),1,Global,3,Both,10,25-29 years,721,Self-harm by firearm,1,Number,2021,363476.266327746,507408.769685044,251078.367209768,I_include,Global,588343218.626762,607422118.669863,570487097.318648,7.59144,7.59
2,DALYs (Disability-Adjusted Life Years),1,Global,3,Both,11,30-34 years,721,Self-harm by firearm,1,Number,2021,262759.267640553,350812.742059438,191565.990724587,I_include,Global,604480174.775885,623603836.164416,586195014.793618,7.32171,7.32
2,DALYs (Disability-Adjusted Life Years),1,Global,3,Both,12,35-39 years,721,Self-harm by firearm,1,Number,2021,213166.943942506,265812.853010545,163794.47080145,I_include,Global,560866105.914554,578297964.608428,544251815.345755,6.82805,6.83
2,DALYs (Disability-Adjusted Life Years),1,Global,3,Both,13,40-44 years,721,Self-harm by firearm,1,Number,2021,188735.237396826,230988.759307064,146403.440862615,I_include,Global,500250795.605694,515432478.206861,485928430.82182,6.14735,6.15
2,DALYs (Disability-Adjusted Life Years),1,Global,3,Both,14,45-49 years,721,Self-harm by firearm,1,Number,2021,161744.661359447,189993.686333991,132856.128962711,I_include,Global,473504625.903218,487919674.240222,460213135.719539,5.51133,5.51
2,DALYs (Disability-Adjusted Life Years),1,Global,3,Both,15,50-54 years,721,Self-harm by firearm,1,Number,2021,155051.593004522,179795.164484709,129812.711683963,I_include,Global,444922982.841121,458714304.258768,432300957.286386,4.91312,4.91
2,DALYs (Disability-Adjusted Life Years),1,Global,3,Both,16,55-59 years,721,Self-harm by firearm,1,Number,2021,145429.125636009,164350.106185432,125994.869668017,I_include,Global,395728004,407669300.348216,384764582.368839,4.34586,4.35
2,DALYs (Disability-Adjusted Life Years),1,Global,3,Both,17,60-64 years,721,Self-harm by firearm,1,Number,2021,112298.092720406,124286.480744649,99331.8519900115,I_include,Global,320047853.312832,329387624.27068,311524379.587396,3.68223,3.68
2,DALYs (Disability-Adjusted Life Years),1,Global,3,Both,18,65-69 years,721,Self-harm by firearm,1,Number,2021,83213.7677208407,92247.9055420026,74073.9047511794,I_include,Global,275842158.522357,284217678.194795,268116931.088218,2.98509,2.99
2,DALYs (Disability-Adjusted Life Years),1,Global,3,Both,19,70-74 years,721,Self-harm by firearm,1,Number,2021,61568.5610861556,67441.1586912865,55769.5855940133,I_include,Global,205839220.385999,211972020.164289,200406728.542811,2.26526,2.27
2,DALYs (Disability-Adjusted Life Years),1,Global,3,Both,20,75-79 years,721,Self-harm by firearm,1,Number,2021,41008.0479366458,45034.4336472882,36985.0072391119,I_include,Global,131884404.580217,135613447.4,128518633.372437,1.59758,1.6
2,DALYs (Disability-Adjusted Life Years),1,Global,3,Both,30,80-84 years,721,Self-harm by firearm,1,Number,2021,24211.0958231038,26692.8338552131,21326.7526871831,I_include,Global,87583056.918491,89948887.7796038,85481848.25,1.09729,1.1
2,DALYs (Disability-Adjusted Life Years),1,Global,3,Both,31,85-89 years,721,Self-harm by firearm,1,Number,2021,12835.9655824865,14198.6985989647,10785.5778607608,I_include,Global,45721791.0517717,46852862.726504,44709230.7009568,0.604519,0.6
2,DALYs (Disability-Adjusted Life Years),1,Global,3,Both,32,90-94 years,721,Self-harm by firearm,1,Number,2021,4755.98704387382,5260.47023410487,3893.11182358742,I_include,Global,17889373.591415,18289317.0157285,17518670.986049,0.246663,0.25
2,DALYs (Disability-Adjusted Life Years),1,Global,3,Both,235,95+ years,721,Self-harm by firearm,1,Number,2021,1026.1188218986,1169.46520170626,781.101365306745,I_include,Global,5450308.67493343,5569992.58267677,5337366.13587716,0.0785092,0.08
2,DALYs (Disability-Adjusted Life Years),1,Global,3,Both,10,25-29 years,729,Exposure to forces of nature,1,Number,2021,88299.4374382345,113933.768986715,69981.9406490444,I_include,Global,588343218.626762,607422118.669863,570487097.318648,7.59144,7.59
2,DALYs (Disability-Adjusted Life Years),1,Global,3,Both,11,30-34 years,729,Exposure to forces of nature,1,Number,2021,109185.820158048,142777.705477976,83778.9763631613,I_include,Global,604480174.775885,623603836.164416,586195014.793618,7.32171,7.32
2,DALYs (Disability-Adjusted Life Years),1,Global,3,Both,12,35-39 years,729,Exposure to forces of nature,1,Number,2021,73528.9901860978,98320.7760007584,55327.5347287258,I_include,Global,560866105.914554,578297964.608428,544251815.345755,6.82805,6.83
2,DALYs (Disability-Adjusted Life Years),1,Global,3,Both,13,40-44 years,729,Exposure to forces of nature,1,Number,2021,60181.9540899353,80510.0997358191,45275.1564644281,I_include,Global,500250795.605694,515432478.206861,485928430.82182,6.14735,6.15
2,DALYs (Disability-Adjusted Life Years),1,Global,3,Both,14,45-49 years,729,Exposure to forces of nature,1,Number,2021,40925.0410057417,54831.9051354331,30992.1998719298,I_include,Global,473504625.903218,487919674.240222,460213135.719539,5.51133,5.51
2,DALYs (Disability-Adjusted Life Years),1,Global,3,Both,15,50-54 years,729,Exposure to forces of nature,1,Number,2021,29559.2952050238,38978.7031418824,22943.1666061516,I_include,Global,444922982.841121,458714304.258768,432300957.286386,4.91312,4.91
2,DALYs (Disability-Adjusted Life Years),1,Global,3,Both,16,55-59 years,729,Exposure to forces of nature,1,Number,2021,25162.662075326,31694.8558605063,20677.5231380766,I_include,Global,395728004,407669300.348216,384764582.368839,4.34586,4.35
2,DALYs (Disability-Adjusted Life Years),1,Global,3,Both,17,60-64 years,729,Exposure to forces of nature,1,Number,2021,19263.7995925451,24400.7366102709,15679.5257516592,I_include,Global,320047853.312832,329387624.27068,311524379.587396,3.68223,3.68
2,DALYs (Disability-Adjusted Life Years),1,Global,3,Both,18,65-69 years,729,Exposure to forces of nature,1,Number,2021,25828.6665593657,30333.3384703273,22393.9148707311,I_include,Global,275842158.522357,284217678.194795,268116931.088218,2.98509,2.99
2,DALYs (Disability-Adjusted Life Years),1,Global,3,Both,19,70-74 years,729,Exposure to forces of nature,1,Number,2021,19138.1721236671,22377.8700449577,16543.6692600328,I_include,Global,205839220.385999,211972020.164289,200406728.542811,2.26526,2.27
2,DALYs (Disability-Adjusted Life Years),1,Global,3,Both,20,75-79 years,729,Exposure to forces of nature,1,Number,2021,14062.0871690199,16267.8834265639,12263.404134847,I_include,Global,131884404.580217,135613447.4,128518633.372437,1.59758,1.6
2,DALYs (Disability-Adjusted Life Years),1,Global,3,Both,30,80-84 years,729,Exposure to forces of nature,1,Number,2021,10515.2728089548,12308.3448835344,9068.45906926428,I_include,Global,87583056.918491,89948887.7796038,85481848.25,1.09729,1.1
2,DALYs (Disability-Adjusted Life Years),1,Global,3,Both,31,85-89 years,729,Exposure to forces of nature,1,Number,2021,6117.8128515431,7221.29636298232,5221.29586491055,I_include,Global,45721791.0517717,46852862.726504,44709230.7009568,0.604519,0.6
2,DALYs (Disability-Adjusted Life Years),1,Global,3,Both,32,90-94 years,729,Exposure to forces of nature,1,Number,2021,2283.70005259626,2785.55430847554,1906.31742291209,I_include,Global,17889373.591415,18289317.0157285,17518670.986049,0.246663,0.25
2,DALYs (Disability-Adjusted Life Years),1,Global,3,Both,235,95+ years,729,Exposure to forces of nature,1,Number,2021,797.005340113812,986.054480754015,664.59023881983,I_include,Global,5450308.67493343,5569992.58267677,5337366.13587716,0.0785092,0.08
2,DALYs (Disability-Adjusted Life Years),1,Global,3,Both,10,25-29 years,839,G6PD trait,1,Number,2021,1221.83434353424,1788.07029473736,802.763925713697,P_include,Global,588343218.626762,607422118.669863,570487097.318648,7.59144,7.59
2,DALYs (Disability-Adjusted Life Years),1,Global,3,Both,11,30-34 years,839,G6PD trait,1,Number,2021,1172.1123766522,1707.24610874048,768.125345348001,P_include,Global,604480174.775885,623603836.164416,586195014.793618,7.32171,7.32
2,DALYs (Disability-Adjusted Life Years),1,Global,3,Both,12,35-39 years,839,G6PD trait,1,Number,2021,1107.5741320638,1607.33717220193,731.309374553189,P_include,Global,560866105.914554,578297964.608428,544251815.345755,6.82805,6.83
2,DALYs (Disability-Adjusted Life Years),1,Global,3,Both,13,40-44 years,839,G6PD trait,1,Number,2021,952.311790814784,1356.87670363826,623.473299338134,P_include,Global,500250795.605694,515432478.206861,485928430.82182,6.14735,6.15
2,DALYs (Disability-Adjusted Life Years),1,Global,3,Both,14,45-49 years,839,G6PD trait,1,Number,2021,785.598937316555,1157.03787099037,505.902950247813,P_include,Global,473504625.903218,487919674.240222,460213135.719539,5.51133,5.51
2,DALYs (Disability-Adjusted Life Years),1,Global,3,Both,15,50-54 years,839,G6PD trait,1,Number,2021,697.07784677417,1019.49926743322,452.980500885449,P_include,Global,444922982.841121,458714304.258768,432300957.286386,4.91312,4.91
2,DALYs (Disability-Adjusted Life Years),1,Global,3,Both,16,55-59 years,839,G6PD trait,1,Number,2021,580.867284435872,861.993592985853,381.941804349623,P_include,Global,395728004,407669300.348216,384764582.368839,4.34586,4.35
2,DALYs (Disability-Adjusted Life Years),1,Global,3,Both,17,60-64 years,839,G6PD trait,1,Number,2021,469.545450949479,686.754965540132,310.7401717,P_include,Global,320047853.312832,329387624.27068,311524379.587396,3.68223,3.68
2,DALYs (Disability-Adjusted Life Years),1,Global,3,Both,18,65-69 years,839,G6PD trait,1,Number,2021,426.360728356216,617.782930422306,280.897242581393,P_include,Global,275842158.522357,284217678.194795,268116931.088218,2.98509,2.99
2,DALYs (Disability-Adjusted Life Years),1,Global,3,Both,19,70-74 years,839,G6PD trait,1,Number,2021,301.698627694688,443.486140505346,206.983494088211,P_include,Global,205839220.385999,211972020.164289,200406728.542811,2.26526,2.27
2,DALYs (Disability-Adjusted Life Years),1,Global,3,Both,20,75-79 years,839,G6PD trait,1,Number,2021,207.754362135669,299.260177106723,142.089282089143,P_include,Global,131884404.580217,135613447.4,128518633.372437,1.59758,1.6
2,DALYs (Disability-Adjusted Life Years),1,Global,3,Both,30,80-84 years,839,G6PD trait,1,Number,2021,133.249336432167,193.880314818948,88.9063741736819,P_include,Global,87583056.918491,89948887.7796038,85481848.25,1.09729,1.1
2,DALYs (Disability-Adjusted Life Years),1,Global,3,Both,31,85-89 years,839,G6PD trait,1,Number,2021,73.9073786274374,106.241375758544,49.8268302607579,P_include,Global,45721791.0517717,46852862.726504,44709230.7009568,0.604519,0.6
2,DALYs (Disability-Adjusted Life Years),1,Global,3,Both,32,90-94 years,839,G6PD trait,1,Number,2021,43.0866042826329,63.2566283527799,28.4455292509331,P_include,Global,17889373.591415,18289317.0157285,17518670.986049,0.246663,0.25
2,DALYs (Disability-Adjusted Life Years),1,Global,3,Both,235,95+ years,839,G6PD trait,1,Number,2021,16.2717887652597,22.9784371812137,10.9937476676776,P_include,Global,5450308.67493343,5569992.58267677,5337366.13587716,0.0785092,0.08
2,DALYs (Disability-Adjusted Life Years),1,Global,3,Both,10,25-29 years,842,Environmental heat and cold exposure,1,Number,2021,79261.8190631221,102048.093908591,54933.9313103647,I_include,Global,588343218.626762,607422118.669863,570487097.318648,7.59144,7.59
2,DALYs (Disability-Adjusted Life Years),1,Global,3,Both,11,30-34 years,842,Environmental heat and cold exposure,1,Number,2021,109271.175991006,137001.535184575,80090.0634407142,I_include,Global,604480174.775885,623603836.164416,586195014.793618,7.32171,7.32
2,DALYs (Disability-Adjusted Life Years),1,Global,3,Both,12,35-39 years,842,Environmental heat and cold exposure,1,Number,2021,122221.810719036,148153.455037227,94090.4538440653,I_include,Global,560866105.914554,578297964.608428,544251815.345755,6.82805,6.83
2,DALYs (Disability-Adjusted Life Years),1,Global,3,Both,13,40-44 years,842,Environmental heat and cold exposure,1,Number,2021,133215.890643127,159156.514314481,102534.150633111,I_include,Global,500250795.605694,515432478.206861,485928430.82182,6.14735,6.15
2,DALYs (Disability-Adjusted Life Years),1,Global,3,Both,14,45-49 years,842,Environmental heat and cold exposure,1,Number,2021,136124.023684822,162681.04208536,108772.401661439,I_include,Global,473504625.903218,487919674.240222,460213135.719539,5.51133,5.51
2,DALYs (Disability-Adjusted Life Years),1,Global,3,Both,15,50-54 years,842,Environmental heat and cold exposure,1,Number,2021,151440.270351404,179765.292955033,116151.709087961,I_include,Global,444922982.841121,458714304.258768,432300957.286386,4.91312,4.91
2,DALYs (Disability-Adjusted Life Years),1,Global,3,Both,16,55-59 years,842,Environmental heat and cold exposure,1,Number,2021,148837.457662313,177100.579047096,113692.999599272,I_include,Global,395728004,407669300.348216,384764582.368839,4.34586,4.35
2,DALYs (Disability-Adjusted Life Years),1,Global,3,Both,17,60-64 years,842,Environmental heat and cold exposure,1,Number,2021,133873.813974434,157794.47427658,104998.442058996,I_include,Global,320047853.312832,329387624.27068,311524379.587396,3.68223,3.68
2,DALYs (Disability-Adjusted Life Years),1,Global,3,Both,18,65-69 years,842,Environmental heat and cold exposure,1,Number,2021,108416.889778474,132356.70072577,78791.0785741727,I_include,Global,275842158.522357,284217678.194795,268116931.088218,2.98509,2.99
2,DALYs (Disability-Adjusted Life Years),1,Global,3,Both,19,70-74 years,842,Environmental heat and cold exposure,1,Number,2021,89682.3354145753,111296.874195047,61622.0307732322,I_include,Global,205839220.385999,211972020.164289,200406728.542811,2.26526,2.27
2,DALYs (Disability-Adjusted Life Years),1,Global,3,Both,20,75-79 years,842,Environmental heat and cold exposure,1,Number,2021,66938.9779245792,84164.0368222508,43616.6252073907,I_include,Global,131884404.580217,135613447.4,128518633.372437,1.59758,1.6
2,DALYs (Disability-Adjusted Life Years),1,Global,3,Both,30,80-84 years,842,Environmental heat and cold exposure,1,Number,2021,50998.0045826229,62676.4812021348,36295.0250590465,I_include,Global,87583056.918491,89948887.7796038,85481848.25,1.09729,1.1
2,DALYs (Disability-Adjusted Life Years),1,Global,3,Both,31,85-89 years,842,Environmental heat and cold exposure,1,Number,2021,33690.6624195172,41010.553823845,25121.8148074624,I_include,Global,45721791.0517717,46852862.726504,44709230.7009568,0.604519,0.6
2,DALYs (Disability-Adjusted Life Years),1,Global,3,Both,32,90-94 years,842,Environmental heat and cold exposure,1,Number,2021,17411.7263044194,20977.3068228361,13596.8080013106,I_include,Global,17889373.591415,18289317.0157285,17518670.986049,0.246663,0.25
2,DALYs (Disability-Adjusted Life Years),1,Global,3,Both,235,95+ years,842,Environmental heat and cold exposure,1,Number,2021,6377.0881022936,7724.76968175686,5070.04265335663,I_include,Global,5450308.67493343,5569992.58267677,5337366.13587716,0.0785092,0.08
2,DALYs (Disability-Adjusted Life Years),1,Global,3,Both,10,25-29 years,845,Acute lymphoid leukemia,1,Number,2021,195511.934366947,231509.960050529,128989.756922958,I_include,Global,588343218.626762,607422118.669863,570487097.318648,7.59144,7.59
2,DALYs (Disability-Adjusted Life Years),1,Global,3,Both,11,30-34 years,845,Acute lymphoid leukemia,1,Number,2021,178123.887209055,211902.62881791,116881.653621596,I_include,Global,604480174.775885,623603836.164416,586195014.793618,7.32171,7.32
2,DALYs (Disability-Adjusted Life Years),1,Global,3,Both,12,35-39 years,845,Acute lymphoid leukemia,1,Number,2021,156748.334630978,184107.498119237,100140.107516339,I_include,Global,560866105.914554,578297964.608428,544251815.345755,6.82805,6.83
2,DALYs (Disability-Adjusted Life Years),1,Global,3,Both,13,40-44 years,845,Acute lymphoid leukemia,1,Number,2021,140105.29909752,179302.375063152,93326.0598170201,I_include,Global,500250795.605694,515432478.206861,485928430.82182,6.14735,6.15
2,DALYs (Disability-Adjusted Life Years),1,Global,3,Both,14,45-49 years,845,Acute lymphoid leukemia,1,Number,2021,135842.06028001,168819.6879,84065.8810115018,I_include,Global,473504625.903218,487919674.240222,460213135.719539,5.51133,5.51
2,DALYs (Disability-Adjusted Life Years),1,Global,3,Both,15,50-54 years,845,Acute lymphoid leukemia,1,Number,2021,135794.922706275,172487.837324805,82901.540045949,I_include,Global,444922982.841121,458714304.258768,432300957.286386,4.91312,4.91
2,DALYs (Disability-Adjusted Life Years),1,Global,3,Both,16,55-59 years,845,Acute lymphoid leukemia,1,Number,2021,144190.329836647,180588.402662164,89261.4093957493,I_include,Global,395728004,407669300.348216,384764582.368839,4.34586,4.35
2,DALYs (Disability-Adjusted Life Years),1,Global,3,Both,17,60-64 years,845,Acute lymphoid leukemia,1,Number,2021,117685.859103462,153548.666140106,79650.0984321257,I_include,Global,320047853.312832,329387624.27068,311524379.587396,3.68223,3.68
2,DALYs (Disability-Adjusted Life Years),1,Global,3,Both,18,65-69 years,845,Acute lymphoid leukemia,1,Number,2021,109212.926290817,137548.417115967,70735.4926628204,I_include,Global,275842158.522357,284217678.194795,268116931.088218,2.98509,2.99
2,DALYs (Disability-Adjusted Life Years),1,Global,3,Both,19,70-74 years,845,Acute lymphoid leukemia,1,Number,2021,84815.9157377426,110475.842804242,56840.6246140119,I_include,Global,205839220.385999,211972020.164289,200406728.542811,2.26526,2.27
2,DALYs (Disability-Adjusted Life Years),1,Global,3,Both,20,75-79 years,845,Acute lymphoid leukemia,1,Number,2021,51825.970686579,65944.7097343325,35023.619948446,I_include,Global,131884404.580217,135613447.4,128518633.372437,1.59758,1.6
2,DALYs (Disability-Adjusted Life Years),1,Global,3,Both,30,80-84 years,845,Acute lymphoid leukemia,1,Number,2021,30632.4796125615,37511.1681027509,22515.222795529,I_include,Global,87583056.918491,89948887.7796038,85481848.25,1.09729,1.1
2,DALYs (Disability-Adjusted Life Years),1,Global,3,Both,31,85-89 years,845,Acute lymphoid leukemia,1,Number,2021,14957.8698820736,18546.3003889283,11035.4050041154,I_include,Global,45721791.0517717,46852862.726504,44709230.7009568,0.604519,0.6
2,DALYs (Disability-Adjusted Life Years),1,Global,3,Both,32,90-94 years,845,Acute lymphoid leukemia,1,Number,2021,5593.8142490838,6861.82615770905,4323.81548884775,I_include,Global,17889373.591415,18289317.0157285,17518670.986049,0.246663,0.25
2,DALYs (Disability-Adjusted Life Years),1,Global,3,Both,235,95+ years,845,Acute lymphoid leukemia,1,Number,2021,1362.52918702436,1604.13092631582,1001.15778946602,I_include,Global,5450308.67493343,5569992.58267677,5337366.13587716,0.0785092,0.08
2,DALYs (Disability-Adjusted Life Years),1,Global,3,Both,10,25-29 years,846,Chronic lymphoid leukemia,1,Number,2021,14228.6715328628,18561.5351310268,7555.48938910009,I_include,Global,588343218.626762,607422118.669863,570487097.318648,7.59144,7.59
2,DALYs (Disability-Adjusted Life Years),1,Global,3,Both,11,30-34 years,846,Chronic lymphoid leukemia,1,Number,2021,24830.7857985895,33176.4533713468,14048.3038418243,I_include,Global,604480174.775885,623603836.164416,586195014.793618,7.32171,7.32
2,DALYs (Disability-Adjusted Life Years),1,Global,3,Both,12,35-39 years,846,Chronic lymphoid leukemia,1,Number,2021,28277.1855079148,36652.2105070866,16975.680546347,I_include,Global,560866105.914554,578297964.608428,544251815.345755,6.82805,6.83
2,DALYs (Disability-Adjusted Life Years),1,Global,3,Both,13,40-44 years,846,Chronic lymphoid leukemia,1,Number,2021,32427.677544962,39960.342177989,19816.5458788834,I_include,Global,500250795.605694,515432478.206861,485928430.82182,6.14735,6.15
2,DALYs (Disability-Adjusted Life Years),1,Global,3,Both,14,45-49 years,846,Chronic lymphoid leukemia,1,Number,2021,42530.7115846596,53298.9525445774,27197.7692237854,I_include,Global,473504625.903218,487919674.240222,460213135.719539,5.51133,5.51
2,DALYs (Disability-Adjusted Life Years),1,Global,3,Both,15,50-54 years,846,Chronic lymphoid leukemia,1,Number,2021,65324.7613304028,80880.2277782605,42591.9761002413,I_include,Global,444922982.841121,458714304.258768,432300957.286386,4.91312,4.91
2,DALYs (Disability-Adjusted Life Years),1,Global,3,Both,16,55-59 years,846,Chronic lymphoid leukemia,1,Number,2021,87853.3719970116,109139.664538312,62557.2186712144,I_include,Global,395728004,407669300.348216,384764582.368839,4.34586,4.35
2,DALYs (Disability-Adjusted Life Years),1,Global,3,Both,17,60-64 years,846,Chronic lymphoid leukemia,1,Number,2021,108260.995524506,123595.037041607,82285.4138902686,I_include,Global,320047853.312832,329387624.27068,311524379.587396,3.68223,3.68
2,DALYs (Disability-Adjusted Life Years),1,Global,3,Both,18,65-69 years,846,Chronic lymphoid leukemia,1,Number,2021,130024.544344103,149969.011883604,98309.3550353052,I_include,Global,275842158.522357,284217678.194795,268116931.088218,2.98509,2.99
2,DALYs (Disability-Adjusted Life Years),1,Global,3,Both,19,70-74 years,846,Chronic lymphoid leukemia,1,Number,2021,133469.154277774,150545.244085501,106047.873152987,I_include,Global,205839220.385999,211972020.164289,200406728.542811,2.26526,2.27
2,DALYs (Disability-Adjusted Life Years),1,Global,3,Both,20,75-79 years,846,Chronic lymphoid leukemia,1,Number,2021,109926.092528017,122215.851090107,92446.5864583454,I_include,Global,131884404.580217,135613447.4,128518633.372437,1.59758,1.6
2,DALYs (Disability-Adjusted Life Years),1,Global,3,Both,30,80-84 years,846,Chronic lymphoid leukemia,1,Number,2021,94268.3326658316,104174.909500139,79402.8053746228,I_include,Global,87583056.918491,89948887.7796038,85481848.25,1.09729,1.1
2,DALYs (Disability-Adjusted Life Years),1,Global,3,Both,31,85-89 years,846,Chronic lymphoid leukemia,1,Number,2021,65160.9816938558,72930.4815707482,53941.7646208261,I_include,Global,45721791.0517717,46852862.726504,44709230.7009568,0.604519,0.6
2,DALYs (Disability-Adjusted Life Years),1,Global,3,Both,32,90-94 years,846,Chronic lymphoid leukemia,1,Number,2021,37518.7927794725,42098.4541932197,29787.8792311424,I_include,Global,17889373.591415,18289317.0157285,17518670.986049,0.246663,0.25
2,DALYs (Disability-Adjusted Life Years),1,Global,3,Both,10,25-29 years,390,Dietary iron deficiency,1,Number,2021,2002530.19265049,2912687.71854524,1317979.12362842,P_include,Global,588343218.626762,607422118.669863,570487097.318648,7.59144,7.59
2,DALYs (Disability-Adjusted Life Years),1,Global,3,Both,11,30-34 years,390,Dietary iron deficiency,1,Number,2021,1967322.23999314,2829677.81032598,1296987.68234801,P_include,Global,604480174.775885,623603836.164416,586195014.793618,7.32171,7.32
2,DALYs (Disability-Adjusted Life Years),1,Global,3,Both,12,35-39 years,390,Dietary iron deficiency,1,Number,2021,1880616.118,2667858.88530682,1258875.10096744,P_include,Global,560866105.914554,578297964.608428,544251815.345755,6.82805,6.83
2,DALYs (Disability-Adjusted Life Years),1,Global,3,Both,13,40-44 years,390,Dietary iron deficiency,1,Number,2021,1701125.49118263,2490873.04130082,1142904.43646505,P_include,Global,500250795.605694,515432478.206861,485928430.82182,6.14735,6.15
2,DALYs (Disability-Adjusted Life Years),1,Global,3,Both,14,45-49 years,390,Dietary iron deficiency,1,Number,2021,1499581.95304401,2140246.02190105,999701.041595046,P_include,Global,473504625.903218,487919674.240222,460213135.719539,5.51133,5.51
2,DALYs (Disability-Adjusted Life Years),1,Global,3,Both,15,50-54 years,390,Dietary iron deficiency,1,Number,2021,1261646.57772027,1804967.54565356,851845.143921132,P_include,Global,444922982.841121,458714304.258768,432300957.286386,4.91312,4.91
2,DALYs (Disability-Adjusted Life Years),1,Global,3,Both,16,55-59 years,390,Dietary iron deficiency,1,Number,2021,1174087.27659535,1655464.03557595,789765.271099588,P_include,Global,395728004,407669300.348216,384764582.368839,4.34586,4.35
2,DALYs (Disability-Adjusted Life Years),1,Global,3,Both,17,60-64 years,390,Dietary iron deficiency,1,Number,2021,932571.038345885,1309940.28926731,635724.940829524,P_include,Global,320047853.312832,329387624.27068,311524379.587396,3.68223,3.68
2,DALYs (Disability-Adjusted Life Years),1,Global,3,Both,18,65-69 years,390,Dietary iron deficiency,1,Number,2021,805612.944641992,1142112.11827322,554013.595396994,P_include,Global,275842158.522357,284217678.194795,268116931.088218,2.98509,2.99
2,DALYs (Disability-Adjusted Life Years),1,Global,3,Both,19,70-74 years,390,Dietary iron deficiency,1,Number,2021,652250.167012061,911159.138283301,445273.853931284,P_include,Global,205839220.385999,211972020.164289,200406728.542811,2.26526,2.27
2,DALYs (Disability-Adjusted Life Years),1,Global,3,Both,20,75-79 years,390,Dietary iron deficiency,1,Number,2021,522070.842066144,729279.968710514,365769.778048154,P_include,Global,131884404.580217,135613447.4,128518633.372437,1.59758,1.6
2,DALYs (Disability-Adjusted Life Years),1,Global,3,Both,30,80-84 years,390,Dietary iron deficiency,1,Number,2021,331904.666611105,445775.024288477,230166.059860163,P_include,Global,87583056.918491,89948887.7796038,85481848.25,1.09729,1.1
2,DALYs (Disability-Adjusted Life Years),1,Global,3,Both,31,85-89 years,390,Dietary iron deficiency,1,Number,2021,179680.977935671,244003.669387319,129692.357676581,P_include,Global,45721791.0517717,46852862.726504,44709230.7009568,0.604519,0.6
2,DALYs (Disability-Adjusted Life Years),1,Global,3,Both,32,90-94 years,390,Dietary iron deficiency,1,Number,2021,81479.4541404906,118299.498866764,54680.9904338303,P_include,Global,17889373.591415,18289317.0157285,17518670.986049,0.246663,0.25
2,DALYs (Disability-Adjusted Life Years),1,Global,3,Both,235,95+ years,390,Dietary iron deficiency,1,Number,2021,39803.665225059,57353.2364673717,26615.5477349339,P_include,Global,5450308.67493343,5569992.58267677,5337366.13587716,0.0785092,0.08
2,DALYs (Disability-Adjusted Life Years),1,Global,3,Both,30,80-84 years,512,Asbestosis,1,Number,2021,9224.41169667427,10650.2371835419,7938.20214653646,I_include,Global,87583056.918491,89948887.7796038,85481848.25,1.09729,1.1
2,DALYs (Disability-Adjusted Life Years),1,Global,3,Both,31,85-89 years,512,Asbestosis,1,Number,2021,5919.60608394646,6648.75221064591,5092.65785300423,I_include,Global,45721791.0517717,46852862.726504,44709230.7009568,0.604519,0.6
2,DALYs (Disability-Adjusted Life Years),1,Global,3,Both,32,90-94 years,512,Asbestosis,1,Number,2021,2618.48366515655,3001.54422651042,2191.23867391329,I_include,Global,17889373.591415,18289317.0157285,17518670.986049,0.246663,0.25
2,DALYs (Disability-Adjusted Life Years),1,Global,3,Both,235,95+ years,512,Asbestosis,1,Number,2021,636.873942466457,728.069298756952,500.250311280554,I_include,Global,5450308.67493343,5569992.58267677,5337366.13587716,0.0785092,0.08
2,DALYs (Disability-Adjusted Life Years),1,Global,3,Both,10,25-29 years,513,Coal workers pneumoconiosis,1,Number,2021,376.539480425768,528.115237043437,278.998366255033,I_include,Global,588343218.626762,607422118.669863,570487097.318648,7.59144,7.59
2,DALYs (Disability-Adjusted Life Years),1,Global,3,Both,11,30-34 years,513,Coal workers pneumoconiosis,1,Number,2021,686.763872669688,965.554328918699,481.033791183961,I_include,Global,604480174.775885,623603836.164416,586195014.793618,7.32171,7.32
2,DALYs (Disability-Adjusted Life Years),1,Global,3,Both,12,35-39 years,513,Coal workers pneumoconiosis,1,Number,2021,1179.8710222136,1867.94864389383,879.317458355329,I_include,Global,560866105.914554,578297964.608428,544251815.345755,6.82805,6.83
2,DALYs (Disability-Adjusted Life Years),1,Global,3,Both,13,40-44 years,513,Coal workers pneumoconiosis,1,Number,2021,1832.03202171633,3132.95352494867,1313.3669569007,I_include,Global,500250795.605694,515432478.206861,485928430.82182,6.14735,6.15
2,DALYs (Disability-Adjusted Life Years),1,Global,3,Both,14,45-49 years,513,Coal workers pneumoconiosis,1,Number,2021,2782.02770242808,5347.48177645414,1900.49023368067,I_include,Global,473504625.903218,487919674.240222,460213135.719539,5.51133,5.51
2,DALYs (Disability-Adjusted Life Years),1,Global,3,Both,15,50-54 years,513,Coal workers pneumoconiosis,1,Number,2021,4173.85817625882,7663.15302953211,2953.77057478592,I_include,Global,444922982.841121,458714304.258768,432300957.286386,4.91312,4.91
2,DALYs (Disability-Adjusted Life Years),1,Global,3,Both,16,55-59 years,513,Coal workers pneumoconiosis,1,Number,2021,4584.3676224198,6882.81205618797,3455.70332146947,I_include,Global,395728004,407669300.348216,384764582.368839,4.34586,4.35
2,DALYs (Disability-Adjusted Life Years),1,Global,3,Both,17,60-64 years,513,Coal workers pneumoconiosis,1,Number,2021,5918.70440816184,8323.80335105114,4696.70103212494,I_include,Global,320047853.312832,329387624.27068,311524379.587396,3.68223,3.68
2,DALYs (Disability-Adjusted Life Years),1,Global,3,Both,18,65-69 years,513,Coal workers pneumoconiosis,1,Number,2021,7658.4310782163,11338.3720725397,6045.44217150866,I_include,Global,275842158.522357,284217678.194795,268116931.088218,2.98509,2.99
2,DALYs (Disability-Adjusted Life Years),1,Global,3,Both,19,70-74 years,513,Coal workers pneumoconiosis,1,Number,2021,8637.4555138153,12148.7937450819,6599.20103063182,I_include,Global,205839220.385999,211972020.164289,200406728.542811,2.26526,2.27
2,DALYs (Disability-Adjusted Life Years),1,Global,3,Both,20,75-79 years,513,Coal workers pneumoconiosis,1,Number,2021,8391.70211843837,11015.0964578636,6684.11769642763,I_include,Global,131884404.580217,135613447.4,128518633.372437,1.59758,1.6
2,DALYs (Disability-Adjusted Life Years),1,Global,3,Both,30,80-84 years,513,Coal workers pneumoconiosis,1,Number,2021,6334.71927811677,8441.44067715176,5120.65785032925,I_include,Global,87583056.918491,89948887.7796038,85481848.25,1.09729,1.1
2,DALYs (Disability-Adjusted Life Years),1,Global,3,Both,31,85-89 years,513,Coal workers pneumoconiosis,1,Number,2021,3695.78997696803,5012.64980832291,2998.89534906106,I_include,Global,45721791.0517717,46852862.726504,44709230.7009568,0.604519,0.6
2,DALYs (Disability-Adjusted Life Years),1,Global,3,Both,32,90-94 years,513,Coal workers pneumoconiosis,1,Number,2021,1160.08072253387,1463.84005543311,952.003303824024,I_include,Global,17889373.591415,18289317.0157285,17518670.986049,0.246663,0.25
2,DALYs (Disability-Adjusted Life Years),1,Global,3,Both,235,95+ years,513,Coal workers pneumoconiosis,1,Number,2021,277.269283290543,323.840895085048,219.393623724589,I_include,Global,5450308.67493343,5569992.58267677,5337366.13587716,0.0785092,0.08
2,DALYs (Disability-Adjusted Life Years),1,Global,3,Both,10,25-29 years,514,Other pneumoconiosis,1,Number,2021,1226.69974090263,1737.61696857776,897.896887311898,I_include,Global,588343218.626762,607422118.669863,570487097.318648,7.59144,7.59
2,DALYs (Disability-Adjusted Life Years),1,Global,3,Both,11,30-34 years,514,Other pneumoconiosis,1,Number,2021,2068.53690494419,2891.28490917146,1585.17386651821,I_include,Global,604480174.775885,623603836.164416,586195014.793618,7.32171,7.32
2,DALYs (Disability-Adjusted Life Years),1,Global,3,Both,12,35-39 years,514,Other pneumoconiosis,1,Number,2021,2732.62073855321,3581.4675036069,2108.09258106656,I_include,Global,560866105.914554,578297964.608428,544251815.345755,6.82805,6.83
2,DALYs (Disability-Adjusted Life Years),1,Global,3,Both,13,40-44 years,514,Other pneumoconiosis,1,Number,2021,3013.43523089575,4386.94430422386,2302.38582089363,I_include,Global,500250795.605694,515432478.206861,485928430.82182,6.14735,6.15
2,DALYs (Disability-Adjusted Life Years),1,Global,3,Both,14,45-49 years,514,Other pneumoconiosis,1,Number,2021,3864.51350272612,5901.52509340399,2827.06610610666,I_include,Global,473504625.903218,487919674.240222,460213135.719539,5.51133,5.51
2,DALYs (Disability-Adjusted Life Years),1,Global,3,Both,15,50-54 years,514,Other pneumoconiosis,1,Number,2021,5461.81362854865,8528.31581704763,4119.58515692571,I_include,Global,444922982.841121,458714304.258768,432300957.286386,4.91312,4.91
2,DALYs (Disability-Adjusted Life Years),1,Global,3,Both,16,55-59 years,514,Other pneumoconiosis,1,Number,2021,6219.21317773335,9238.8815186927,4629.76283763401,I_include,Global,395728004,407669300.348216,384764582.368839,4.34586,4.35
2,DALYs (Disability-Adjusted Life Years),1,Global,3,Both,17,60-64 years,514,Other pneumoconiosis,1,Number,2021,6823.5677672043,9211.7234983913,5202.21223170077,I_include,Global,320047853.312832,329387624.27068,311524379.587396,3.68223,3.68
2,DALYs (Disability-Adjusted Life Years),1,Global,3,Both,18,65-69 years,514,Other pneumoconiosis,1,Number,2021,7015.07545267894,9578.7921445115,5515.04626923033,I_include,Global,275842158.522357,284217678.194795,268116931.088218,2.98509,2.99
2,DALYs (Disability-Adjusted Life Years),1,Global,3,Both,19,70-74 years,514,Other pneumoconiosis,1,Number,2021,7120.38150958458,9659.47887211487,5555.33187699681,I_include,Global,205839220.385999,211972020.164289,200406728.542811,2.26526,2.27
2,DALYs (Disability-Adjusted Life Years),1,Global,3,Both,20,75-79 years,514,Other pneumoconiosis,1,Number,2021,5404.51114754376,7155.46130409994,4237.18062298963,I_include,Global,131884404.580217,135613447.4,128518633.372437,1.59758,1.6
2,DALYs (Disability-Adjusted Life Years),1,Global,3,Both,30,80-84 years,514,Other pneumoconiosis,1,Number,2021,3868.2034807537,4986.10475991194,3124.42190005393,I_include,Global,87583056.918491,89948887.7796038,85481848.25,1.09729,1.1
2,DALYs (Disability-Adjusted Life Years),1,Global,3,Both,31,85-89 years,514,Other pneumoconiosis,1,Number,2021,2262.2632618269,2840.81305395765,1843.39597556247,I_include,Global,45721791.0517717,46852862.726504,44709230.7009568,0.604519,0.6
2,DALYs (Disability-Adjusted Life Years),1,Global,3,Both,32,90-94 years,514,Other pneumoconiosis,1,Number,2021,978.018983119761,1174.09504664307,798.472021104871,I_include,Global,17889373.591415,18289317.0157285,17518670.986049,0.246663,0.25
2,DALYs (Disability-Adjusted Life Years),1,Global,3,Both,235,95+ years,514,Other pneumoconiosis,1,Number,2021,316.419150487999,385.13211623734,240.34061971998,I_include,Global,5450308.67493343,5569992.58267677,5337366.13587716,0.0785092,0.08
2,DALYs (Disability-Adjusted Life Years),1,Global,3,Both,10,25-29 years,515,Asthma,1,Number,2021,754533.544146372,1002213.96985103,555956.43820887,I_include,Global,588343218.626762,607422118.669863,570487097.318648,7.59144,7.59
2,DALYs (Disability-Adjusted Life Years),1,Global,3,Both,11,30-34 years,515,Asthma,1,Number,2021,846787.853250117,1118291.02389087,639260.789664774,I_include,Global,604480174.775885,623603836.164416,586195014.793618,7.32171,7.32
2,DALYs (Disability-Adjusted Life Years),1,Global,3,Both,12,35-39 years,515,Asthma,1,Number,2021,943267.439045133,1213803.7720281,737950.997231923,I_include,Global,560866105.914554,578297964.608428,544251815.345755,6.82805,6.83
2,DALYs (Disability-Adjusted Life Years),1,Global,3,Both,13,40-44 years,515,Asthma,1,Number,2021,1035624.88714725,1286254.67635209,825490.795043844,I_include,Global,500250795.605694,515432478.206861,485928430.82182,6.14735,6.15
2,DALYs (Disability-Adjusted Life Years),1,Global,3,Both,14,45-49 years,515,Asthma,1,Number,2021,1173771.99703448,1466678.66365776,963368.156828361,I_include,Global,473504625.903218,487919674.240222,460213135.719539,5.51133,5.51
2,DALYs (Disability-Adjusted Life Years),1,Global,3,Both,15,50-54 years,515,Asthma,1,Number,2021,1302806.61811589,1618938.34846624,1064204.71379362,I_include,Global,444922982.841121,458714304.258768,432300957.286386,4.91312,4.91
2,DALYs (Disability-Adjusted Life Years),1,Global,3,Both,16,55-59 years,515,Asthma,1,Number,2021,1582308.73141429,2007504.91371914,1280223.79205701,I_include,Global,395728004,407669300.348216,384764582.368839,4.34586,4.35
2,DALYs (Disability-Adjusted Life Years),1,Global,3,Both,17,60-64 years,515,Asthma,1,Number,2021,1638101.03337745,2094919.54037433,1309905.14965661,I_include,Global,320047853.312832,329387624.27068,311524379.587396,3.68223,3.68
2,DALYs (Disability-Adjusted Life Years),1,Global,3,Both,18,65-69 years,515,Asthma,1,Number,2021,1659127.76180091,2095733.63481643,1332095.17703907,I_include,Global,275842158.522357,284217678.194795,268116931.088218,2.98509,2.99
2,DALYs (Disability-Adjusted Life Years),1,Global,3,Both,19,70-74 years,515,Asthma,1,Number,2021,1535954.41923454,2001721.08024668,1237865.59387692,I_include,Global,205839220.385999,211972020.164289,200406728.542811,2.26526,2.27
2,DALYs (Disability-Adjusted Life Years),1,Global,3,Both,20,75-79 years,515,Asthma,1,Number,2021,1140038.47380693,1438628.0392067,913884.776295976,I_include,Global,131884404.580217,135613447.4,128518633.372437,1.59758,1.6
2,DALYs (Disability-Adjusted Life Years),1,Global,3,Both,30,80-84 years,515,Asthma,1,Number,2021,842259.816373615,1056159.30255848,681275.643010523,I_include,Global,87583056.918491,89948887.7796038,85481848.25,1.09729,1.1
2,DALYs (Disability-Adjusted Life Years),1,Global,3,Both,31,85-89 years,515,Asthma,1,Number,2021,442100.677335086,545174.620847788,361871.063166915,I_include,Global,45721791.0517717,46852862.726504,44709230.7009568,0.604519,0.6
2,DALYs (Disability-Adjusted Life Years),1,Global,3,Both,32,90-94 years,515,Asthma,1,Number,2021,182149.318696263,222075.183551943,149196.932352886,I_include,Global,17889373.591415,18289317.0157285,17518670.986049,0.246663,0.25
2,DALYs (Disability-Adjusted Life Years),1,Global,3,Both,235,95+ years,515,Asthma,1,Number,2021,60812.3111258952,78141.2059629953,48272.0454772482,I_include,Global,5450308.67493343,5569992.58267677,5337366.13587716,0.0785092,0.08
2,DALYs (Disability-Adjusted Life Years),1,Global,3,Both,10,25-29 years,516,Interstitial lung disease and pulmonary sarcoidosis,1,Number,2021,41574.760363393,49214.9168081235,34413.1112209001,I_include,Global,588343218.626762,607422118.669863,570487097.318648,7.59144,7.59
2,DALYs (Disability-Adjusted Life Years),1,Global,3,Both,11,30-34 years,516,Interstitial lung disease and pulmonary sarcoidosis,1,Number,2021,62193.449599559,74477.7194151988,48212.1572004989,I_include,Global,604480174.775885,623603836.164416,586195014.793618,7.32171,7.32
2,DALYs (Disability-Adjusted Life Years),1,Global,3,Both,12,35-39 years,516,Interstitial lung disease and pulmonary sarcoidosis,1,Number,2021,86301.4896864003,102999.736970017,70633.0275193552,I_include,Global,560866105.914554,578297964.608428,544251815.345755,6.82805,6.83
2,DALYs (Disability-Adjusted Life Years),1,Global,3,Both,13,40-44 years,516,Interstitial lung disease and pulmonary sarcoidosis,1,Number,2021,114509.014381552,137452.232560665,92099.6191987406,I_include,Global,500250795.605694,515432478.206861,485928430.82182,6.14735,6.15
2,DALYs (Disability-Adjusted Life Years),1,Global,3,Both,14,45-49 years,516,Interstitial lung disease and pulmonary sarcoidosis,1,Number,2021,160193.505291179,193353.847055338,129614.293426838,I_include,Global,473504625.903218,487919674.240222,460213135.719539,5.51133,5.51
2,DALYs (Disability-Adjusted Life Years),1,Global,3,Both,15,50-54 years,516,Interstitial lung disease and pulmonary sarcoidosis,1,Number,2021,221371.973632138,267162.998204807,177304.604540393,I_include,Global,444922982.841121,458714304.258768,432300957.286386,4.91312,4.91
2,DALYs (Disability-Adjusted Life Years),1,Global,3,Both,16,55-59 years,516,Interstitial lung disease and pulmonary sarcoidosis,1,Number,2021,330651.59998197,388739.686451901,266121.540557132,I_include,Global,395728004,407669300.348216,384764582.368839,4.34586,4.35
2,DALYs (Disability-Adjusted Life Years),1,Global,3,Both,17,60-64 years,516,Interstitial lung disease and pulmonary sarcoidosis,1,Number,2021,419878.383123762,501939.701459535,344893.882659997,I_include,Global,320047853.312832,329387624.27068,311524379.587396,3.68223,3.68
2,DALYs (Disability-Adjusted Life Years),1,Global,3,Both,18,65-69 years,516,Interstitial lung disease and pulmonary sarcoidosis,1,Number,2021,522370.0359,604072.93232819,434191.571790667,I_include,Global,275842158.522357,284217678.194795,268116931.088218,2.98509,2.99
2,DALYs (Disability-Adjusted Life Years),1,Global,3,Both,19,70-74 years,516,Interstitial lung disease and pulmonary sarcoidosis,1,Number,2021,610775.303060551,715439.21830782,514813.624615597,I_include,Global,205839220.385999,211972020.164289,200406728.542811,2.26526,2.27
2,DALYs (Disability-Adjusted Life Years),1,Global,3,Both,20,75-79 years,516,Interstitial lung disease and pulmonary sarcoidosis,1,Number,2021,538844.876949972,607654.967591897,470898.59127984,I_include,Global,131884404.580217,135613447.4,128518633.372437,1.59758,1.6
2,DALYs (Disability-Adjusted Life Years),1,Global,3,Both,30,80-84 years,516,Interstitial lung disease and pulmonary sarcoidosis,1,Number,2021,422882.231673407,483633.263764786,360008.954632511,I_include,Global,87583056.918491,89948887.7796038,85481848.25,1.09729,1.1
2,DALYs (Disability-Adjusted Life Years),1,Global,3,Both,31,85-89 years,516,Interstitial lung disease and pulmonary sarcoidosis,1,Number,2021,265665.817056799,298319.827015559,222273.469504862,I_include,Global,45721791.0517717,46852862.726504,44709230.7009568,0.604519,0.6
2,DALYs (Disability-Adjusted Life Years),1,Global,3,Both,32,90-94 years,516,Interstitial lung disease and pulmonary sarcoidosis,1,Number,2021,127031.406538147,144301.052799071,100800.390236842,I_include,Global,17889373.591415,18289317.0157285,17518670.986049,0.246663,0.25
2,DALYs (Disability-Adjusted Life Years),1,Global,3,Both,235,95+ years,516,Interstitial lung disease and pulmonary sarcoidosis,1,Number,2021,46154.0731886278,53418.9739015626,33944.372808869,I_include,Global,5450308.67493343,5569992.58267677,5337366.13587716,0.0785092,0.08
2,DALYs (Disability-Adjusted Life Years),1,Global,3,Both,10,25-29 years,523,Chronic hepatitis C including cirrhosis,1,Number,2021,460809.603104193,645365.183928336,313918.787148536,I_include,Global,588343218.626762,607422118.669863,570487097.318648,7.59144,7.59
2,DALYs (Disability-Adjusted Life Years),1,Global,3,Both,11,30-34 years,523,Chronic hepatitis C including cirrhosis,1,Number,2021,727199.341882564,930010.376657841,555036.644135313,I_include,Global,604480174.775885,623603836.164416,586195014.793618,7.32171,7.32
2,DALYs (Disability-Adjusted Life Years),1,Global,3,Both,12,35-39 years,523,Chronic hepatitis C including cirrhosis,1,Number,2021,994461.107290089,1346422.62409423,699711.435768769,I_include,Global,560866105.914554,578297964.608428,544251815.345755,6.82805,6.83
2,DALYs (Disability-Adjusted Life Years),1,Global,3,Both,13,40-44 years,523,Chronic hepatitis C including cirrhosis,1,Number,2021,1257171.81962057,1616843.73101005,922123.078610483,I_include,Global,500250795.605694,515432478.206861,485928430.82182,6.14735,6.15
2,DALYs (Disability-Adjusted Life Years),1,Global,3,Both,14,45-49 years,523,Chronic hepatitis C including cirrhosis,1,Number,2021,1307438.33504435,1714936.92841132,964359.094511885,I_include,Global,473504625.903218,487919674.240222,460213135.719539,5.51133,5.51
2,DALYs (Disability-Adjusted Life Years),1,Global,3,Both,15,50-54 years,523,Chronic hepatitis C including cirrhosis,1,Number,2021,1387905.46376429,1859920.51512815,1025946.95012669,I_include,Global,444922982.841121,458714304.258768,432300957.286386,4.91312,4.91
2,DALYs (Disability-Adjusted Life Years),1,Global,3,Both,16,55-59 years,523,Chronic hepatitis C including cirrhosis,1,Number,2021,1407900.86507141,1841411.24625231,1013180.35865163,I_include,Global,395728004,407669300.348216,384764582.368839,4.34586,4.35
2,DALYs (Disability-Adjusted Life Years),1,Global,3,Both,17,60-64 years,523,Chronic hepatitis C including cirrhosis,1,Number,2021,1246763.65207769,1653742.23249384,875859.840664573,I_include,Global,320047853.312832,329387624.27068,311524379.587396,3.68223,3.68
2,DALYs (Disability-Adjusted Life Years),1,Global,3,Both,18,65-69 years,523,Chronic hepatitis C including cirrhosis,1,Number,2021,1048916.90541628,1319482.35055759,792462.412862035,I_include,Global,275842158.522357,284217678.194795,268116931.088218,2.98509,2.99
2,DALYs (Disability-Adjusted Life Years),1,Global,3,Both,19,70-74 years,523,Chronic hepatitis C including cirrhosis,1,Number,2021,728431.690112444,900706.506526794,564407.749104061,I_include,Global,205839220.385999,211972020.164289,200406728.542811,2.26526,2.27
2,DALYs (Disability-Adjusted Life Years),1,Global,3,Both,20,75-79 years,523,Chronic hepatitis C including cirrhosis,1,Number,2021,447367.8222,579417.086951526,330884.098084764,I_include,Global,131884404.580217,135613447.4,128518633.372437,1.59758,1.6
2,DALYs (Disability-Adjusted Life Years),1,Global,3,Both,30,80-84 years,523,Chronic hepatitis C including cirrhosis,1,Number,2021,270754.993167866,348878.156026322,200693.964585775,I_include,Global,87583056.918491,89948887.7796038,85481848.25,1.09729,1.1
2,DALYs (Disability-Adjusted Life Years),1,Global,3,Both,31,85-89 years,523,Chronic hepatitis C including cirrhosis,1,Number,2021,134551.92642377,164665.580312217,104399.408079103,I_include,Global,45721791.0517717,46852862.726504,44709230.7009568,0.604519,0.6
2,DALYs (Disability-Adjusted Life Years),1,Global,3,Both,32,90-94 years,523,Chronic hepatitis C including cirrhosis,1,Number,2021,49775.862149319,63629.6291206423,36943.2098361623,I_include,Global,17889373.591415,18289317.0157285,17518670.986049,0.246663,0.25
2,DALYs (Disability-Adjusted Life Years),1,Global,3,Both,235,95+ years,523,Chronic hepatitis C including cirrhosis,1,Number,2021,16262.9410981648,22589.9565734253,10745.7470486415,I_include,Global,5450308.67493343,5569992.58267677,5337366.13587716,0.0785092,0.08
2,DALYs (Disability-Adjusted Life Years),1,Global,3,Both,10,25-29 years,525,Cirrhosis due to other causes,1,Number,2021,509326.403346976,713874.210848611,330031.392992492,I_include,Global,588343218.626762,607422118.669863,570487097.318648,7.59144,7.59
2,DALYs (Disability-Adjusted Life Years),1,Global,3,Both,11,30-34 years,525,Cirrhosis due to other causes,1,Number,2021,444605.57163428,673664.442396817,256377.794948892,I_include,Global,604480174.775885,623603836.164416,586195014.793618,7.32171,7.32
2,DALYs (Disability-Adjusted Life Years),1,Global,3,Both,12,35-39 years,525,Cirrhosis due to other causes,1,Number,2021,350626.335870428,545913.837642577,208840.059747251,I_include,Global,560866105.914554,578297964.608428,544251815.345755,6.82805,6.83
2,DALYs (Disability-Adjusted Life Years),1,Global,3,Both,13,40-44 years,525,Cirrhosis due to other causes,1,Number,2021,336357.892255854,567557.582515171,198810.621397667,I_include,Global,500250795.605694,515432478.206861,485928430.82182,6.14735,6.15
2,DALYs (Disability-Adjusted Life Years),1,Global,3,Both,14,45-49 years,525,Cirrhosis due to other causes,1,Number,2021,349631.558330116,568360.181838159,202017.958816727,I_include,Global,473504625.903218,487919674.240222,460213135.719539,5.51133,5.51
2,DALYs (Disability-Adjusted Life Years),1,Global,3,Both,15,50-54 years,525,Cirrhosis due to other causes,1,Number,2021,384123.828888555,630349.549090695,217798.479656286,I_include,Global,444922982.841121,458714304.258768,432300957.286386,4.91312,4.91
2,DALYs (Disability-Adjusted Life Years),1,Global,3,Both,16,55-59 years,525,Cirrhosis due to other causes,1,Number,2021,446891.526067916,734044.065139789,260836.535858357,I_include,Global,395728004,407669300.348216,384764582.368839,4.34586,4.35
2,DALYs (Disability-Adjusted Life Years),1,Global,3,Both,17,60-64 years,525,Cirrhosis due to other causes,1,Number,2021,449876.080666006,702815.783066335,258577.890863005,I_include,Global,320047853.312832,329387624.27068,311524379.587396,3.68223,3.68
2,DALYs (Disability-Adjusted Life Years),1,Global,3,Both,18,65-69 years,525,Cirrhosis due to other causes,1,Number,2021,435330.358526452,709951.417126603,238271.885262737,I_include,Global,275842158.522357,284217678.194795,268116931.088218,2.98509,2.99
2,DALYs (Disability-Adjusted Life Years),1,Global,3,Both,19,70-74 years,525,Cirrhosis due to other causes,1,Number,2021,333546.696105203,554450.39272226,194823.9792,I_include,Global,205839220.385999,211972020.164289,200406728.542811,2.26526,2.27
2,DALYs (Disability-Adjusted Life Years),1,Global,3,Both,20,75-79 years,525,Cirrhosis due to other causes,1,Number,2021,209630.06936244,320163.46914546,123918.331746061,I_include,Global,131884404.580217,135613447.4,128518633.372437,1.59758,1.6
2,DALYs (Disability-Adjusted Life Years),1,Global,3,Both,30,80-84 years,525,Cirrhosis due to other causes,1,Number,2021,131607.588026217,200555.452902467,76421.2821235595,I_include,Global,87583056.918491,89948887.7796038,85481848.25,1.09729,1.1
2,DALYs (Disability-Adjusted Life Years),1,Global,3,Both,31,85-89 years,525,Cirrhosis due to other causes,1,Number,2021,62929.0201643897,94154.4209804298,39755.8407430983,I_include,Global,45721791.0517717,46852862.726504,44709230.7009568,0.604519,0.6
2,DALYs (Disability-Adjusted Life Years),1,Global,3,Both,32,90-94 years,525,Cirrhosis due to other causes,1,Number,2021,23238.481608706,36599.3176454592,13524.549219698,I_include,Global,17889373.591415,18289317.0157285,17518670.986049,0.246663,0.25
2,DALYs (Disability-Adjusted Life Years),1,Global,3,Both,235,95+ years,525,Cirrhosis due to other causes,1,Number,2021,7564.77583473289,13042.4162628941,3667.84600258605,I_include,Global,5450308.67493343,5569992.58267677,5337366.13587716,0.0785092,0.08
2,DALYs (Disability-Adjusted Life Years),1,Global,3,Both,10,25-29 years,527,Peptic ulcer disease,1,Number,2021,202245.007262979,239210.14402308,164832.259027656,I_include,Global,588343218.626762,607422118.669863,570487097.318648,7.59144,7.59
2,DALYs (Disability-Adjusted Life Years),1,Global,3,Both,11,30-34 years,527,Peptic ulcer disease,1,Number,2021,230095.313956275,274333.278692093,188492.407131069,I_include,Global,604480174.775885,623603836.164416,586195014.793618,7.32171,7.32
2,DALYs (Disability-Adjusted Life Years),1,Global,3,Both,12,35-39 years,527,Peptic ulcer disease,1,Number,2021,290237.635628048,347118.432261935,236270.063169453,I_include,Global,560866105.914554,578297964.608428,544251815.345755,6.82805,6.83
2,DALYs (Disability-Adjusted Life Years),1,Global,3,Both,13,40-44 years,527,Peptic ulcer disease,1,Number,2021,336836.175146797,405630.043619068,279909.575241491,I_include,Global,500250795.605694,515432478.206861,485928430.82182,6.14735,6.15
2,DALYs (Disability-Adjusted Life Years),1,Global,3,Both,14,45-49 years,527,Peptic ulcer disease,1,Number,2021,424625.537069182,516501.067844284,351217.876383093,I_include,Global,473504625.903218,487919674.240222,460213135.719539,5.51133,5.51
2,DALYs (Disability-Adjusted Life Years),1,Global,3,Both,15,50-54 years,527,Peptic ulcer disease,1,Number,2021,519729.895167891,626914.435804448,440816.747367164,I_include,Global,444922982.841121,458714304.258768,432300957.286386,4.91312,4.91
2,DALYs (Disability-Adjusted Life Years),1,Global,3,Both,16,55-59 years,527,Peptic ulcer disease,1,Number,2021,601284.542000897,721055.672520599,504246.236423381,I_include,Global,395728004,407669300.348216,384764582.368839,4.34586,4.35
2,DALYs (Disability-Adjusted Life Years),1,Global,3,Both,17,60-64 years,527,Peptic ulcer disease,1,Number,2021,591180.747859775,697268.62239458,503910.002740218,I_include,Global,320047853.312832,329387624.27068,311524379.587396,3.68223,3.68
2,DALYs (Disability-Adjusted Life Years),1,Global,3,Both,18,65-69 years,527,Peptic ulcer disease,1,Number,2021,650086.606109701,767688.261904536,542646.713514589,I_include,Global,275842158.522357,284217678.194795,268116931.088218,2.98509,2.99
2,DALYs (Disability-Adjusted Life Years),1,Global,3,Both,19,70-74 years,527,Peptic ulcer disease,1,Number,2021,578813.07986878,678236.747003623,480584.022317821,I_include,Global,205839220.385999,211972020.164289,200406728.542811,2.26526,2.27
2,DALYs (Disability-Adjusted Life Years),1,Global,3,Both,20,75-79 years,527,Peptic ulcer disease,1,Number,2021,474667.563172028,558768.237083482,394219.647054094,I_include,Global,131884404.580217,135613447.4,128518633.372437,1.59758,1.6
2,DALYs (Disability-Adjusted Life Years),1,Global,3,Both,30,80-84 years,527,Peptic ulcer disease,1,Number,2021,364341.846649604,427304.021719912,303747.096509129,I_include,Global,87583056.918491,89948887.7796038,85481848.25,1.09729,1.1
2,DALYs (Disability-Adjusted Life Years),1,Global,3,Both,31,85-89 years,527,Peptic ulcer disease,1,Number,2021,229231.509456151,271780.934128941,184346.125162161,I_include,Global,45721791.0517717,46852862.726504,44709230.7009568,0.604519,0.6
2,DALYs (Disability-Adjusted Life Years),1,Global,3,Both,32,90-94 years,527,Peptic ulcer disease,1,Number,2021,102113.878434257,119631.660930223,81992.4144214774,I_include,Global,17889373.591415,18289317.0157285,17518670.986049,0.246663,0.25
2,DALYs (Disability-Adjusted Life Years),1,Global,3,Both,235,95+ years,527,Peptic ulcer disease,1,Number,2021,34653.4509137863,41000.8636827362,26162.386216747,I_include,Global,5450308.67493343,5569992.58267677,5337366.13587716,0.0785092,0.08
2,DALYs (Disability-Adjusted Life Years),1,Global,3,Both,10,25-29 years,530,Paralytic ileus and intestinal obstruction,1,Number,2021,245440.343485821,288535.551923175,185300.286549052,I_include,Global,588343218.626762,607422118.669863,570487097.318648,7.59144,7.59
2,DALYs (Disability-Adjusted Life Years),1,Global,3,Both,11,30-34 years,530,Paralytic ileus and intestinal obstruction,1,Number,2021,228604.330280948,268214.871367999,182443.672999118,I_include,Global,604480174.775885,623603836.164416,586195014.793618,7.32171,7.32
2,DALYs (Disability-Adjusted Life Years),1,Global,3,Both,12,35-39 years,530,Paralytic ileus and intestinal obstruction,1,Number,2021,265095.747975338,315453.573298206,210236.958554054,I_include,Global,560866105.914554,578297964.608428,544251815.345755,6.82805,6.83
2,DALYs (Disability-Adjusted Life Years),1,Global,3,Both,13,40-44 years,530,Paralytic ileus and intestinal obstruction,1,Number,2021,333385.439488567,397885.586193332,254896.155619658,I_include,Global,500250795.605694,515432478.206861,485928430.82182,6.14735,6.15
2,DALYs (Disability-Adjusted Life Years),1,Global,3,Both,14,45-49 years,530,Paralytic ileus and intestinal obstruction,1,Number,2021,336210.718947451,399994.087084507,277508.673598016,I_include,Global,473504625.903218,487919674.240222,460213135.719539,5.51133,5.51
2,DALYs (Disability-Adjusted Life Years),1,Global,3,Both,15,50-54 years,530,Paralytic ileus and intestinal obstruction,1,Number,2021,354192.60315067,408790.839919442,291952.380193848,I_include,Global,444922982.841121,458714304.258768,432300957.286386,4.91312,4.91
2,DALYs (Disability-Adjusted Life Years),1,Global,3,Both,16,55-59 years,530,Paralytic ileus and intestinal obstruction,1,Number,2021,448104.01349697,532134.885652926,373828.138731489,I_include,Global,395728004,407669300.348216,384764582.368839,4.34586,4.35
2,DALYs (Disability-Adjusted Life Years),1,Global,3,Both,17,60-64 years,530,Paralytic ileus and intestinal obstruction,1,Number,2021,451404.501903678,530446.808763593,380029.290145029,I_include,Global,320047853.312832,329387624.27068,311524379.587396,3.68223,3.68
2,DALYs (Disability-Adjusted Life Years),1,Global,3,Both,18,65-69 years,530,Paralytic ileus and intestinal obstruction,1,Number,2021,485683.377757059,565610.142720498,414479.931950732,I_include,Global,275842158.522357,284217678.194795,268116931.088218,2.98509,2.99
2,DALYs (Disability-Adjusted Life Years),1,Global,3,Both,19,70-74 years,530,Paralytic ileus and intestinal obstruction,1,Number,2021,449452.426965533,531895.71189224,384906.020014296,I_include,Global,205839220.385999,211972020.164289,200406728.542811,2.26526,2.27
2,DALYs (Disability-Adjusted Life Years),1,Global,3,Both,20,75-79 years,530,Paralytic ileus and intestinal obstruction,1,Number,2021,381006.440404964,444258.946887413,329194.257673482,I_include,Global,131884404.580217,135613447.4,128518633.372437,1.59758,1.6
2,DALYs (Disability-Adjusted Life Years),1,Global,3,Both,30,80-84 years,530,Paralytic ileus and intestinal obstruction,1,Number,2021,347578.504731981,398111.652785352,294328.035239451,I_include,Global,87583056.918491,89948887.7796038,85481848.25,1.09729,1.1
2,DALYs (Disability-Adjusted Life Years),1,Global,3,Both,31,85-89 years,530,Paralytic ileus and intestinal obstruction,1,Number,2021,268539.000379368,304870.235847796,220802.993697359,I_include,Global,45721791.0517717,46852862.726504,44709230.7009568,0.604519,0.6
2,DALYs (Disability-Adjusted Life Years),1,Global,3,Both,32,90-94 years,530,Paralytic ileus and intestinal obstruction,1,Number,2021,167391.996254958,188804.306774618,131758.152839321,I_include,Global,17889373.591415,18289317.0157285,17518670.986049,0.246663,0.25
2,DALYs (Disability-Adjusted Life Years),1,Global,3,Both,235,95+ years,530,Paralytic ileus and intestinal obstruction,1,Number,2021,73757.7284819584,84654.773464117,53990.7781833597,I_include,Global,5450308.67493343,5569992.58267677,5337366.13587716,0.0785092,0.08
2,DALYs (Disability-Adjusted Life Years),1,Global,3,Both,10,25-29 years,533,Vascular intestinal disorders,1,Number,2021,21489.5013766962,25381.8305268868,18184.3797047478,I_include,Global,588343218.626762,607422118.669863,570487097.318648,7.59144,7.59
2,DALYs (Disability-Adjusted Life Years),1,Global,3,Both,11,30-34 years,533,Vascular intestinal disorders,1,Number,2021,22821.7187941432,25842.7603494151,19355.1491074099,I_include,Global,604480174.775885,623603836.164416,586195014.793618,7.32171,7.32
2,DALYs (Disability-Adjusted Life Years),1,Global,3,Both,12,35-39 years,533,Vascular intestinal disorders,1,Number,2021,28241.7268870905,31754.5388370994,25563.6856802523,I_include,Global,560866105.914554,578297964.608428,544251815.345755,6.82805,6.83
2,DALYs (Disability-Adjusted Life Years),1,Global,3,Both,13,40-44 years,533,Vascular intestinal disorders,1,Number,2021,37763.124880374,41408.994650485,34610.4448321579,I_include,Global,500250795.605694,515432478.206861,485928430.82182,6.14735,6.15
2,DALYs (Disability-Adjusted Life Years),1,Global,3,Both,14,45-49 years,533,Vascular intestinal disorders,1,Number,2021,58875.0068578502,64405.2141277396,54212.6386331696,I_include,Global,473504625.903218,487919674.240222,460213135.719539,5.51133,5.51
2,DALYs (Disability-Adjusted Life Years),1,Global,3,Both,15,50-54 years,533,Vascular intestinal disorders,1,Number,2021,81819.1738597509,88775.6263639056,76059.6554542932,I_include,Global,444922982.841121,458714304.258768,432300957.286386,4.91312,4.91
2,DALYs (Disability-Adjusted Life Years),1,Global,3,Both,16,55-59 years,533,Vascular intestinal disorders,1,Number,2021,121071.396332318,129948.481031496,112527.337958624,I_include,Global,395728004,407669300.348216,384764582.368839,4.34586,4.35
2,DALYs (Disability-Adjusted Life Years),1,Global,3,Both,17,60-64 years,533,Vascular intestinal disorders,1,Number,2021,163573.786167909,174656.918093486,154651.331676826,I_include,Global,320047853.312832,329387624.27068,311524379.587396,3.68223,3.68
2,DALYs (Disability-Adjusted Life Years),1,Global,3,Both,18,65-69 years,533,Vascular intestinal disorders,1,Number,2021,203320.503818197,217554.516309318,191280.689077961,I_include,Global,275842158.522357,284217678.194795,268116931.088218,2.98509,2.99
2,DALYs (Disability-Adjusted Life Years),1,Global,3,Both,19,70-74 years,533,Vascular intestinal disorders,1,Number,2021,236620.363325918,253764.697567314,220861.371165549,I_include,Global,205839220.385999,211972020.164289,200406728.542811,2.26526,2.27
2,DALYs (Disability-Adjusted Life Years),1,Global,3,Both,20,75-79 years,533,Vascular intestinal disorders,1,Number,2021,208886.79749113,225393.439320751,192258.189163838,I_include,Global,131884404.580217,135613447.4,128518633.372437,1.59758,1.6
2,DALYs (Disability-Adjusted Life Years),1,Global,3,Both,30,80-84 years,533,Vascular intestinal disorders,1,Number,2021,210088.078956082,227912.803829041,185456.991399223,I_include,Global,87583056.918491,89948887.7796038,85481848.25,1.09729,1.1
2,DALYs (Disability-Adjusted Life Years),1,Global,3,Both,31,85-89 years,533,Vascular intestinal disorders,1,Number,2021,142449.496199913,156428.693395833,117424.113121159,I_include,Global,45721791.0517717,46852862.726504,44709230.7009568,0.604519,0.6
2,DALYs (Disability-Adjusted Life Years),1,Global,3,Both,32,90-94 years,533,Vascular intestinal disorders,1,Number,2021,82976.6425667198,92591.5072238611,65132.1780774003,I_include,Global,17889373.591415,18289317.0157285,17518670.986049,0.246663,0.25
2,DALYs (Disability-Adjusted Life Years),1,Global,3,Both,235,95+ years,533,Vascular intestinal disorders,1,Number,2021,32341.7005078807,37275.0610950552,23622.9352275842,I_include,Global,5450308.67493343,5569992.58267677,5337366.13587716,0.0785092,0.08
2,DALYs (Disability-Adjusted Life Years),1,Global,3,Both,10,25-29 years,656,Cellulitis,1,Number,2021,20080.316714757,24160.7024295083,16164.4261014098,I_include,Global,588343218.626762,607422118.669863,570487097.318648,7.59144,7.59
2,DALYs (Disability-Adjusted Life Years),1,Global,3,Both,11,30-34 years,656,Cellulitis,1,Number,2021,33104.2569869525,39664.3977783223,24172.6113591494,I_include,Global,604480174.775885,623603836.164416,586195014.793618,7.32171,7.32
2,DALYs (Disability-Adjusted Life Years),1,Global,3,Both,12,35-39 years,656,Cellulitis,1,Number,2021,35917.6979768028,42320.24035,30618.7129651537,I_include,Global,560866105.914554,578297964.608428,544251815.345755,6.82805,6.83
2,DALYs (Disability-Adjusted Life Years),1,Global,3,Both,13,40-44 years,656,Cellulitis,1,Number,2021,42951.2909308212,49260.4535389695,35618.8602514011,I_include,Global,500250795.605694,515432478.206861,485928430.82182,6.14735,6.15
2,DALYs (Disability-Adjusted Life Years),1,Global,3,Both,14,45-49 years,656,Cellulitis,1,Number,2021,58431.8068918438,66094.073072229,47548.9942992015,I_include,Global,473504625.903218,487919674.240222,460213135.719539,5.51133,5.51
2,DALYs (Disability-Adjusted Life Years),1,Global,3,Both,15,50-54 years,656,Cellulitis,1,Number,2021,62269.9848459661,72210.6593129837,52870.5563367275,I_include,Global,444922982.841121,458714304.258768,432300957.286386,4.91312,4.91
2,DALYs (Disability-Adjusted Life Years),1,Global,3,Both,16,55-59 years,656,Cellulitis,1,Number,2021,79666.2845080196,92677.974869708,67886.6551948343,I_include,Global,395728004,407669300.348216,384764582.368839,4.34586,4.35
2,DALYs (Disability-Adjusted Life Years),1,Global,3,Both,17,60-64 years,656,Cellulitis,1,Number,2021,90603.80215,105769.555005666,78061.1569255715,I_include,Global,320047853.312832,329387624.27068,311524379.587396,3.68223,3.68
2,DALYs (Disability-Adjusted Life Years),1,Global,3,Both,18,65-69 years,656,Cellulitis,1,Number,2021,80914.0169147164,96882.6665685645,67695.8660206305,I_include,Global,275842158.522357,284217678.194795,268116931.088218,2.98509,2.99
2,DALYs (Disability-Adjusted Life Years),1,Global,3,Both,19,70-74 years,656,Cellulitis,1,Number,2021,76675.8787934701,92457.182403338,65412.6133394957,I_include,Global,205839220.385999,211972020.164289,200406728.542811,2.26526,2.27
2,DALYs (Disability-Adjusted Life Years),1,Global,3,Both,20,75-79 years,656,Cellulitis,1,Number,2021,61680.098500781,75775.3679059317,52877.9382502457,I_include,Global,131884404.580217,135613447.4,128518633.372437,1.59758,1.6
2,DALYs (Disability-Adjusted Life Years),1,Global,3,Both,30,80-84 years,656,Cellulitis,1,Number,2021,41792.0899942672,49275.1646073623,35623.5650421816,I_include,Global,87583056.918491,89948887.7796038,85481848.25,1.09729,1.1
2,DALYs (Disability-Adjusted Life Years),1,Global,3,Both,31,85-89 years,656,Cellulitis,1,Number,2021,29087.2010045543,35423.2763854411,23959.399755495,I_include,Global,45721791.0517717,46852862.726504,44709230.7009568,0.604519,0.6
2,DALYs (Disability-Adjusted Life Years),1,Global,3,Both,32,90-94 years,656,Cellulitis,1,Number,2021,18411.3075186348,22131.8438476666,14261.2309492187,I_include,Global,17889373.591415,18289317.0157285,17518670.986049,0.246663,0.25
2,DALYs (Disability-Adjusted Life Years),1,Global,3,Both,235,95+ years,656,Cellulitis,1,Number,2021,8479.02651785328,10308.9386949005,6147.17914983252,I_include,Global,5450308.67493343,5569992.58267677,5337366.13587716,0.0785092,0.08
2,DALYs (Disability-Adjusted Life Years),1,Global,3,Both,10,25-29 years,657,Pyoderma,1,Number,2021,33751.2762099961,48689.7960270572,25002.707471042,I_include,Global,588343218.626762,607422118.669863,570487097.318648,7.59144,7.59
2,DALYs (Disability-Adjusted Life Years),1,Global,3,Both,11,30-34 years,657,Pyoderma,1,Number,2021,48835.7544316787,64410.5184168186,36798.116180071,I_include,Global,604480174.775885,623603836.164416,586195014.793618,7.32171,7.32
2,DALYs (Disability-Adjusted Life Years),1,Global,3,Both,12,35-39 years,657,Pyoderma,1,Number,2021,44230.7838786927,57219.3707778614,36059.9759834428,I_include,Global,560866105.914554,578297964.608428,544251815.345755,6.82805,6.83
2,DALYs (Disability-Adjusted Life Years),1,Global,3,Both,13,40-44 years,657,Pyoderma,1,Number,2021,52661.3003437455,64946.499887741,44237.1530941983,I_include,Global,500250795.605694,515432478.206861,485928430.82182,6.14735,6.15
2,DALYs (Disability-Adjusted Life Years),1,Global,3,Both,14,45-49 years,657,Pyoderma,1,Number,2021,65664.210464271,77884.0371000093,56429.279838391,I_include,Global,473504625.903218,487919674.240222,460213135.719539,5.51133,5.51
2,DALYs (Disability-Adjusted Life Years),1,Global,3,Both,15,50-54 years,657,Pyoderma,1,Number,2021,71564.630632121,84076.6873799248,62771.8573460893,I_include,Global,444922982.841121,458714304.258768,432300957.286386,4.91312,4.91
2,DALYs (Disability-Adjusted Life Years),1,Global,3,Both,16,55-59 years,657,Pyoderma,1,Number,2021,87387.3792307533,102052.9271,76284.1949952288,I_include,Global,395728004,407669300.348216,384764582.368839,4.34586,4.35
2,DALYs (Disability-Adjusted Life Years),1,Global,3,Both,17,60-64 years,657,Pyoderma,1,Number,2021,92769.6404267956,107496.875673973,82138.0137495713,I_include,Global,320047853.312832,329387624.27068,311524379.587396,3.68223,3.68
2,DALYs (Disability-Adjusted Life Years),1,Global,3,Both,18,65-69 years,657,Pyoderma,1,Number,2021,93397.5043332412,109042.85697382,82007.9265207725,I_include,Global,275842158.522357,284217678.194795,268116931.088218,2.98509,2.99
2,DALYs (Disability-Adjusted Life Years),1,Global,3,Both,19,70-74 years,657,Pyoderma,1,Number,2021,98133.9165695157,113253.509570468,85309.5412389871,I_include,Global,205839220.385999,211972020.164289,200406728.542811,2.26526,2.27
2,DALYs (Disability-Adjusted Life Years),1,Global,3,Both,20,75-79 years,657,Pyoderma,1,Number,2021,96000.9892401758,110244.06267431,84361.0745815856,I_include,Global,131884404.580217,135613447.4,128518633.372437,1.59758,1.6
2,DALYs (Disability-Adjusted Life Years),1,Global,3,Both,30,80-84 years,657,Pyoderma,1,Number,2021,70520.3513941182,82770.414647533,60614.8665516494,I_include,Global,87583056.918491,89948887.7796038,85481848.25,1.09729,1.1
2,DALYs (Disability-Adjusted Life Years),1,Global,3,Both,31,85-89 years,657,Pyoderma,1,Number,2021,56380.0636183158,67326.9281789599,45972.6379263756,I_include,Global,45721791.0517717,46852862.726504,44709230.7009568,0.604519,0.6
2,DALYs (Disability-Adjusted Life Years),1,Global,3,Both,32,90-94 years,657,Pyoderma,1,Number,2021,36524.3289503973,43449.7372747066,28547.5269217109,I_include,Global,17889373.591415,18289317.0157285,17518670.986049,0.246663,0.25
2,DALYs (Disability-Adjusted Life Years),1,Global,3,Both,235,95+ years,657,Pyoderma,1,Number,2021,17547.9622432738,21184.1723437592,13128.9507855367,I_include,Global,5450308.67493343,5569992.58267677,5337366.13587716,0.0785092,0.08
2,DALYs (Disability-Adjusted Life Years),1,Global,3,Both,10,25-29 years,659,Fungal skin diseases,1,Number,2021,188983.546522663,411583.286845027,72157.2149161581,I_include,Global,588343218.626762,607422118.669863,570487097.318648,7.59144,7.59
2,DALYs (Disability-Adjusted Life Years),1,Global,3,Both,11,30-34 years,659,Fungal skin diseases,1,Number,2021,195865.650378269,422004.800051975,74570.9567469664,I_include,Global,604480174.775885,623603836.164416,586195014.793618,7.32171,7.32
2,DALYs (Disability-Adjusted Life Years),1,Global,3,Both,12,35-39 years,659,Fungal skin diseases,1,Number,2021,192791.342854296,397311.017150509,76165.0965745035,I_include,Global,560866105.914554,578297964.608428,544251815.345755,6.82805,6.83
2,DALYs (Disability-Adjusted Life Years),1,Global,3,Both,13,40-44 years,659,Fungal skin diseases,1,Number,2021,184916.848793447,382237.422320184,73329.6274527881,I_include,Global,500250795.605694,515432478.206861,485928430.82182,6.14735,6.15
2,DALYs (Disability-Adjusted Life Years),1,Global,3,Both,14,45-49 years,659,Fungal skin diseases,1,Number,2021,183587.973850888,373556.470229284,72057.6082054695,I_include,Global,473504625.903218,487919674.240222,460213135.719539,5.51133,5.51
2,DALYs (Disability-Adjusted Life Years),1,Global,3,Both,15,50-54 years,659,Fungal skin diseases,1,Number,2021,180323.077530715,368720.202966802,72409.5752231105,I_include,Global,444922982.841121,458714304.258768,432300957.286386,4.91312,4.91
2,DALYs (Disability-Adjusted Life Years),1,Global,3,Both,16,55-59 years,659,Fungal skin diseases,1,Number,2021,167667.728702599,360693.956799192,66270.7317593332,I_include,Global,395728004,407669300.348216,384764582.368839,4.34586,4.35
2,DALYs (Disability-Adjusted Life Years),1,Global,3,Both,17,60-64 years,659,Fungal skin diseases,1,Number,2021,145977.222422447,319014.851049212,57221.4347330446,I_include,Global,320047853.312832,329387624.27068,311524379.587396,3.68223,3.68
2,DALYs (Disability-Adjusted Life Years),1,Global,3,Both,18,65-69 years,659,Fungal skin diseases,1,Number,2021,148995.803889203,320892.990766354,59282.0364183719,I_include,Global,275842158.522357,284217678.194795,268116931.088218,2.98509,2.99
2,DALYs (Disability-Adjusted Life Years),1,Global,3,Both,19,70-74 years,659,Fungal skin diseases,1,Number,2021,149772.32525363,319527.25304598,62527.5148350206,I_include,Global,205839220.385999,211972020.164289,200406728.542811,2.26526,2.27
2,DALYs (Disability-Adjusted Life Years),1,Global,3,Both,20,75-79 years,659,Fungal skin diseases,1,Number,2021,118522.990413555,252032.301736927,46818.7711187496,I_include,Global,131884404.580217,135613447.4,128518633.372437,1.59758,1.6
2,DALYs (Disability-Adjusted Life Years),1,Global,3,Both,30,80-84 years,659,Fungal skin diseases,1,Number,2021,106328.404644407,220759.236898861,43538.68624,I_include,Global,87583056.918491,89948887.7796038,85481848.25,1.09729,1.1
2,DALYs (Disability-Adjusted Life Years),1,Global,3,Both,31,85-89 years,659,Fungal skin diseases,1,Number,2021,74965.4725289903,153155.893838068,29776.0373091815,I_include,Global,45721791.0517717,46852862.726504,44709230.7009568,0.604519,0.6
2,DALYs (Disability-Adjusted Life Years),1,Global,3,Both,32,90-94 years,659,Fungal skin diseases,1,Number,2021,35961.6473428324,76005.0050265447,14088.7254577427,I_include,Global,17889373.591415,18289317.0157285,17518670.986049,0.246663,0.25
2,DALYs (Disability-Adjusted Life Years),1,Global,3,Both,235,95+ years,659,Fungal skin diseases,1,Number,2021,12662.1613255088,27131.6942427822,4953.02949019841,I_include,Global,5450308.67493343,5569992.58267677,5337366.13587716,0.0785092,0.08
2,DALYs (Disability-Adjusted Life Years),1,Global,3,Both,235,95+ years,846,Chronic lymphoid leukemia,1,Number,2021,13964.3834193626,16028.1487179315,10351.9444996811,I_include,Global,5450308.67493343,5569992.58267677,5337366.13587716,0.0785092,0.08
2,DALYs (Disability-Adjusted Life Years),1,Global,3,Both,10,25-29 years,847,Acute myeloid leukemia,1,Number,2021,196967.599728538,242421.039537028,156525.287740972,I_include,Global,588343218.626762,607422118.669863,570487097.318648,7.59144,7.59
2,DALYs (Disability-Adjusted Life Years),1,Global,3,Both,11,30-34 years,847,Acute myeloid leukemia,1,Number,2021,201626.076159095,246021.71958718,156154.224627404,I_include,Global,604480174.775885,623603836.164416,586195014.793618,7.32171,7.32
2,DALYs (Disability-Adjusted Life Years),1,Global,3,Both,12,35-39 years,847,Acute myeloid leukemia,1,Number,2021,205854.709989718,245699.098848867,154666.624106544,I_include,Global,560866105.914554,578297964.608428,544251815.345755,6.82805,6.83
2,DALYs (Disability-Adjusted Life Years),1,Global,3,Both,13,40-44 years,847,Acute myeloid leukemia,1,Number,2021,211848.87508042,255488.029191831,167693.079576025,I_include,Global,500250795.605694,515432478.206861,485928430.82182,6.14735,6.15
2,DALYs (Disability-Adjusted Life Years),1,Global,3,Both,14,45-49 years,847,Acute myeloid leukemia,1,Number,2021,220111.449442919,271209.29851093,178874.111558296,I_include,Global,473504625.903218,487919674.240222,460213135.719539,5.51133,5.51
2,DALYs (Disability-Adjusted Life Years),1,Global,3,Both,15,50-54 years,847,Acute myeloid leukemia,1,Number,2021,248635.433619875,297130.567941438,199994.647977282,I_include,Global,444922982.841121,458714304.258768,432300957.286386,4.91312,4.91
2,DALYs (Disability-Adjusted Life Years),1,Global,3,Both,16,55-59 years,847,Acute myeloid leukemia,1,Number,2021,295319.061873977,353865.091917942,243264.755277867,I_include,Global,395728004,407669300.348216,384764582.368839,4.34586,4.35
2,DALYs (Disability-Adjusted Life Years),1,Global,3,Both,17,60-64 years,847,Acute myeloid leukemia,1,Number,2021,317299.71956874,369913.078419389,270250.108692843,I_include,Global,320047853.312832,329387624.27068,311524379.587396,3.68223,3.68
2,DALYs (Disability-Adjusted Life Years),1,Global,3,Both,18,65-69 years,847,Acute myeloid leukemia,1,Number,2021,343235.123920309,400244.253366537,294801.9009,I_include,Global,275842158.522357,284217678.194795,268116931.088218,2.98509,2.99
2,DALYs (Disability-Adjusted Life Years),1,Global,3,Both,19,70-74 years,847,Acute myeloid leukemia,1,Number,2021,330781.139820283,371962.448781779,292000.733203418,I_include,Global,205839220.385999,211972020.164289,200406728.542811,2.26526,2.27
2,DALYs (Disability-Adjusted Life Years),1,Global,3,Both,20,75-79 years,847,Acute myeloid leukemia,1,Number,2021,238442.946799119,267918.37684464,214653.144293588,I_include,Global,131884404.580217,135613447.4,128518633.372437,1.59758,1.6
2,DALYs (Disability-Adjusted Life Years),1,Global,3,Both,30,80-84 years,847,Acute myeloid leukemia,1,Number,2021,159932.4598,178339.931204615,136733.607682321,I_include,Global,87583056.918491,89948887.7796038,85481848.25,1.09729,1.1
2,DALYs (Disability-Adjusted Life Years),1,Global,3,Both,31,85-89 years,847,Acute myeloid leukemia,1,Number,2021,84997.2037888285,95582.9625865963,70207.4973213321,I_include,Global,45721791.0517717,46852862.726504,44709230.7009568,0.604519,0.6
2,DALYs (Disability-Adjusted Life Years),1,Global,3,Both,32,90-94 years,847,Acute myeloid leukemia,1,Number,2021,33316.6151212109,37886.6074552692,26265.713604692,I_include,Global,17889373.591415,18289317.0157285,17518670.986049,0.246663,0.25
2,DALYs (Disability-Adjusted Life Years),1,Global,3,Both,235,95+ years,847,Acute myeloid leukemia,1,Number,2021,8980.99398588166,10416.0431622919,6638.57648572714,I_include,Global,5450308.67493343,5569992.58267677,5337366.13587716,0.0785092,0.08
2,DALYs (Disability-Adjusted Life Years),1,Global,3,Both,10,25-29 years,848,Chronic myeloid leukemia,1,Number,2021,40957.2648713192,55736.0537405739,25305.066351343,I_include,Global,588343218.626762,607422118.669863,570487097.318648,7.59144,7.59
2,DALYs (Disability-Adjusted Life Years),1,Global,3,Both,11,30-34 years,848,Chronic myeloid leukemia,1,Number,2021,45811.7363617674,60317.3292211678,27759.9786400403,I_include,Global,604480174.775885,623603836.164416,586195014.793618,7.32171,7.32
2,DALYs (Disability-Adjusted Life Years),1,Global,3,Both,12,35-39 years,848,Chronic myeloid leukemia,1,Number,2021,46480.3024069848,61530.3578658233,30167.1601147403,I_include,Global,560866105.914554,578297964.608428,544251815.345755,6.82805,6.83
2,DALYs (Disability-Adjusted Life Years),1,Global,3,Both,13,40-44 years,848,Chronic myeloid leukemia,1,Number,2021,46540.0139092713,60258.8923470045,30147.5616944525,I_include,Global,500250795.605694,515432478.206861,485928430.82182,6.14735,6.15
2,DALYs (Disability-Adjusted Life Years),1,Global,3,Both,14,45-49 years,848,Chronic myeloid leukemia,1,Number,2021,45679.7705987665,61989.4477340189,29493.8783,I_include,Global,473504625.903218,487919674.240222,460213135.719539,5.51133,5.51
2,DALYs (Disability-Adjusted Life Years),1,Global,3,Both,15,50-54 years,848,Chronic myeloid leukemia,1,Number,2021,46980.9786349344,61947.5946078488,32009.0538723087,I_include,Global,444922982.841121,458714304.258768,432300957.286386,4.91312,4.91
2,DALYs (Disability-Adjusted Life Years),1,Global,3,Both,16,55-59 years,848,Chronic myeloid leukemia,1,Number,2021,51327.6187838131,66191.9636057332,36375.4753564189,I_include,Global,395728004,407669300.348216,384764582.368839,4.34586,4.35
2,DALYs (Disability-Adjusted Life Years),1,Global,3,Both,17,60-64 years,848,Chronic myeloid leukemia,1,Number,2021,51960.2680983036,64852.5298048545,35320.387698425,I_include,Global,320047853.312832,329387624.27068,311524379.587396,3.68223,3.68
2,DALYs (Disability-Adjusted Life Years),1,Global,3,Both,18,65-69 years,848,Chronic myeloid leukemia,1,Number,2021,52438.3751436279,70554.1982019006,37528.4045805163,I_include,Global,275842158.522357,284217678.194795,268116931.088218,2.98509,2.99
2,DALYs (Disability-Adjusted Life Years),1,Global,3,Both,19,70-74 years,848,Chronic myeloid leukemia,1,Number,2021,50212.3913837173,66299.0119062049,37113.6281357981,I_include,Global,205839220.385999,211972020.164289,200406728.542811,2.26526,2.27
2,DALYs (Disability-Adjusted Life Years),1,Global,3,Both,20,75-79 years,848,Chronic myeloid leukemia,1,Number,2021,38736.0655606411,47674.3411401164,28824.5789293349,I_include,Global,131884404.580217,135613447.4,128518633.372437,1.59758,1.6
2,DALYs (Disability-Adjusted Life Years),1,Global,3,Both,30,80-84 years,848,Chronic myeloid leukemia,1,Number,2021,31713.4171188913,38239.3794101779,25662.7384489542,I_include,Global,87583056.918491,89948887.7796038,85481848.25,1.09729,1.1
2,DALYs (Disability-Adjusted Life Years),1,Global,3,Both,31,85-89 years,848,Chronic myeloid leukemia,1,Number,2021,20607.3357730397,24538.5905826496,16246.9154347162,I_include,Global,45721791.0517717,46852862.726504,44709230.7009568,0.604519,0.6
2,DALYs (Disability-Adjusted Life Years),1,Global,3,Both,32,90-94 years,848,Chronic myeloid leukemia,1,Number,2021,10450.3665649547,12193.8723477068,8103.05277366431,I_include,Global,17889373.591415,18289317.0157285,17518670.986049,0.246663,0.25
2,DALYs (Disability-Adjusted Life Years),1,Global,3,Both,235,95+ years,848,Chronic myeloid leukemia,1,Number,2021,3021.59692838164,3542.02383558406,2202.22929220873,I_include,Global,5450308.67493343,5569992.58267677,5337366.13587716,0.0785092,0.08
2,DALYs (Disability-Adjusted Life Years),1,Global,3,Both,10,25-29 years,849,Non-melanoma skin cancer (squamous-cell carcinoma),1,Number,2021,15560.7278050133,17478.1709763232,12498.1526824043,I_include,Global,588343218.626762,607422118.669863,570487097.318648,7.59144,7.59
2,DALYs (Disability-Adjusted Life Years),1,Global,3,Both,11,30-34 years,849,Non-melanoma skin cancer (squamous-cell carcinoma),1,Number,2021,27796.4763557594,32277.0821823412,20053.6757816223,I_include,Global,604480174.775885,623603836.164416,586195014.793618,7.32171,7.32
2,DALYs (Disability-Adjusted Life Years),1,Global,3,Both,12,35-39 years,849,Non-melanoma skin cancer (squamous-cell carcinoma),1,Number,2021,32397.7805347737,36515.6032788938,27370.1156920945,I_include,Global,560866105.914554,578297964.608428,544251815.345755,6.82805,6.83
2,DALYs (Disability-Adjusted Life Years),1,Global,3,Both,13,40-44 years,849,Non-melanoma skin cancer (squamous-cell carcinoma),1,Number,2021,44680.5130559688,50326.9567217032,36833.7123149177,I_include,Global,500250795.605694,515432478.206861,485928430.82182,6.14735,6.15
2,DALYs (Disability-Adjusted Life Years),1,Global,3,Both,14,45-49 years,849,Non-melanoma skin cancer (squamous-cell carcinoma),1,Number,2021,56298.5499031757,63344.2481648701,47326.5103039406,I_include,Global,473504625.903218,487919674.240222,460213135.719539,5.51133,5.51
2,DALYs (Disability-Adjusted Life Years),1,Global,3,Both,15,50-54 years,849,Non-melanoma skin cancer (squamous-cell carcinoma),1,Number,2021,81120.0205606179,90642.7932192442,70115.8320122014,I_include,Global,444922982.841121,458714304.258768,432300957.286386,4.91312,4.91
2,DALYs (Disability-Adjusted Life Years),1,Global,3,Both,16,55-59 years,849,Non-melanoma skin cancer (squamous-cell carcinoma),1,Number,2021,103920.418511518,116284.810289841,91495.2316736266,I_include,Global,395728004,407669300.348216,384764582.368839,4.34586,4.35
2,DALYs (Disability-Adjusted Life Years),1,Global,3,Both,17,60-64 years,849,Non-melanoma skin cancer (squamous-cell carcinoma),1,Number,2021,132330.862586549,148000.433753833,115359.423461029,I_include,Global,320047853.312832,329387624.27068,311524379.587396,3.68223,3.68
2,DALYs (Disability-Adjusted Life Years),1,Global,3,Both,18,65-69 years,849,Non-melanoma skin cancer (squamous-cell carcinoma),1,Number,2021,155378.050467432,174148.184036757,131810.770701056,I_include,Global,275842158.522357,284217678.194795,268116931.088218,2.98509,2.99
2,DALYs (Disability-Adjusted Life Years),1,Global,3,Both,19,70-74 years,849,Non-melanoma skin cancer (squamous-cell carcinoma),1,Number,2021,153534.466997484,171595.318321858,132225.614149661,I_include,Global,205839220.385999,211972020.164289,200406728.542811,2.26526,2.27
2,DALYs (Disability-Adjusted Life Years),1,Global,3,Both,20,75-79 years,849,Non-melanoma skin cancer (squamous-cell carcinoma),1,Number,2021,122833.489874031,136653.789427792,108936.885886442,I_include,Global,131884404.580217,135613447.4,128518633.372437,1.59758,1.6
2,DALYs (Disability-Adjusted Life Years),1,Global,3,Both,30,80-84 years,849,Non-melanoma skin cancer (squamous-cell carcinoma),1,Number,2021,110361.676303048,121556.406603138,96152.5147407417,I_include,Global,87583056.918491,89948887.7796038,85481848.25,1.09729,1.1
2,DALYs (Disability-Adjusted Life Years),1,Global,3,Both,31,85-89 years,849,Non-melanoma skin cancer (squamous-cell carcinoma),1,Number,2021,84920.8063847676,94195.6289397288,72203.6597362992,I_include,Global,45721791.0517717,46852862.726504,44709230.7009568,0.604519,0.6
2,DALYs (Disability-Adjusted Life Years),1,Global,3,Both,32,90-94 years,849,Non-melanoma skin cancer (squamous-cell carcinoma),1,Number,2021,52940.1279293129,58987.8854041961,43626.6417452279,I_include,Global,17889373.591415,18289317.0157285,17518670.986049,0.246663,0.25
2,DALYs (Disability-Adjusted Life Years),1,Global,3,Both,235,95+ years,849,Non-melanoma skin cancer (squamous-cell carcinoma),1,Number,2021,26436.6711362415,29965.7081040775,19736.3943239208,I_include,Global,5450308.67493343,5569992.58267677,5337366.13587716,0.0785092,0.08
2,DALYs (Disability-Adjusted Life Years),1,Global,3,Both,10,25-29 years,850,Non-melanoma skin cancer (basal-cell carcinoma),1,Number,2021,12.2307700150762,25.9323874665856,4.78623139938173,I_include,Global,588343218.626762,607422118.669863,570487097.318648,7.59144,7.59
2,DALYs (Disability-Adjusted Life Years),1,Global,3,Both,11,30-34 years,850,Non-melanoma skin cancer (basal-cell carcinoma),1,Number,2021,25.8868857381052,53.0237755968444,9.70485355959406,I_include,Global,604480174.775885,623603836.164416,586195014.793618,7.32171,7.32
2,DALYs (Disability-Adjusted Life Years),1,Global,3,Both,12,35-39 years,850,Non-melanoma skin cancer (basal-cell carcinoma),1,Number,2021,41.133002041007,78.9837687138727,15.4889420513961,I_include,Global,560866105.914554,578297964.608428,544251815.345755,6.82805,6.83
2,DALYs (Disability-Adjusted Life Years),1,Global,3,Both,13,40-44 years,850,Non-melanoma skin cancer (basal-cell carcinoma),1,Number,2021,60.8734831340277,119.416189661012,26.2842940836771,I_include,Global,500250795.605694,515432478.206861,485928430.82182,6.14735,6.15
2,DALYs (Disability-Adjusted Life Years),1,Global,3,Both,14,45-49 years,850,Non-melanoma skin cancer (basal-cell carcinoma),1,Number,2021,91.6470161483828,196.054317055302,41.1418776289285,I_include,Global,473504625.903218,487919674.240222,460213135.719539,5.51133,5.51
2,DALYs (Disability-Adjusted Life Years),1,Global,3,Both,15,50-54 years,850,Non-melanoma skin cancer (basal-cell carcinoma),1,Number,2021,137.236508005171,283.152575633079,63.7272689277222,I_include,Global,444922982.841121,458714304.258768,432300957.286386,4.91312,4.91
2,DALYs (Disability-Adjusted Life Years),1,Global,3,Both,16,55-59 years,850,Non-melanoma skin cancer (basal-cell carcinoma),1,Number,2021,182.415124887413,364.739054791433,77.9061850984178,I_include,Global,395728004,407669300.348216,384764582.368839,4.34586,4.35
2,DALYs (Disability-Adjusted Life Years),1,Global,3,Both,17,60-64 years,850,Non-melanoma skin cancer (basal-cell carcinoma),1,Number,2021,232.767948222152,444.314768378632,104.857311051536,I_include,Global,320047853.312832,329387624.27068,311524379.587396,3.68223,3.68
2,DALYs (Disability-Adjusted Life Years),1,Global,3,Both,18,65-69 years,850,Non-melanoma skin cancer (basal-cell carcinoma),1,Number,2021,298.51760462856,565.591252024906,139.395025746481,I_include,Global,275842158.522357,284217678.194795,268116931.088218,2.98509,2.99
2,DALYs (Disability-Adjusted Life Years),1,Global,3,Both,19,70-74 years,850,Non-melanoma skin cancer (basal-cell carcinoma),1,Number,2021,310.586187485753,594.886162565441,141.927121783658,I_include,Global,205839220.385999,211972020.164289,200406728.542811,2.26526,2.27
2,DALYs (Disability-Adjusted Life Years),1,Global,3,Both,20,75-79 years,850,Non-melanoma skin cancer (basal-cell carcinoma),1,Number,2021,246.813196486949,486.569230609232,108.961148706432,I_include,Global,131884404.580217,135613447.4,128518633.372437,1.59758,1.6
2,DALYs (Disability-Adjusted Life Years),1,Global,3,Both,30,80-84 years,850,Non-melanoma skin cancer (basal-cell carcinoma),1,Number,2021,181.663525680144,363.199849934857,79.546648728053,I_include,Global,87583056.918491,89948887.7796038,85481848.25,1.09729,1.1
2,DALYs (Disability-Adjusted Life Years),1,Global,3,Both,31,85-89 years,850,Non-melanoma skin cancer (basal-cell carcinoma),1,Number,2021,105.174562467775,200.427155645885,49.1499579382547,I_include,Global,45721791.0517717,46852862.726504,44709230.7009568,0.604519,0.6
2,DALYs (Disability-Adjusted Life Years),1,Global,3,Both,32,90-94 years,850,Non-melanoma skin cancer (basal-cell carcinoma),1,Number,2021,48.5346621831642,91.4997362432942,21.5183374545831,I_include,Global,17889373.591415,18289317.0157285,17518670.986049,0.246663,0.25
2,DALYs (Disability-Adjusted Life Years),1,Global,3,Both,235,95+ years,850,Non-melanoma skin cancer (basal-cell carcinoma),1,Number,2021,16.3893286372454,31.7553506412109,6.77891925553243,I_include,Global,5450308.67493343,5569992.58267677,5337366.13587716,0.0785092,0.08
2,DALYs (Disability-Adjusted Life Years),1,Global,3,Both,10,25-29 years,942,Myocarditis,1,Number,2021,39385.8787989225,53633.3489933396,31149.4743144118,I_include,Global,588343218.626762,607422118.669863,570487097.318648,7.59144,7.59
2,DALYs (Disability-Adjusted Life Years),1,Global,3,Both,11,30-34 years,942,Myocarditis,1,Number,2021,45788.974679413,58591.836544426,36160.5813073343,I_include,Global,604480174.775885,623603836.164416,586195014.793618,7.32171,7.32
2,DALYs (Disability-Adjusted Life Years),1,Global,3,Both,12,35-39 years,942,Myocarditis,1,Number,2021,50630.2869845138,64966.3900086378,38480.8841144256,I_include,Global,560866105.914554,578297964.608428,544251815.345755,6.82805,6.83
2,DALYs (Disability-Adjusted Life Years),1,Global,3,Both,13,40-44 years,942,Myocarditis,1,Number,2021,50664.7765272324,67409.4411799874,39364.8797373688,I_include,Global,500250795.605694,515432478.206861,485928430.82182,6.14735,6.15
2,DALYs (Disability-Adjusted Life Years),1,Global,3,Both,14,45-49 years,942,Myocarditis,1,Number,2021,52871.4674974824,69852.2381496198,40547.8724705245,I_include,Global,473504625.903218,487919674.240222,460213135.719539,5.51133,5.51
2,DALYs (Disability-Adjusted Life Years),1,Global,3,Both,15,50-54 years,942,Myocarditis,1,Number,2021,52457.258123529,65655.5261899918,39882.7019044976,I_include,Global,444922982.841121,458714304.258768,432300957.286386,4.91312,4.91
2,DALYs (Disability-Adjusted Life Years),1,Global,3,Both,16,55-59 years,942,Myocarditis,1,Number,2021,54400.9364083421,66153.9458752986,39308.5224952621,I_include,Global,395728004,407669300.348216,384764582.368839,4.34586,4.35
2,DALYs (Disability-Adjusted Life Years),1,Global,3,Both,17,60-64 years,942,Myocarditis,1,Number,2021,43866.8787578632,52016.9792948864,34177.7108691017,I_include,Global,320047853.312832,329387624.27068,311524379.587396,3.68223,3.68
2,DALYs (Disability-Adjusted Life Years),1,Global,3,Both,18,65-69 years,942,Myocarditis,1,Number,2021,47752.159869681,58545.6427322269,37110.4060444926,I_include,Global,275842158.522357,284217678.194795,268116931.088218,2.98509,2.99
2,DALYs (Disability-Adjusted Life Years),1,Global,3,Both,19,70-74 years,942,Myocarditis,1,Number,2021,45301.9258510262,54478.4830184111,34578.1966726821,I_include,Global,205839220.385999,211972020.164289,200406728.542811,2.26526,2.27
2,DALYs (Disability-Adjusted Life Years),1,Global,3,Both,20,75-79 years,942,Myocarditis,1,Number,2021,40812.2442212367,49339.6026459545,30255.5551223753,I_include,Global,131884404.580217,135613447.4,128518633.372437,1.59758,1.6
2,DALYs (Disability-Adjusted Life Years),1,Global,3,Both,30,80-84 years,942,Myocarditis,1,Number,2021,46020.6687249887,54358.3568790973,35363.5949534779,I_include,Global,87583056.918491,89948887.7796038,85481848.25,1.09729,1.1
2,DALYs (Disability-Adjusted Life Years),1,Global,3,Both,31,85-89 years,942,Myocarditis,1,Number,2021,42187.3455587244,50349.8007673809,32079.2973768016,I_include,Global,45721791.0517717,46852862.726504,44709230.7009568,0.604519,0.6
2,DALYs (Disability-Adjusted Life Years),1,Global,3,Both,32,90-94 years,942,Myocarditis,1,Number,2021,29101.5799631635,35263.6596331664,21455.113380341,I_include,Global,17889373.591415,18289317.0157285,17518670.986049,0.246663,0.25
2,DALYs (Disability-Adjusted Life Years),1,Global,3,Both,235,95+ years,942,Myocarditis,1,Number,2021,13057.8361316942,16321.3616335204,9206.18054969146,I_include,Global,5450308.67493343,5569992.58267677,5337366.13587716,0.0785092,0.08
2,DALYs (Disability-Adjusted Life Years),1,Global,3,Both,10,25-29 years,943,Other leukemia,1,Number,2021,60872.6061877341,89296.9214722714,34361.9549097496,I_include,Global,588343218.626762,607422118.669863,570487097.318648,7.59144,7.59
2,DALYs (Disability-Adjusted Life Years),1,Global,3,Both,11,30-34 years,943,Other leukemia,1,Number,2021,77587.5899463974,105238.194734406,45976.5585262764,I_include,Global,604480174.775885,623603836.164416,586195014.793618,7.32171,7.32
2,DALYs (Disability-Adjusted Life Years),1,Global,3,Both,12,35-39 years,943,Other leukemia,1,Number,2021,82611.9726323505,121118.976394386,53205.7131431674,I_include,Global,560866105.914554,578297964.608428,544251815.345755,6.82805,6.83
2,DALYs (Disability-Adjusted Life Years),1,Global,3,Both,13,40-44 years,943,Other leukemia,1,Number,2021,85123.2811231428,138100.448475571,50254.6623248974,I_include,Global,500250795.605694,515432478.206861,485928430.82182,6.14735,6.15
2,DALYs (Disability-Adjusted Life Years),1,Global,3,Both,14,45-49 years,943,Other leukemia,1,Number,2021,91221.6938727945,138067.495766851,55646.9331137775,I_include,Global,473504625.903218,487919674.240222,460213135.719539,5.51133,5.51
2,DALYs (Disability-Adjusted Life Years),1,Global,3,Both,15,50-54 years,943,Other leukemia,1,Number,2021,111162.918874473,156704.595349897,70688.8630777503,I_include,Global,444922982.841121,458714304.258768,432300957.286386,4.91312,4.91
2,DALYs (Disability-Adjusted Life Years),1,Global,3,Both,16,55-59 years,943,Other leukemia,1,Number,2021,126123.891931716,183601.142002811,80299.857363603,I_include,Global,395728004,407669300.348216,384764582.368839,4.34586,4.35
2,DALYs (Disability-Adjusted Life Years),1,Global,3,Both,17,60-64 years,943,Other leukemia,1,Number,2021,130788.789381067,179007.565803197,85435.9554595952,I_include,Global,320047853.312832,329387624.27068,311524379.587396,3.68223,3.68
2,DALYs (Disability-Adjusted Life Years),1,Global,3,Both,18,65-69 years,943,Other leukemia,1,Number,2021,149678.598332231,195156.436289747,106284.244192311,I_include,Global,275842158.522357,284217678.194795,268116931.088218,2.98509,2.99
2,DALYs (Disability-Adjusted Life Years),1,Global,3,Both,19,70-74 years,943,Other leukemia,1,Number,2021,135063.938107798,174287.171561529,99844.4265881191,I_include,Global,205839220.385999,211972020.164289,200406728.542811,2.26526,2.27
2,DALYs (Disability-Adjusted Life Years),1,Global,3,Both,20,75-79 years,943,Other leukemia,1,Number,2021,95324.8910542955,123880.552402699,70287.9525687198,I_include,Global,131884404.580217,135613447.4,128518633.372437,1.59758,1.6
2,DALYs (Disability-Adjusted Life Years),1,Global,3,Both,30,80-84 years,943,Other leukemia,1,Number,2021,67485.3053311293,83822.158884695,53095.8752639889,I_include,Global,87583056.918491,89948887.7796038,85481848.25,1.09729,1.1
2,DALYs (Disability-Adjusted Life Years),1,Global,3,Both,31,85-89 years,943,Other leukemia,1,Number,2021,38226.852429444,45600.4689154117,30104.9748050038,I_include,Global,45721791.0517717,46852862.726504,44709230.7009568,0.604519,0.6
2,DALYs (Disability-Adjusted Life Years),1,Global,3,Both,32,90-94 years,943,Other leukemia,1,Number,2021,17336.0832460679,19965.349554129,13559.4192610217,I_include,Global,17889373.591415,18289317.0157285,17518670.986049,0.246663,0.25
2,DALYs (Disability-Adjusted Life Years),1,Global,3,Both,235,95+ years,943,Other leukemia,1,Number,2021,5493.79535734335,6447.430962,4064.45245145627,I_include,Global,5450308.67493343,5569992.58267677,5337366.13587716,0.0785092,0.08
2,DALYs (Disability-Adjusted Life Years),1,Global,3,Both,10,25-29 years,944,Other cardiomyopathy,1,Number,2021,272877.838282634,315746.252793541,237241.651825355,P_include,Global,588343218.626762,607422118.669863,570487097.318648,7.59144,7.59
2,DALYs (Disability-Adjusted Life Years),1,Global,3,Both,11,30-34 years,944,Other cardiomyopathy,1,Number,2021,353946.062267876,397059.862461663,316369.694481687,P_include,Global,604480174.775885,623603836.164416,586195014.793618,7.32171,7.32
2,DALYs (Disability-Adjusted Life Years),1,Global,3,Both,12,35-39 years,944,Other cardiomyopathy,1,Number,2021,441850.247336031,494586.451447768,396012.958325401,P_include,Global,560866105.914554,578297964.608428,544251815.345755,6.82805,6.83
2,DALYs (Disability-Adjusted Life Years),1,Global,3,Both,13,40-44 years,944,Other cardiomyopathy,1,Number,2021,543604.282027059,617080.869702706,486244.276402661,P_include,Global,500250795.605694,515432478.206861,485928430.82182,6.14735,6.15
2,DALYs (Disability-Adjusted Life Years),1,Global,3,Both,14,45-49 years,944,Other cardiomyopathy,1,Number,2021,584232.125397213,660182.660349643,518482.078847259,P_include,Global,473504625.903218,487919674.240222,460213135.719539,5.51133,5.51
2,DALYs (Disability-Adjusted Life Years),1,Global,3,Both,15,50-54 years,944,Other cardiomyopathy,1,Number,2021,622435.068678793,700671.724129052,541341.561612573,P_include,Global,444922982.841121,458714304.258768,432300957.286386,4.91312,4.91
2,DALYs (Disability-Adjusted Life Years),1,Global,3,Both,16,55-59 years,944,Other cardiomyopathy,1,Number,2021,752920.346433836,843759.300918607,659421.114526518,P_include,Global,395728004,407669300.348216,384764582.368839,4.34586,4.35
2,DALYs (Disability-Adjusted Life Years),1,Global,3,Both,17,60-64 years,944,Other cardiomyopathy,1,Number,2021,708008.48599773,789495.420723281,638419.647190704,P_include,Global,320047853.312832,329387624.27068,311524379.587396,3.68223,3.68
2,DALYs (Disability-Adjusted Life Years),1,Global,3,Both,18,65-69 years,944,Other cardiomyopathy,1,Number,2021,649813.739136308,720672.016400891,597096.797351883,P_include,Global,275842158.522357,284217678.194795,268116931.088218,2.98509,2.99
2,DALYs (Disability-Adjusted Life Years),1,Global,3,Both,19,70-74 years,944,Other cardiomyopathy,1,Number,2021,580243.442240317,641820.086046358,527678.688181875,P_include,Global,205839220.385999,211972020.164289,200406728.542811,2.26526,2.27
2,DALYs (Disability-Adjusted Life Years),1,Global,3,Both,20,75-79 years,944,Other cardiomyopathy,1,Number,2021,482660.685595165,533118.680074854,438754.16385649,P_include,Global,131884404.580217,135613447.4,128518633.372437,1.59758,1.6
2,DALYs (Disability-Adjusted Life Years),1,Global,3,Both,30,80-84 years,944,Other cardiomyopathy,1,Number,2021,469772.966471416,510151.969485864,412781.40939984,P_include,Global,87583056.918491,89948887.7796038,85481848.25,1.09729,1.1
2,DALYs (Disability-Adjusted Life Years),1,Global,3,Both,31,85-89 years,944,Other cardiomyopathy,1,Number,2021,357448.234847532,390006.188254641,301154.463970527,P_include,Global,45721791.0517717,46852862.726504,44709230.7009568,0.604519,0.6
2,DALYs (Disability-Adjusted Life Years),1,Global,3,Both,32,90-94 years,944,Other cardiomyopathy,1,Number,2021,204589.599742253,227138.444431162,167121.940242593,P_include,Global,17889373.591415,18289317.0157285,17518670.986049,0.246663,0.25
2,DALYs (Disability-Adjusted Life Years),1,Global,3,Both,235,95+ years,944,Other cardiomyopathy,1,Number,2021,88734.2953422873,101144.133325531,66539.5519402504,P_include,Global,5450308.67493343,5569992.58267677,5337366.13587716,0.0785092,0.08
2,DALYs (Disability-Adjusted Life Years),1,Global,3,Both,10,25-29 years,947,Extensively drug-resistant tuberculosis,1,Number,2021,17010.190397473,32054.8846268004,7360.61371929662,I_include,Global,588343218.626762,607422118.669863,570487097.318648,7.59144,7.59
2,DALYs (Disability-Adjusted Life Years),1,Global,3,Both,11,30-34 years,947,Extensively drug-resistant tuberculosis,1,Number,2021,21764.0932483381,40508.8838555799,9771.24466752644,I_include,Global,604480174.775885,623603836.164416,586195014.793618,7.32171,7.32
2,DALYs (Disability-Adjusted Life Years),1,Global,3,Both,12,35-39 years,947,Extensively drug-resistant tuberculosis,1,Number,2021,22876.030299075,43063.7580007042,9900.45583465245,I_include,Global,560866105.914554,578297964.608428,544251815.345755,6.82805,6.83
2,DALYs (Disability-Adjusted Life Years),1,Global,3,Both,13,40-44 years,947,Extensively drug-resistant tuberculosis,1,Number,2021,24073.3981219799,45344.3189271343,10624.6931781023,I_include,Global,500250795.605694,515432478.206861,485928430.82182,6.14735,6.15
2,DALYs (Disability-Adjusted Life Years),1,Global,3,Both,14,45-49 years,947,Extensively drug-resistant tuberculosis,1,Number,2021,28315.725398965,50652.2199189618,13601.9334993242,I_include,Global,473504625.903218,487919674.240222,460213135.719539,5.51133,5.51
2,DALYs (Disability-Adjusted Life Years),1,Global,3,Both,15,50-54 years,947,Extensively drug-resistant tuberculosis,1,Number,2021,27517.910898696,50669.2903413801,12668.7271175212,I_include,Global,444922982.841121,458714304.258768,432300957.286386,4.91312,4.91
2,DALYs (Disability-Adjusted Life Years),1,Global,3,Both,16,55-59 years,947,Extensively drug-resistant tuberculosis,1,Number,2021,26723.6693492229,48976.4595894181,12129.822343498,I_include,Global,395728004,407669300.348216,384764582.368839,4.34586,4.35
2,DALYs (Disability-Adjusted Life Years),1,Global,3,Both,17,60-64 years,947,Extensively drug-resistant tuberculosis,1,Number,2021,23166.5537325699,43286.1403656402,10104.643304729,I_include,Global,320047853.312832,329387624.27068,311524379.587396,3.68223,3.68
2,DALYs (Disability-Adjusted Life Years),1,Global,3,Both,18,65-69 years,947,Extensively drug-resistant tuberculosis,1,Number,2021,19370.5631566569,36999.8606042504,8030.56363043703,I_include,Global,275842158.522357,284217678.194795,268116931.088218,2.98509,2.99
2,DALYs (Disability-Adjusted Life Years),1,Global,3,Both,19,70-74 years,947,Extensively drug-resistant tuberculosis,1,Number,2021,14340.8683426263,28051.5879339693,5669.33146653554,I_include,Global,205839220.385999,211972020.164289,200406728.542811,2.26526,2.27
2,DALYs (Disability-Adjusted Life Years),1,Global,3,Both,20,75-79 years,947,Extensively drug-resistant tuberculosis,1,Number,2021,9562.90374954717,19061.2429253528,3759.75730603419,I_include,Global,131884404.580217,135613447.4,128518633.372437,1.59758,1.6
2,DALYs (Disability-Adjusted Life Years),1,Global,3,Both,30,80-84 years,947,Extensively drug-resistant tuberculosis,1,Number,2021,6630.5299662533,12675.334738921,2554.83737026108,I_include,Global,87583056.918491,89948887.7796038,85481848.25,1.09729,1.1
2,DALYs (Disability-Adjusted Life Years),1,Global,3,Both,31,85-89 years,947,Extensively drug-resistant tuberculosis,1,Number,2021,3088.81226161541,6047.8895809484,1178.45882256422,I_include,Global,45721791.0517717,46852862.726504,44709230.7009568,0.604519,0.6
2,DALYs (Disability-Adjusted Life Years),1,Global,3,Both,32,90-94 years,947,Extensively drug-resistant tuberculosis,1,Number,2021,1080.16190681028,2084.57730423219,433.552916831653,I_include,Global,17889373.591415,18289317.0157285,17518670.986049,0.246663,0.25
2,DALYs (Disability-Adjusted Life Years),1,Global,3,Both,235,95+ years,947,Extensively drug-resistant tuberculosis,1,Number,2021,271.386681282171,523.414392563333,109.419926872181,I_include,Global,5450308.67493343,5569992.58267677,5337366.13587716,0.0785092,0.08
2,DALYs (Disability-Adjusted Life Years),1,Global,3,Both,10,25-29 years,403,Acute hepatitis C,1,Number,2021,12391.9192804982,23214.5174299085,5409.59203445193,I_include,Global,588343218.626762,607422118.669863,570487097.318648,7.59144,7.59
2,DALYs (Disability-Adjusted Life Years),1,Global,3,Both,11,30-34 years,403,Acute hepatitis C,1,Number,2021,15829.2237119945,28502.8832415621,6894.20286693524,I_include,Global,604480174.775885,623603836.164416,586195014.793618,7.32171,7.32
2,DALYs (Disability-Adjusted Life Years),1,Global,3,Both,12,35-39 years,403,Acute hepatitis C,1,Number,2021,18364.2928206355,30972.0543925376,8143.80044309786,I_include,Global,560866105.914554,578297964.608428,544251815.345755,6.82805,6.83
2,DALYs (Disability-Adjusted Life Years),1,Global,3,Both,13,40-44 years,403,Acute hepatitis C,1,Number,2021,23423.6981043228,40943.3500088356,10382.363977294,I_include,Global,500250795.605694,515432478.206861,485928430.82182,6.14735,6.15
2,DALYs (Disability-Adjusted Life Years),1,Global,3,Both,14,45-49 years,403,Acute hepatitis C,1,Number,2021,19847.4781186099,34409.217381908,8831.05925066053,I_include,Global,473504625.903218,487919674.240222,460213135.719539,5.51133,5.51
2,DALYs (Disability-Adjusted Life Years),1,Global,3,Both,15,50-54 years,403,Acute hepatitis C,1,Number,2021,16883.6442188453,27915.3744595027,8004.42130141417,I_include,Global,444922982.841121,458714304.258768,432300957.286386,4.91312,4.91
2,DALYs (Disability-Adjusted Life Years),1,Global,3,Both,16,55-59 years,403,Acute hepatitis C,1,Number,2021,15846.030407057,26107.8203949013,7719.91324116396,I_include,Global,395728004,407669300.348216,384764582.368839,4.34586,4.35
2,DALYs (Disability-Adjusted Life Years),1,Global,3,Both,17,60-64 years,403,Acute hepatitis C,1,Number,2021,11158.6146121865,17938.6644128674,5550.4855395364,I_include,Global,320047853.312832,329387624.27068,311524379.587396,3.68223,3.68
2,DALYs (Disability-Adjusted Life Years),1,Global,3,Both,18,65-69 years,403,Acute hepatitis C,1,Number,2021,10223.6222711047,16443.6805586907,5059.95172492778,I_include,Global,275842158.522357,284217678.194795,268116931.088218,2.98509,2.99
2,DALYs (Disability-Adjusted Life Years),1,Global,3,Both,19,70-74 years,403,Acute hepatitis C,1,Number,2021,6563.07610611583,10508.1365057851,3338.65260406482,I_include,Global,205839220.385999,211972020.164289,200406728.542811,2.26526,2.27
2,DALYs (Disability-Adjusted Life Years),1,Global,3,Both,20,75-79 years,403,Acute hepatitis C,1,Number,2021,3886.63400054731,6035.4348846108,1986.54794133594,I_include,Global,131884404.580217,135613447.4,128518633.372437,1.59758,1.6
2,DALYs (Disability-Adjusted Life Years),1,Global,3,Both,30,80-84 years,403,Acute hepatitis C,1,Number,2021,2412.05087030381,3814.24803264519,1190.56997153854,I_include,Global,87583056.918491,89948887.7796038,85481848.25,1.09729,1.1
2,DALYs (Disability-Adjusted Life Years),1,Global,3,Both,31,85-89 years,403,Acute hepatitis C,1,Number,2021,826.876686872179,1251.43103414082,477.721066152523,I_include,Global,45721791.0517717,46852862.726504,44709230.7009568,0.604519,0.6
2,DALYs (Disability-Adjusted Life Years),1,Global,3,Both,32,90-94 years,403,Acute hepatitis C,1,Number,2021,311.629089140415,489.656477705191,161.139159807365,I_include,Global,17889373.591415,18289317.0157285,17518670.986049,0.246663,0.25
2,DALYs (Disability-Adjusted Life Years),1,Global,3,Both,235,95+ years,403,Acute hepatitis C,1,Number,2021,85.0695554523438,138.078118499169,45.4224994301041,I_include,Global,5450308.67493343,5569992.58267677,5337366.13587716,0.0785092,0.08
2,DALYs (Disability-Adjusted Life Years),1,Global,3,Both,10,25-29 years,411,Esophageal cancer,1,Number,2021,43732.6614677225,50522.8733807173,39122.8746416652,I_include,Global,588343218.626762,607422118.669863,570487097.318648,7.59144,7.59
2,DALYs (Disability-Adjusted Life Years),1,Global,3,Both,11,30-34 years,411,Esophageal cancer,1,Number,2021,95242.5678002515,105773.398863295,86136.1240371903,I_include,Global,604480174.775885,623603836.164416,586195014.793618,7.32171,7.32
2,DALYs (Disability-Adjusted Life Years),1,Global,3,Both,12,35-39 years,411,Esophageal cancer,1,Number,2021,188149.134772969,208495.707110416,168940.836525917,I_include,Global,560866105.914554,578297964.608428,544251815.345755,6.82805,6.83
2,DALYs (Disability-Adjusted Life Years),1,Global,3,Both,13,40-44 years,411,Esophageal cancer,1,Number,2021,405504.356019073,451208.00713447,361469.269569535,I_include,Global,500250795.605694,515432478.206861,485928430.82182,6.14735,6.15
2,DALYs (Disability-Adjusted Life Years),1,Global,3,Both,14,45-49 years,411,Esophageal cancer,1,Number,2021,791335.894542349,903806.72845032,697988.306256751,I_include,Global,473504625.903218,487919674.240222,460213135.719539,5.51133,5.51
2,DALYs (Disability-Adjusted Life Years),1,Global,3,Both,15,50-54 years,411,Esophageal cancer,1,Number,2021,1456193.609,1671700.87392375,1271817.61366796,I_include,Global,444922982.841121,458714304.258768,432300957.286386,4.91312,4.91
2,DALYs (Disability-Adjusted Life Years),1,Global,3,Both,16,55-59 years,411,Esophageal cancer,1,Number,2021,1932000.04571764,2233293.88077841,1676352.27802435,I_include,Global,395728004,407669300.348216,384764582.368839,4.34586,4.35
2,DALYs (Disability-Adjusted Life Years),1,Global,3,Both,17,60-64 years,411,Esophageal cancer,1,Number,2021,1901474.55678863,2169172.19900503,1687394.42928868,I_include,Global,320047853.312832,329387624.27068,311524379.587396,3.68223,3.68
2,DALYs (Disability-Adjusted Life Years),1,Global,3,Both,18,65-69 years,411,Esophageal cancer,1,Number,2021,2100376.53721651,2392290.18982463,1823027.55819757,I_include,Global,275842158.522357,284217678.194795,268116931.088218,2.98509,2.99
2,DALYs (Disability-Adjusted Life Years),1,Global,3,Both,19,70-74 years,411,Esophageal cancer,1,Number,2021,1770808.32473134,2015703.25430083,1548103.3020691,I_include,Global,205839220.385999,211972020.164289,200406728.542811,2.26526,2.27
2,DALYs (Disability-Adjusted Life Years),1,Global,3,Both,20,75-79 years,411,Esophageal cancer,1,Number,2021,1137272.83655095,1292062.26401287,990870.491032425,I_include,Global,131884404.580217,135613447.4,128518633.372437,1.59758,1.6
2,DALYs (Disability-Adjusted Life Years),1,Global,3,Both,30,80-84 years,411,Esophageal cancer,1,Number,2021,667867.751943373,753483.525287596,575546.31087097,I_include,Global,87583056.918491,89948887.7796038,85481848.25,1.09729,1.1
2,DALYs (Disability-Adjusted Life Years),1,Global,3,Both,31,85-89 years,411,Esophageal cancer,1,Number,2021,343373.164329311,385256.869630719,292878.412275152,I_include,Global,45721791.0517717,46852862.726504,44709230.7009568,0.604519,0.6
2,DALYs (Disability-Adjusted Life Years),1,Global,3,Both,32,90-94 years,411,Esophageal cancer,1,Number,2021,112150.695774358,126121.867653579,92327.6564722166,I_include,Global,17889373.591415,18289317.0157285,17518670.986049,0.246663,0.25
2,DALYs (Disability-Adjusted Life Years),1,Global,3,Both,235,95+ years,411,Esophageal cancer,1,Number,2021,25832.2579084439,29694.4487053006,19265.6161842228,I_include,Global,5450308.67493343,5569992.58267677,5337366.13587716,0.0785092,0.08
2,DALYs (Disability-Adjusted Life Years),1,Global,3,Both,10,25-29 years,414,Stomach cancer,1,Number,2021,181944.525131005,199219.921623803,155871.733399894,I_include,Global,588343218.626762,607422118.669863,570487097.318648,7.59144,7.59
2,DALYs (Disability-Adjusted Life Years),1,Global,3,Both,11,30-34 years,414,Stomach cancer,1,Number,2021,420454.596254881,467946.022170386,361552.63565681,I_include,Global,604480174.775885,623603836.164416,586195014.793618,7.32171,7.32
2,DALYs (Disability-Adjusted Life Years),1,Global,3,Both,12,35-39 years,414,Stomach cancer,1,Number,2021,664376.813305134,747626.773643891,579300.277869711,I_include,Global,560866105.914554,578297964.608428,544251815.345755,6.82805,6.83
2,DALYs (Disability-Adjusted Life Years),1,Global,3,Both,13,40-44 years,414,Stomach cancer,1,Number,2021,1006284.27371201,1146824.42484031,877842.71956067,I_include,Global,500250795.605694,515432478.206861,485928430.82182,6.14735,6.15
2,DALYs (Disability-Adjusted Life Years),1,Global,3,Both,14,45-49 years,414,Stomach cancer,1,Number,2021,1465215.92893107,1722582.51585991,1263609.82806952,I_include,Global,473504625.903218,487919674.240222,460213135.719539,5.51133,5.51
2,DALYs (Disability-Adjusted Life Years),1,Global,3,Both,15,50-54 years,414,Stomach cancer,1,Number,2021,2258787.96899712,2692794.92003188,1933764.43653142,I_include,Global,444922982.841121,458714304.258768,432300957.286386,4.91312,4.91
2,DALYs (Disability-Adjusted Life Years),1,Global,3,Both,16,55-59 years,414,Stomach cancer,1,Number,2021,2871707.04524992,3346393.41054669,2447570.52310839,I_include,Global,395728004,407669300.348216,384764582.368839,4.34586,4.35
2,DALYs (Disability-Adjusted Life Years),1,Global,3,Both,17,60-64 years,414,Stomach cancer,1,Number,2021,2953643.12184785,3417709.86600553,2550400.38401443,I_include,Global,320047853.312832,329387624.27068,311524379.587396,3.68223,3.68
2,DALYs (Disability-Adjusted Life Years),1,Global,3,Both,18,65-69 years,414,Stomach cancer,1,Number,2021,3369996.74792982,3877770.14601128,2891421.2151501,I_include,Global,275842158.522357,284217678.194795,268116931.088218,2.98509,2.99
2,DALYs (Disability-Adjusted Life Years),1,Global,3,Both,19,70-74 years,414,Stomach cancer,1,Number,2021,2989198.48842452,3438905.63303772,2546845.66732715,I_include,Global,205839220.385999,211972020.164289,200406728.542811,2.26526,2.27
2,DALYs (Disability-Adjusted Life Years),1,Global,3,Both,20,75-79 years,414,Stomach cancer,1,Number,2021,2019662.87388319,2297943.34215413,1713387.87484561,I_include,Global,131884404.580217,135613447.4,128518633.372437,1.59758,1.6
2,DALYs (Disability-Adjusted Life Years),1,Global,3,Both,30,80-84 years,414,Stomach cancer,1,Number,2021,1350349.6868752,1509215.24786085,1145189.48782059,I_include,Global,87583056.918491,89948887.7796038,85481848.25,1.09729,1.1
2,DALYs (Disability-Adjusted Life Years),1,Global,3,Both,31,85-89 years,414,Stomach cancer,1,Number,2021,730928.624452405,815507.757715938,606085.448933242,I_include,Global,45721791.0517717,46852862.726504,44709230.7009568,0.604519,0.6
2,DALYs (Disability-Adjusted Life Years),1,Global,3,Both,32,90-94 years,414,Stomach cancer,1,Number,2021,295210.060469968,331640.724577719,237667.698977655,I_include,Global,17889373.591415,18289317.0157285,17518670.986049,0.246663,0.25
2,DALYs (Disability-Adjusted Life Years),1,Global,3,Both,235,95+ years,414,Stomach cancer,1,Number,2021,88112.3675574145,101718.930815124,62650.6583536301,I_include,Global,5450308.67493343,5569992.58267677,5337366.13587716,0.0785092,0.08
2,DALYs (Disability-Adjusted Life Years),1,Global,3,Both,10,25-29 years,419,Liver cancer due to hepatitis C,1,Number,2021,6517.40529572852,11154.5025043826,3419.05219238901,I_include,Global,588343218.626762,607422118.669863,570487097.318648,7.59144,7.59
2,DALYs (Disability-Adjusted Life Years),1,Global,3,Both,11,30-34 years,419,Liver cancer due to hepatitis C,1,Number,2021,16447.852605711,23352.5635807651,11102.3199070334,I_include,Global,604480174.775885,623603836.164416,586195014.793618,7.32171,7.32
2,DALYs (Disability-Adjusted Life Years),1,Global,3,Both,12,35-39 years,419,Liver cancer due to hepatitis C,1,Number,2021,35403.4113368758,51914.8972251444,23246.5195338697,I_include,Global,560866105.914554,578297964.608428,544251815.345755,6.82805,6.83
2,DALYs (Disability-Adjusted Life Years),1,Global,3,Both,13,40-44 years,419,Liver cancer due to hepatitis C,1,Number,2021,68766.9321046355,94885.5870980272,47968.8430265505,I_include,Global,500250795.605694,515432478.206861,485928430.82182,6.14735,6.15
2,DALYs (Disability-Adjusted Life Years),1,Global,3,Both,14,45-49 years,419,Liver cancer due to hepatitis C,1,Number,2021,134444.074347801,184848.793588168,93034.9014754073,I_include,Global,473504625.903218,487919674.240222,460213135.719539,5.51133,5.51
2,DALYs (Disability-Adjusted Life Years),1,Global,3,Both,15,50-54 years,419,Liver cancer due to hepatitis C,1,Number,2021,247662.804541764,325359.669093923,178669.153302136,I_include,Global,444922982.841121,458714304.258768,432300957.286386,4.91312,4.91
2,DALYs (Disability-Adjusted Life Years),1,Global,3,Both,16,55-59 years,419,Liver cancer due to hepatitis C,1,Number,2021,372999.59549908,489571.310408786,268494.148073715,I_include,Global,395728004,407669300.348216,384764582.368839,4.34586,4.35
2,DALYs (Disability-Adjusted Life Years),1,Global,3,Both,17,60-64 years,419,Liver cancer due to hepatitis C,1,Number,2021,447201.720061651,581263.867270641,326387.242369938,I_include,Global,320047853.312832,329387624.27068,311524379.587396,3.68223,3.68
2,DALYs (Disability-Adjusted Life Years),1,Global,3,Both,18,65-69 years,419,Liver cancer due to hepatitis C,1,Number,2021,501820.673236739,611085.745866466,405400.33104473,I_include,Global,275842158.522357,284217678.194795,268116931.088218,2.98509,2.99
2,DALYs (Disability-Adjusted Life Years),1,Global,3,Both,19,70-74 years,419,Liver cancer due to hepatitis C,1,Number,2021,430968.901063002,517491.466951878,354562.309387331,I_include,Global,205839220.385999,211972020.164289,200406728.542811,2.26526,2.27
2,DALYs (Disability-Adjusted Life Years),1,Global,3,Both,20,75-79 years,419,Liver cancer due to hepatitis C,1,Number,2021,333461.706510891,402585.868676984,268620.491019895,I_include,Global,131884404.580217,135613447.4,128518633.372437,1.59758,1.6
2,DALYs (Disability-Adjusted Life Years),1,Global,3,Both,30,80-84 years,419,Liver cancer due to hepatitis C,1,Number,2021,258612.495163682,303784.819395275,211623.647657204,I_include,Global,87583056.918491,89948887.7796038,85481848.25,1.09729,1.1
2,DALYs (Disability-Adjusted Life Years),1,Global,3,Both,31,85-89 years,419,Liver cancer due to hepatitis C,1,Number,2021,154130.836754011,180616.899749618,122851.696171105,I_include,Global,45721791.0517717,46852862.726504,44709230.7009568,0.604519,0.6
2,DALYs (Disability-Adjusted Life Years),1,Global,3,Both,32,90-94 years,419,Liver cancer due to hepatitis C,1,Number,2021,66152.9710372945,79331.8280991397,49111.8614307625,I_include,Global,17889373.591415,18289317.0157285,17518670.986049,0.246663,0.25
2,DALYs (Disability-Adjusted Life Years),1,Global,3,Both,235,95+ years,419,Liver cancer due to hepatitis C,1,Number,2021,19185.718362097,23433.7700828479,13066.0589311338,I_include,Global,5450308.67493343,5569992.58267677,5337366.13587716,0.0785092,0.08
2,DALYs (Disability-Adjusted Life Years),1,Global,3,Both,10,25-29 years,420,Liver cancer due to alcohol use,1,Number,2021,8987.4477580592,14759.4690371242,5237.89617639344,I_include,Global,588343218.626762,607422118.669863,570487097.318648,7.59144,7.59
2,DALYs (Disability-Adjusted Life Years),1,Global,3,Both,11,30-34 years,420,Liver cancer due to alcohol use,1,Number,2021,22791.4874514771,32311.153682485,15771.3592708512,I_include,Global,604480174.775885,623603836.164416,586195014.793618,7.32171,7.32
2,DALYs (Disability-Adjusted Life Years),1,Global,3,Both,12,35-39 years,420,Liver cancer due to alcohol use,1,Number,2021,47945.602024025,71583.4625999559,30724.3336276598,I_include,Global,560866105.914554,578297964.608428,544251815.345755,6.82805,6.83
2,DALYs (Disability-Adjusted Life Years),1,Global,3,Both,13,40-44 years,420,Liver cancer due to alcohol use,1,Number,2021,84456.3906613954,119912.483491562,55507.7024007425,I_include,Global,500250795.605694,515432478.206861,485928430.82182,6.14735,6.15
2,DALYs (Disability-Adjusted Life Years),1,Global,3,Both,14,45-49 years,420,Liver cancer due to alcohol use,1,Number,2021,144416.720777275,217190.041880908,91732.076504126,I_include,Global,473504625.903218,487919674.240222,460213135.719539,5.51133,5.51
2,DALYs (Disability-Adjusted Life Years),1,Global,3,Both,15,50-54 years,420,Liver cancer due to alcohol use,1,Number,2021,233022.189458813,340261.182582849,154817.259935737,I_include,Global,444922982.841121,458714304.258768,432300957.286386,4.91312,4.91
2,DALYs (Disability-Adjusted Life Years),1,Global,3,Both,16,55-59 years,420,Liver cancer due to alcohol use,1,Number,2021,325585.262340441,486030.12578144,214525.399839254,I_include,Global,395728004,407669300.348216,384764582.368839,4.34586,4.35
2,DALYs (Disability-Adjusted Life Years),1,Global,3,Both,17,60-64 years,420,Liver cancer due to alcohol use,1,Number,2021,382737.740293428,537396.718466817,266422.848092369,I_include,Global,320047853.312832,329387624.27068,311524379.587396,3.68223,3.68
2,DALYs (Disability-Adjusted Life Years),1,Global,3,Both,18,65-69 years,420,Liver cancer due to alcohol use,1,Number,2021,418295.702357873,540659.77917722,320367.567820411,I_include,Global,275842158.522357,284217678.194795,268116931.088218,2.98509,2.99
2,DALYs (Disability-Adjusted Life Years),1,Global,3,Both,19,70-74 years,420,Liver cancer due to alcohol use,1,Number,2021,312597.243981859,402769.430329566,239638.570771152,I_include,Global,205839220.385999,211972020.164289,200406728.542811,2.26526,2.27
2,DALYs (Disability-Adjusted Life Years),1,Global,3,Both,20,75-79 years,420,Liver cancer due to alcohol use,1,Number,2021,179840.749594118,223919.262463002,141753.443696824,I_include,Global,131884404.580217,135613447.4,128518633.372437,1.59758,1.6
2,DALYs (Disability-Adjusted Life Years),1,Global,3,Both,30,80-84 years,420,Liver cancer due to alcohol use,1,Number,2021,98731.8171336754,127351.38200583,72946.8395109424,I_include,Global,87583056.918491,89948887.7796038,85481848.25,1.09729,1.1
2,DALYs (Disability-Adjusted Life Years),1,Global,3,Both,31,85-89 years,420,Liver cancer due to alcohol use,1,Number,2021,38830.9778781121,50957.065873018,28836.0595050074,I_include,Global,45721791.0517717,46852862.726504,44709230.7009568,0.604519,0.6
2,DALYs (Disability-Adjusted Life Years),1,Global,3,Both,32,90-94 years,420,Liver cancer due to alcohol use,1,Number,2021,11511.5887371969,16224.8004621615,8013.85308969029,I_include,Global,17889373.591415,18289317.0157285,17518670.986049,0.246663,0.25
2,DALYs (Disability-Adjusted Life Years),1,Global,3,Both,235,95+ years,420,Liver cancer due to alcohol use,1,Number,2021,2226.03232522045,3515.28703666535,1313.3154909314,I_include,Global,5450308.67493343,5569992.58267677,5337366.13587716,0.0785092,0.08
2,DALYs (Disability-Adjusted Life Years),1,Global,3,Both,10,25-29 years,421,Liver cancer due to other causes,1,Number,2021,14233.140250061,20076.5375208064,9209.96326595064,I_include,Global,588343218.626762,607422118.669863,570487097.318648,7.59144,7.59
2,DALYs (Disability-Adjusted Life Years),1,Global,3,Both,11,30-34 years,421,Liver cancer due to other causes,1,Number,2021,21139.3101648213,29365.0127830076,14416.6852881872,I_include,Global,604480174.775885,623603836.164416,586195014.793618,7.32171,7.32
2,DALYs (Disability-Adjusted Life Years),1,Global,3,Both,12,35-39 years,421,Liver cancer due to other causes,1,Number,2021,27474.691265964,37610.387302156,18679.405178059,I_include,Global,560866105.914554,578297964.608428,544251815.345755,6.82805,6.83
2,DALYs (Disability-Adjusted Life Years),1,Global,3,Both,13,40-44 years,421,Liver cancer due to other causes,1,Number,2021,36048.0455786107,49744.2863619877,24891.3830592898,I_include,Global,500250795.605694,515432478.206861,485928430.82182,6.14735,6.15
2,DALYs (Disability-Adjusted Life Years),1,Global,3,Both,14,45-49 years,421,Liver cancer due to other causes,1,Number,2021,53107.0937962275,75462.5285106364,37223.4971256938,I_include,Global,473504625.903218,487919674.240222,460213135.719539,5.51133,5.51
2,DALYs (Disability-Adjusted Life Years),1,Global,3,Both,15,50-54 years,421,Liver cancer due to other causes,1,Number,2021,71999.6751201653,101540.472939594,49265.8745126114,I_include,Global,444922982.841121,458714304.258768,432300957.286386,4.91312,4.91
2,DALYs (Disability-Adjusted Life Years),1,Global,3,Both,16,55-59 years,421,Liver cancer due to other causes,1,Number,2021,79551.1563449491,114099.298138709,54075.257709489,I_include,Global,395728004,407669300.348216,384764582.368839,4.34586,4.35
2,DALYs (Disability-Adjusted Life Years),1,Global,3,Both,17,60-64 years,421,Liver cancer due to other causes,1,Number,2021,74038.5747124296,107103.463208335,51257.4523127714,I_include,Global,320047853.312832,329387624.27068,311524379.587396,3.68223,3.68
2,DALYs (Disability-Adjusted Life Years),1,Global,3,Both,18,65-69 years,421,Liver cancer due to other causes,1,Number,2021,69805.3432841892,92615.9330018645,49181.7810501157,I_include,Global,275842158.522357,284217678.194795,268116931.088218,2.98509,2.99
2,DALYs (Disability-Adjusted Life Years),1,Global,3,Both,19,70-74 years,421,Liver cancer due to other causes,1,Number,2021,48939.2326052172,64877.1596922776,35062.3542752155,I_include,Global,205839220.385999,211972020.164289,200406728.542811,2.26526,2.27
2,DALYs (Disability-Adjusted Life Years),1,Global,3,Both,20,75-79 years,421,Liver cancer due to other causes,1,Number,2021,31545.0028948399,42800.1362040112,22733.2000083018,I_include,Global,131884404.580217,135613447.4,128518633.372437,1.59758,1.6
2,DALYs (Disability-Adjusted Life Years),1,Global,3,Both,30,80-84 years,421,Liver cancer due to other causes,1,Number,2021,20067.1708805616,27903.4217317716,13573.0461017075,I_include,Global,87583056.918491,89948887.7796038,85481848.25,1.09729,1.1
2,DALYs (Disability-Adjusted Life Years),1,Global,3,Both,31,85-89 years,421,Liver cancer due to other causes,1,Number,2021,9675.75432521235,13237.5155787888,6416.66132214842,I_include,Global,45721791.0517717,46852862.726504,44709230.7009568,0.604519,0.6
2,DALYs (Disability-Adjusted Life Years),1,Global,3,Both,32,90-94 years,421,Liver cancer due to other causes,1,Number,2021,3550.68441981128,5062.7149161018,2200.20365425817,I_include,Global,17889373.591415,18289317.0157285,17518670.986049,0.246663,0.25
2,DALYs (Disability-Adjusted Life Years),1,Global,3,Both,235,95+ years,421,Liver cancer due to other causes,1,Number,2021,919.147981574451,1493.70512094587,504.734608618146,I_include,Global,5450308.67493343,5569992.58267677,5337366.13587716,0.0785092,0.08
2,DALYs (Disability-Adjusted Life Years),1,Global,3,Both,10,25-29 years,423,Larynx cancer,1,Number,2021,13783.2610672778,16336.4562315763,11802.7425497417,I_include,Global,588343218.626762,607422118.669863,570487097.318648,7.59144,7.59
2,DALYs (Disability-Adjusted Life Years),1,Global,3,Both,11,30-34 years,423,Larynx cancer,1,Number,2021,26273.7215252229,30441.3910358906,23186.3716465662,I_include,Global,604480174.775885,623603836.164416,586195014.793618,7.32171,7.32
2,DALYs (Disability-Adjusted Life Years),1,Global,3,Both,12,35-39 years,423,Larynx cancer,1,Number,2021,55172.1560945929,61738.9162728622,49406.7294449041,I_include,Global,560866105.914554,578297964.608428,544251815.345755,6.82805,6.83
2,DALYs (Disability-Adjusted Life Years),1,Global,3,Both,13,40-44 years,423,Larynx cancer,1,Number,2021,128855.426434054,146208.926558352,116533.54501118,I_include,Global,500250795.605694,515432478.206861,485928430.82182,6.14735,6.15
2,DALYs (Disability-Adjusted Life Years),1,Global,3,Both,14,45-49 years,423,Larynx cancer,1,Number,2021,234033.475157161,259643.105343692,212598.784779133,I_include,Global,473504625.903218,487919674.240222,460213135.719539,5.51133,5.51
2,DALYs (Disability-Adjusted Life Years),1,Global,3,Both,15,50-54 years,423,Larynx cancer,1,Number,2021,390685.357918114,426706.766926914,358670.907809697,I_include,Global,444922982.841121,458714304.258768,432300957.286386,4.91312,4.91
2,DALYs (Disability-Adjusted Life Years),1,Global,3,Both,16,55-59 years,423,Larynx cancer,1,Number,2021,507769.485129495,553937.997600516,466607.140172944,I_include,Global,395728004,407669300.348216,384764582.368839,4.34586,4.35
2,DALYs (Disability-Adjusted Life Years),1,Global,3,Both,17,60-64 years,423,Larynx cancer,1,Number,2021,528858.875837365,570327.661405628,494366.686609955,I_include,Global,320047853.312832,329387624.27068,311524379.587396,3.68223,3.68
2,DALYs (Disability-Adjusted Life Years),1,Global,3,Both,18,65-69 years,423,Larynx cancer,1,Number,2021,490272.420124887,534504.565566435,455265.964462525,I_include,Global,275842158.522357,284217678.194795,268116931.088218,2.98509,2.99
2,DALYs (Disability-Adjusted Life Years),1,Global,3,Both,19,70-74 years,423,Larynx cancer,1,Number,2021,365495.38935412,395350.386043457,338283.075125656,I_include,Global,205839220.385999,211972020.164289,200406728.542811,2.26526,2.27
2,DALYs (Disability-Adjusted Life Years),1,Global,3,Both,20,75-79 years,423,Larynx cancer,1,Number,2021,202365.664925337,219576.792030672,186784.481336763,I_include,Global,131884404.580217,135613447.4,128518633.372437,1.59758,1.6
2,DALYs (Disability-Adjusted Life Years),1,Global,3,Both,30,80-84 years,423,Larynx cancer,1,Number,2021,116968.159822789,126219.268367015,105690.447457597,I_include,Global,87583056.918491,89948887.7796038,85481848.25,1.09729,1.1
2,DALYs (Disability-Adjusted Life Years),1,Global,3,Both,31,85-89 years,423,Larynx cancer,1,Number,2021,51722.8620618976,56149.3334031046,44861.0824196635,I_include,Global,45721791.0517717,46852862.726504,44709230.7009568,0.604519,0.6
2,DALYs (Disability-Adjusted Life Years),1,Global,3,Both,32,90-94 years,423,Larynx cancer,1,Number,2021,17225.7440732267,18805.9255944695,14353.9920192576,I_include,Global,17889373.591415,18289317.0157285,17518670.986049,0.246663,0.25
2,DALYs (Disability-Adjusted Life Years),1,Global,3,Both,235,95+ years,423,Larynx cancer,1,Number,2021,4164.420694,4656.81194371994,3224.83556172843,I_include,Global,5450308.67493343,5569992.58267677,5337366.13587716,0.0785092,0.08
2,DALYs (Disability-Adjusted Life Years),1,Global,3,Both,10,25-29 years,426,"Tracheal, bronchus, and lung cancer",1,Number,2021,151889.333229804,166109.632790066,137729.552751802,I_include,Global,588343218.626762,607422118.669863,570487097.318648,7.59144,7.59
2,DALYs (Disability-Adjusted Life Years),1,Global,3,Both,11,30-34 years,426,"Tracheal, bronchus, and lung cancer",1,Number,2021,359679.506101391,397962.953272978,321114.413604288,I_include,Global,604480174.775885,623603836.164416,586195014.793618,7.32171,7.32
2,DALYs (Disability-Adjusted Life Years),1,Global,3,Both,12,35-39 years,426,"Tracheal, bronchus, and lung cancer",1,Number,2021,635755.361026442,705878.917908675,565881.763033379,I_include,Global,560866105.914554,578297964.608428,544251815.345755,6.82805,6.83
2,DALYs (Disability-Adjusted Life Years),1,Global,3,Both,13,40-44 years,426,"Tracheal, bronchus, and lung cancer",1,Number,2021,1182716.64261486,1310187.73095682,1054209.99589813,I_include,Global,500250795.605694,515432478.206861,485928430.82182,6.14735,6.15
2,DALYs (Disability-Adjusted Life Years),1,Global,3,Both,14,45-49 years,426,"Tracheal, bronchus, and lung cancer",1,Number,2021,2247717.59986947,2512068.49801407,1992343.69651795,I_include,Global,473504625.903218,487919674.240222,460213135.719539,5.51133,5.51
2,DALYs (Disability-Adjusted Life Years),1,Global,3,Both,15,50-54 years,426,"Tracheal, bronchus, and lung cancer",1,Number,2021,4181832.87901002,4688368.07032625,3700839.04459875,I_include,Global,444922982.841121,458714304.258768,432300957.286386,4.91312,4.91
2,DALYs (Disability-Adjusted Life Years),1,Global,3,Both,16,55-59 years,426,"Tracheal, bronchus, and lung cancer",1,Number,2021,6097078.92395283,6830634.25748259,5398668.9196959,I_include,Global,395728004,407669300.348216,384764582.368839,4.34586,4.35
2,DALYs (Disability-Adjusted Life Years),1,Global,3,Both,17,60-64 years,426,"Tracheal, bronchus, and lung cancer",1,Number,2021,7074278.59781008,7708189.71206556,6462932.12895079,I_include,Global,320047853.312832,329387624.27068,311524379.587396,3.68223,3.68
2,DALYs (Disability-Adjusted Life Years),1,Global,3,Both,18,65-69 years,426,"Tracheal, bronchus, and lung cancer",1,Number,2021,8085283.29773204,8910634.30377903,7292471.25999597,I_include,Global,275842158.522357,284217678.194795,268116931.088218,2.98509,2.99
2,DALYs (Disability-Adjusted Life Years),1,Global,3,Both,19,70-74 years,426,"Tracheal, bronchus, and lung cancer",1,Number,2021,7070022.15621895,7816205.60125509,6334764.97359627,I_include,Global,205839220.385999,211972020.164289,200406728.542811,2.26526,2.27
2,DALYs (Disability-Adjusted Life Years),1,Global,3,Both,20,75-79 years,426,"Tracheal, bronchus, and lung cancer",1,Number,2021,4557489.84177936,5017681.86194059,4085460.90562607,I_include,Global,131884404.580217,135613447.4,128518633.372437,1.59758,1.6
2,DALYs (Disability-Adjusted Life Years),1,Global,3,Both,30,80-84 years,426,"Tracheal, bronchus, and lung cancer",1,Number,2021,2745981.56990865,3017870.92411229,2364964.0668497,I_include,Global,87583056.918491,89948887.7796038,85481848.25,1.09729,1.1
2,DALYs (Disability-Adjusted Life Years),1,Global,3,Both,31,85-89 years,426,"Tracheal, bronchus, and lung cancer",1,Number,2021,1381404.4095559,1526428.84502433,1163872.86496388,I_include,Global,45721791.0517717,46852862.726504,44709230.7009568,0.604519,0.6
2,DALYs (Disability-Adjusted Life Years),1,Global,3,Both,32,90-94 years,426,"Tracheal, bronchus, and lung cancer",1,Number,2021,490197.928913287,547852.772592727,390510.99553418,I_include,Global,17889373.591415,18289317.0157285,17518670.986049,0.246663,0.25
2,DALYs (Disability-Adjusted Life Years),1,Global,3,Both,235,95+ years,426,"Tracheal, bronchus, and lung cancer",1,Number,2021,131247.872693801,151188.59425075,94736.0610196599,I_include,Global,5450308.67493343,5569992.58267677,5337366.13587716,0.0785092,0.08
2,DALYs (Disability-Adjusted Life Years),1,Global,3,Both,10,25-29 years,543,Alzheimer's disease and other dementias,1,Number,2021,0,0,0,I_include,Global,588343218.626762,607422118.669863,570487097.318648,7.59144,7.59
2,DALYs (Disability-Adjusted Life Years),1,Global,3,Both,11,30-34 years,543,Alzheimer's disease and other dementias,1,Number,2021,0,0,0,I_include,Global,604480174.775885,623603836.164416,586195014.793618,7.32171,7.32
2,DALYs (Disability-Adjusted Life Years),1,Global,3,Both,12,35-39 years,543,Alzheimer's disease and other dementias,1,Number,2021,0,0,0,I_include,Global,560866105.914554,578297964.608428,544251815.345755,6.82805,6.83
2,DALYs (Disability-Adjusted Life Years),1,Global,3,Both,13,40-44 years,543,Alzheimer's disease and other dementias,1,Number,2021,24372.9384959129,49687.0279896818,10530.0663413717,I_include,Global,500250795.605694,515432478.206861,485928430.82182,6.14735,6.15
2,DALYs (Disability-Adjusted Life Years),1,Global,3,Both,14,45-49 years,543,Alzheimer's disease and other dementias,1,Number,2021,169080.529424124,347561.150777167,86407.914339049,I_include,Global,473504625.903218,487919674.240222,460213135.719539,5.51133,5.51
2,DALYs (Disability-Adjusted Life Years),1,Global,3,Both,15,50-54 years,543,Alzheimer's disease and other dementias,1,Number,2021,513733.993058116,1160016.55755265,232655.981858197,I_include,Global,444922982.841121,458714304.258768,432300957.286386,4.91312,4.91
2,DALYs (Disability-Adjusted Life Years),1,Global,3,Both,16,55-59 years,543,Alzheimer's disease and other dementias,1,Number,2021,1138561.94248452,2753866.59921829,515355.640496297,I_include,Global,395728004,407669300.348216,384764582.368839,4.34586,4.35
2,DALYs (Disability-Adjusted Life Years),1,Global,3,Both,17,60-64 years,543,Alzheimer's disease and other dementias,1,Number,2021,1928367.37860102,4570023.09191967,851488.950679101,I_include,Global,320047853.312832,329387624.27068,311524379.587396,3.68223,3.68
2,DALYs (Disability-Adjusted Life Years),1,Global,3,Both,18,65-69 years,543,Alzheimer's disease and other dementias,1,Number,2021,3127092.06780615,7085605.77164932,1409726.52528144,I_include,Global,275842158.522357,284217678.194795,268116931.088218,2.98509,2.99
2,DALYs (Disability-Adjusted Life Years),1,Global,3,Both,19,70-74 years,543,Alzheimer's disease and other dementias,1,Number,2021,4126748.89201576,8978837.18968626,2067522.7902762,I_include,Global,205839220.385999,211972020.164289,200406728.542811,2.26526,2.27
2,DALYs (Disability-Adjusted Life Years),1,Global,3,Both,20,75-79 years,543,Alzheimer's disease and other dementias,1,Number,2021,4865372.52080208,10651564.7924904,2392862.16245934,I_include,Global,131884404.580217,135613447.4,128518633.372437,1.59758,1.6
2,DALYs (Disability-Adjusted Life Years),1,Global,3,Both,30,80-84 years,543,Alzheimer's disease and other dementias,1,Number,2021,7290270.13382404,15997697.8772576,3360051.75196201,I_include,Global,87583056.918491,89948887.7796038,85481848.25,1.09729,1.1
2,DALYs (Disability-Adjusted Life Years),1,Global,3,Both,31,85-89 years,543,Alzheimer's disease and other dementias,1,Number,2021,6681788.7692705,14385687.2177709,3013871.49376281,I_include,Global,45721791.0517717,46852862.726504,44709230.7009568,0.604519,0.6
2,DALYs (Disability-Adjusted Life Years),1,Global,3,Both,32,90-94 years,543,Alzheimer's disease and other dementias,1,Number,2021,4343993.28564581,9371596.63705165,1829089.5736924,I_include,Global,17889373.591415,18289317.0157285,17518670.986049,0.246663,0.25
2,DALYs (Disability-Adjusted Life Years),1,Global,3,Both,235,95+ years,543,Alzheimer's disease and other dementias,1,Number,2021,2123304.28537447,4683582.64433655,834243.321395104,I_include,Global,5450308.67493343,5569992.58267677,5337366.13587716,0.0785092,0.08
2,DALYs (Disability-Adjusted Life Years),1,Global,3,Both,10,25-29 years,544,Parkinson's disease,1,Number,2021,2904.74175731624,4409.70862782651,1757.3956850536,I_include,Global,588343218.626762,607422118.669863,570487097.318648,7.59144,7.59
2,DALYs (Disability-Adjusted Life Years),1,Global,3,Both,11,30-34 years,544,Parkinson's disease,1,Number,2021,7158.21067872676,10755.4074728527,4495.26481190098,I_include,Global,604480174.775885,623603836.164416,586195014.793618,7.32171,7.32
2,DALYs (Disability-Adjusted Life Years),1,Global,3,Both,12,35-39 years,544,Parkinson's disease,1,Number,2021,13700.1530505594,19941.0568874725,8976.07015646849,I_include,Global,560866105.914554,578297964.608428,544251815.345755,6.82805,6.83
2,DALYs (Disability-Adjusted Life Years),1,Global,3,Both,13,40-44 years,544,Parkinson's disease,1,Number,2021,52904.5620371442,64618.6398695818,43535.2868658129,I_include,Global,500250795.605694,515432478.206861,485928430.82182,6.14735,6.15
2,DALYs (Disability-Adjusted Life Years),1,Global,3,Both,14,45-49 years,544,Parkinson's disease,1,Number,2021,102473.247141901,123879.111604315,86233.0015658744,I_include,Global,473504625.903218,487919674.240222,460213135.719539,5.51133,5.51
2,DALYs (Disability-Adjusted Life Years),1,Global,3,Both,15,50-54 years,544,Parkinson's disease,1,Number,2021,195882.402254306,234273.965302756,160574.485230255,I_include,Global,444922982.841121,458714304.258768,432300957.286386,4.91312,4.91
2,DALYs (Disability-Adjusted Life Years),1,Global,3,Both,16,55-59 years,544,Parkinson's disease,1,Number,2021,296688.41461954,350658.259555387,246734.29222855,I_include,Global,395728004,407669300.348216,384764582.368839,4.34586,4.35
2,DALYs (Disability-Adjusted Life Years),1,Global,3,Both,17,60-64 years,544,Parkinson's disease,1,Number,2021,433994.986260806,501238.460846603,374423.585435083,I_include,Global,320047853.312832,329387624.27068,311524379.587396,3.68223,3.68
2,DALYs (Disability-Adjusted Life Years),1,Global,3,Both,18,65-69 years,544,Parkinson's disease,1,Number,2021,790574.054312442,884188.066729092,696626.301148727,I_include,Global,275842158.522357,284217678.194795,268116931.088218,2.98509,2.99
2,DALYs (Disability-Adjusted Life Years),1,Global,3,Both,19,70-74 years,544,Parkinson's disease,1,Number,2021,1277331.80730037,1410501.77391725,1148465.21869551,I_include,Global,205839220.385999,211972020.164289,200406728.542811,2.26526,2.27
2,DALYs (Disability-Adjusted Life Years),1,Global,3,Both,20,75-79 years,544,Parkinson's disease,1,Number,2021,1519123.64604868,1653083.59280108,1395182.62080646,I_include,Global,131884404.580217,135613447.4,128518633.372437,1.59758,1.6
2,DALYs (Disability-Adjusted Life Years),1,Global,3,Both,30,80-84 years,544,Parkinson's disease,1,Number,2021,1457938.97273205,1582686.17145133,1298400.50737131,I_include,Global,87583056.918491,89948887.7796038,85481848.25,1.09729,1.1
2,DALYs (Disability-Adjusted Life Years),1,Global,3,Both,31,85-89 years,544,Parkinson's disease,1,Number,2021,895592.579587052,989372.418537532,775077.449533352,I_include,Global,45721791.0517717,46852862.726504,44709230.7009568,0.604519,0.6
2,DALYs (Disability-Adjusted Life Years),1,Global,3,Both,32,90-94 years,544,Parkinson's disease,1,Number,2021,340376.292044297,375598.037196676,284523.07416173,I_include,Global,17889373.591415,18289317.0157285,17518670.986049,0.246663,0.25
2,DALYs (Disability-Adjusted Life Years),1,Global,3,Both,235,95+ years,544,Parkinson's disease,1,Number,2021,83992.9465268325,95372.8494990487,66432.3616349874,I_include,Global,5450308.67493343,5569992.58267677,5337366.13587716,0.0785092,0.08
2,DALYs (Disability-Adjusted Life Years),1,Global,3,Both,10,25-29 years,545,Idiopathic epilepsy,1,Number,2021,1145364.6496457,1469821.16192808,870288.601253523,I_include,Global,588343218.626762,607422118.669863,570487097.318648,7.59144,7.59
2,DALYs (Disability-Adjusted Life Years),1,Global,3,Both,11,30-34 years,545,Idiopathic epilepsy,1,Number,2021,1064431.35265172,1357296.53323471,811900.348406681,I_include,Global,604480174.775885,623603836.164416,586195014.793618,7.32171,7.32
2,DALYs (Disability-Adjusted Life Years),1,Global,3,Both,12,35-39 years,545,Idiopathic epilepsy,1,Number,2021,936276.159294417,1202001.48261533,716623.455660337,I_include,Global,560866105.914554,578297964.608428,544251815.345755,6.82805,6.83
2,DALYs (Disability-Adjusted Life Years),1,Global,3,Both,13,40-44 years,545,Idiopathic epilepsy,1,Number,2021,779897.38181426,1006996.93648456,601564.30893665,I_include,Global,500250795.605694,515432478.206861,485928430.82182,6.14735,6.15
2,DALYs (Disability-Adjusted Life Years),1,Global,3,Both,14,45-49 years,545,Idiopathic epilepsy,1,Number,2021,656725.784747829,846444.992058982,500344.251724714,I_include,Global,473504625.903218,487919674.240222,460213135.719539,5.51133,5.51
2,DALYs (Disability-Adjusted Life Years),1,Global,3,Both,15,50-54 years,545,Idiopathic epilepsy,1,Number,2021,572538.930631288,765839.124839832,438247.259736294,I_include,Global,444922982.841121,458714304.258768,432300957.286386,4.91312,4.91
2,DALYs (Disability-Adjusted Life Years),1,Global,3,Both,16,55-59 years,545,Idiopathic epilepsy,1,Number,2021,532483.416294562,734297.519684089,404392.711416683,I_include,Global,395728004,407669300.348216,384764582.368839,4.34586,4.35
2,DALYs (Disability-Adjusted Life Years),1,Global,3,Both,17,60-64 years,545,Idiopathic epilepsy,1,Number,2021,462429.8808,644524.891569346,341133.141996243,I_include,Global,320047853.312832,329387624.27068,311524379.587396,3.68223,3.68
2,DALYs (Disability-Adjusted Life Years),1,Global,3,Both,18,65-69 years,545,Idiopathic epilepsy,1,Number,2021,434616.070132682,595790.057527791,318593.94863942,I_include,Global,275842158.522357,284217678.194795,268116931.088218,2.98509,2.99
2,DALYs (Disability-Adjusted Life Years),1,Global,3,Both,19,70-74 years,545,Idiopathic epilepsy,1,Number,2021,368768.171197627,504604.064665308,273145.502700784,I_include,Global,205839220.385999,211972020.164289,200406728.542811,2.26526,2.27
2,DALYs (Disability-Adjusted Life Years),1,Global,3,Both,20,75-79 years,545,Idiopathic epilepsy,1,Number,2021,257792.740485282,356063.800209108,185337.495999791,I_include,Global,131884404.580217,135613447.4,128518633.372437,1.59758,1.6
2,DALYs (Disability-Adjusted Life Years),1,Global,3,Both,30,80-84 years,545,Idiopathic epilepsy,1,Number,2021,189341.565557376,259033.627070097,135798.136378581,I_include,Global,87583056.918491,89948887.7796038,85481848.25,1.09729,1.1
2,DALYs (Disability-Adjusted Life Years),1,Global,3,Both,31,85-89 years,545,Idiopathic epilepsy,1,Number,2021,113780.456054135,156377.09079377,81519.2371998871,I_include,Global,45721791.0517717,46852862.726504,44709230.7009568,0.604519,0.6
2,DALYs (Disability-Adjusted Life Years),1,Global,3,Both,32,90-94 years,545,Idiopathic epilepsy,1,Number,2021,52342.3111019998,73185.9631637303,37271.1090652851,I_include,Global,17889373.591415,18289317.0157285,17518670.986049,0.246663,0.25
2,DALYs (Disability-Adjusted Life Years),1,Global,3,Both,235,95+ years,545,Idiopathic epilepsy,1,Number,2021,20710.2550473015,29863.0124714716,14500.8205163629,I_include,Global,5450308.67493343,5569992.58267677,5337366.13587716,0.0785092,0.08
2,DALYs (Disability-Adjusted Life Years),1,Global,3,Both,10,25-29 years,554,Motor neuron disease,1,Number,2021,10649.4071172162,12610.8186941031,8887.34688181659,I_include,Global,588343218.626762,607422118.669863,570487097.318648,7.59144,7.59
2,DALYs (Disability-Adjusted Life Years),1,Global,3,Both,11,30-34 years,554,Motor neuron disease,1,Number,2021,15800.2471993264,18365.9116266668,13539.6107615722,I_include,Global,604480174.775885,623603836.164416,586195014.793618,7.32171,7.32
2,DALYs (Disability-Adjusted Life Years),1,Global,3,Both,12,35-39 years,554,Motor neuron disease,1,Number,2021,23414.9684317356,25898.8157049031,20887.5764375021,I_include,Global,560866105.914554,578297964.608428,544251815.345755,6.82805,6.83
2,DALYs (Disability-Adjusted Life Years),1,Global,3,Both,13,40-44 years,554,Motor neuron disease,1,Number,2021,36108.1858265748,39729.57813,31790.1719974248,I_include,Global,500250795.605694,515432478.206861,485928430.82182,6.14735,6.15
2,DALYs (Disability-Adjusted Life Years),1,Global,3,Both,14,45-49 years,554,Motor neuron disease,1,Number,2021,56247.4223481309,61624.9014178356,50619.9452375461,I_include,Global,473504625.903218,487919674.240222,460213135.719539,5.51133,5.51
2,DALYs (Disability-Adjusted Life Years),1,Global,3,Both,15,50-54 years,554,Motor neuron disease,1,Number,2021,88691.6931362443,96787.9525347371,80808.8755001869,I_include,Global,444922982.841121,458714304.258768,432300957.286386,4.91312,4.91
2,DALYs (Disability-Adjusted Life Years),1,Global,3,Both,16,55-59 years,554,Motor neuron disease,1,Number,2021,122757.615296642,132895.110293737,113911.024002956,I_include,Global,395728004,407669300.348216,384764582.368839,4.34586,4.35
2,DALYs (Disability-Adjusted Life Years),1,Global,3,Both,17,60-64 years,554,Motor neuron disease,1,Number,2021,146696.161895856,157470.128842751,136875.611997669,I_include,Global,320047853.312832,329387624.27068,311524379.587396,3.68223,3.68
2,DALYs (Disability-Adjusted Life Years),1,Global,3,Both,18,65-69 years,554,Motor neuron disease,1,Number,2021,156374.110597498,169081.156550046,145377.135519494,I_include,Global,275842158.522357,284217678.194795,268116931.088218,2.98509,2.99
2,DALYs (Disability-Adjusted Life Years),1,Global,3,Both,19,70-74 years,554,Motor neuron disease,1,Number,2021,140469.372578707,152885.419279555,129189.114914733,I_include,Global,205839220.385999,211972020.164289,200406728.542811,2.26526,2.27
2,DALYs (Disability-Adjusted Life Years),1,Global,3,Both,20,75-79 years,554,Motor neuron disease,1,Number,2021,91537.0888576651,100417.166905315,81842.6707609306,I_include,Global,131884404.580217,135613447.4,128518633.372437,1.59758,1.6
2,DALYs (Disability-Adjusted Life Years),1,Global,3,Both,30,80-84 years,554,Motor neuron disease,1,Number,2021,48322.9881301225,53679.1838101064,40379.4023713871,I_include,Global,87583056.918491,89948887.7796038,85481848.25,1.09729,1.1
2,DALYs (Disability-Adjusted Life Years),1,Global,3,Both,31,85-89 years,554,Motor neuron disease,1,Number,2021,19511.9219650439,22002.3419836809,15931.5733975666,I_include,Global,45721791.0517717,46852862.726504,44709230.7009568,0.604519,0.6
2,DALYs (Disability-Adjusted Life Years),1,Global,3,Both,32,90-94 years,554,Motor neuron disease,1,Number,2021,6042.76723148242,6907.24229603224,4767.30222283709,I_include,Global,17889373.591415,18289317.0157285,17518670.986049,0.246663,0.25
2,DALYs (Disability-Adjusted Life Years),1,Global,3,Both,235,95+ years,554,Motor neuron disease,1,Number,2021,1688.7600212463,1959.11259246237,1270.62014449603,I_include,Global,5450308.67493343,5569992.58267677,5337366.13587716,0.0785092,0.08
2,DALYs (Disability-Adjusted Life Years),1,Global,3,Both,10,25-29 years,665,Decubitus ulcer,1,Number,2021,12847.3483864674,15739.2012349033,9036.8550672835,I_include,Global,588343218.626762,607422118.669863,570487097.318648,7.59144,7.59
2,DALYs (Disability-Adjusted Life Years),1,Global,3,Both,11,30-34 years,665,Decubitus ulcer,1,Number,2021,28074.8403244025,37758.7976164158,18372.8053375122,I_include,Global,604480174.775885,623603836.164416,586195014.793618,7.32171,7.32
2,DALYs (Disability-Adjusted Life Years),1,Global,3,Both,12,35-39 years,665,Decubitus ulcer,1,Number,2021,26981.0249115232,32926.0902627739,18407.3662240883,I_include,Global,560866105.914554,578297964.608428,544251815.345755,6.82805,6.83
2,DALYs (Disability-Adjusted Life Years),1,Global,3,Both,13,40-44 years,665,Decubitus ulcer,1,Number,2021,28686.8017121631,34034.9184155494,19809.0914639725,I_include,Global,500250795.605694,515432478.206861,485928430.82182,6.14735,6.15
2,DALYs (Disability-Adjusted Life Years),1,Global,3,Both,14,45-49 years,665,Decubitus ulcer,1,Number,2021,30551.4165593964,37763.2920289301,20415.809910564,I_include,Global,473504625.903218,487919674.240222,460213135.719539,5.51133,5.51
2,DALYs (Disability-Adjusted Life Years),1,Global,3,Both,15,50-54 years,665,Decubitus ulcer,1,Number,2021,43588.4309455341,53043.3325053679,30906.6309391417,I_include,Global,444922982.841121,458714304.258768,432300957.286386,4.91312,4.91
2,DALYs (Disability-Adjusted Life Years),1,Global,3,Both,16,55-59 years,665,Decubitus ulcer,1,Number,2021,59893.8784680953,72864.0601968861,41669.0924773819,I_include,Global,395728004,407669300.348216,384764582.368839,4.34586,4.35
2,DALYs (Disability-Adjusted Life Years),1,Global,3,Both,17,60-64 years,665,Decubitus ulcer,1,Number,2021,54146.0037574399,66082.6292710012,40025.8666717816,I_include,Global,320047853.312832,329387624.27068,311524379.587396,3.68223,3.68
2,DALYs (Disability-Adjusted Life Years),1,Global,3,Both,18,65-69 years,665,Decubitus ulcer,1,Number,2021,81961.0888727221,96717.0595321749,57884.8290692586,I_include,Global,275842158.522357,284217678.194795,268116931.088218,2.98509,2.99
2,DALYs (Disability-Adjusted Life Years),1,Global,3,Both,19,70-74 years,665,Decubitus ulcer,1,Number,2021,83693.6857420102,96432.8797706997,60647.4060465732,I_include,Global,205839220.385999,211972020.164289,200406728.542811,2.26526,2.27
2,DALYs (Disability-Adjusted Life Years),1,Global,3,Both,20,75-79 years,665,Decubitus ulcer,1,Number,2021,84304.4492483522,96252.0851407105,65650.4804612103,I_include,Global,131884404.580217,135613447.4,128518633.372437,1.59758,1.6
2,DALYs (Disability-Adjusted Life Years),1,Global,3,Both,30,80-84 years,665,Decubitus ulcer,1,Number,2021,80605.6025482135,90534.1330801737,62899.2482605788,I_include,Global,87583056.918491,89948887.7796038,85481848.25,1.09729,1.1
2,DALYs (Disability-Adjusted Life Years),1,Global,3,Both,31,85-89 years,665,Decubitus ulcer,1,Number,2021,70008.4813593403,79631.2133779391,56165.2158746446,I_include,Global,45721791.0517717,46852862.726504,44709230.7009568,0.604519,0.6
2,DALYs (Disability-Adjusted Life Years),1,Global,3,Both,32,90-94 years,665,Decubitus ulcer,1,Number,2021,47311.831214771,54054.9485173911,37936.1167485285,I_include,Global,17889373.591415,18289317.0157285,17518670.986049,0.246663,0.25
2,DALYs (Disability-Adjusted Life Years),1,Global,3,Both,235,95+ years,665,Decubitus ulcer,1,Number,2021,22938.1159193566,26445.08035,17563.4811844252,I_include,Global,5450308.67493343,5569992.58267677,5337366.13587716,0.0785092,0.08
2,DALYs (Disability-Adjusted Life Years),1,Global,3,Both,10,25-29 years,668,Other skin and subcutaneous diseases,1,Number,2021,158451.984101232,289369.127215907,80001.4197151558,I_include,Global,588343218.626762,607422118.669863,570487097.318648,7.59144,7.59
2,DALYs (Disability-Adjusted Life Years),1,Global,3,Both,11,30-34 years,668,Other skin and subcutaneous diseases,1,Number,2021,188433.144919027,359188.68931894,95136.2509986923,I_include,Global,604480174.775885,623603836.164416,586195014.793618,7.32171,7.32
2,DALYs (Disability-Adjusted Life Years),1,Global,3,Both,12,35-39 years,668,Other skin and subcutaneous diseases,1,Number,2021,203969.636772783,368631.118075348,101189.600764385,I_include,Global,560866105.914554,578297964.608428,544251815.345755,6.82805,6.83
2,DALYs (Disability-Adjusted Life Years),1,Global,3,Both,13,40-44 years,668,Other skin and subcutaneous diseases,1,Number,2021,217062.332633685,393602.437107814,110005.862004716,I_include,Global,500250795.605694,515432478.206861,485928430.82182,6.14735,6.15
2,DALYs (Disability-Adjusted Life Years),1,Global,3,Both,14,45-49 years,668,Other skin and subcutaneous diseases,1,Number,2021,236519.246379065,420913.717615324,119771.904136059,I_include,Global,473504625.903218,487919674.240222,460213135.719539,5.51133,5.51
2,DALYs (Disability-Adjusted Life Years),1,Global,3,Both,15,50-54 years,668,Other skin and subcutaneous diseases,1,Number,2021,261736.907789383,464092.592019495,131670.346869728,I_include,Global,444922982.841121,458714304.258768,432300957.286386,4.91312,4.91
2,DALYs (Disability-Adjusted Life Years),1,Global,3,Both,16,55-59 years,668,Other skin and subcutaneous diseases,1,Number,2021,295679.29250938,539649.49973973,149679.828955213,I_include,Global,395728004,407669300.348216,384764582.368839,4.34586,4.35
2,DALYs (Disability-Adjusted Life Years),1,Global,3,Both,17,60-64 years,668,Other skin and subcutaneous diseases,1,Number,2021,293533.224912437,513656.962701038,147306.099298754,I_include,Global,320047853.312832,329387624.27068,311524379.587396,3.68223,3.68
2,DALYs (Disability-Adjusted Life Years),1,Global,3,Both,18,65-69 years,668,Other skin and subcutaneous diseases,1,Number,2021,297627.995669828,532757.376426739,153995.783678731,I_include,Global,275842158.522357,284217678.194795,268116931.088218,2.98509,2.99
2,DALYs (Disability-Adjusted Life Years),1,Global,3,Both,19,70-74 years,668,Other skin and subcutaneous diseases,1,Number,2021,259038.641917022,472614.168065266,134746.620245246,I_include,Global,205839220.385999,211972020.164289,200406728.542811,2.26526,2.27
2,DALYs (Disability-Adjusted Life Years),1,Global,3,Both,20,75-79 years,668,Other skin and subcutaneous diseases,1,Number,2021,182282.31411693,319122.976014303,96517.9675534075,I_include,Global,131884404.580217,135613447.4,128518633.372437,1.59758,1.6
2,DALYs (Disability-Adjusted Life Years),1,Global,3,Both,30,80-84 years,668,Other skin and subcutaneous diseases,1,Number,2021,129035.307975489,225842.014535465,68115.0112318324,I_include,Global,87583056.918491,89948887.7796038,85481848.25,1.09729,1.1
2,DALYs (Disability-Adjusted Life Years),1,Global,3,Both,31,85-89 years,668,Other skin and subcutaneous diseases,1,Number,2021,73864.2863513388,125154.968903537,40279.6610410071,I_include,Global,45721791.0517717,46852862.726504,44709230.7009568,0.604519,0.6
2,DALYs (Disability-Adjusted Life Years),1,Global,3,Both,32,90-94 years,668,Other skin and subcutaneous diseases,1,Number,2021,30342.5321508351,51051.7283989957,17283.7784540957,I_include,Global,17889373.591415,18289317.0157285,17518670.986049,0.246663,0.25
2,DALYs (Disability-Adjusted Life Years),1,Global,3,Both,235,95+ years,668,Other skin and subcutaneous diseases,1,Number,2021,9219.22161649194,14954.2585656897,5476.92368564137,I_include,Global,5450308.67493343,5569992.58267677,5337366.13587716,0.0785092,0.08
2,DALYs (Disability-Adjusted Life Years),1,Global,3,Both,10,25-29 years,670,Glaucoma,1,Number,2021,0,0,0,P_include,Global,588343218.626762,607422118.669863,570487097.318648,7.59144,7.59
2,DALYs (Disability-Adjusted Life Years),1,Global,3,Both,11,30-34 years,670,Glaucoma,1,Number,2021,0,0,0,P_include,Global,604480174.775885,623603836.164416,586195014.793618,7.32171,7.32
2,DALYs (Disability-Adjusted Life Years),1,Global,3,Both,12,35-39 years,670,Glaucoma,1,Number,2021,0,0,0,P_include,Global,560866105.914554,578297964.608428,544251815.345755,6.82805,6.83
2,DALYs (Disability-Adjusted Life Years),1,Global,3,Both,13,40-44 years,670,Glaucoma,1,Number,2021,0,0,0,P_include,Global,500250795.605694,515432478.206861,485928430.82182,6.14735,6.15
2,DALYs (Disability-Adjusted Life Years),1,Global,3,Both,14,45-49 years,670,Glaucoma,1,Number,2021,1847.6828842252,3322.3835384856,944.629448685549,P_include,Global,473504625.903218,487919674.240222,460213135.719539,5.51133,5.51
2,DALYs (Disability-Adjusted Life Years),1,Global,3,Both,15,50-54 years,670,Glaucoma,1,Number,2021,15249.6189689948,24415.5856285462,9344.20878278142,P_include,Global,444922982.841121,458714304.258768,432300957.286386,4.91312,4.91
2,DALYs (Disability-Adjusted Life Years),1,Global,3,Both,16,55-59 years,670,Glaucoma,1,Number,2021,43932.6832118427,65726.8640155037,29107.0029953485,P_include,Global,395728004,407669300.348216,384764582.368839,4.34586,4.35
2,DALYs (Disability-Adjusted Life Years),1,Global,3,Both,17,60-64 years,670,Glaucoma,1,Number,2021,78446.6145168481,116478.03994803,52744.7609529819,P_include,Global,320047853.312832,329387624.27068,311524379.587396,3.68223,3.68
2,DALYs (Disability-Adjusted Life Years),1,Global,3,Both,18,65-69 years,670,Glaucoma,1,Number,2021,111552.791882498,161829.198074662,75450.4446120736,P_include,Global,275842158.522357,284217678.194795,268116931.088218,2.98509,2.99
2,DALYs (Disability-Adjusted Life Years),1,Global,3,Both,19,70-74 years,670,Glaucoma,1,Number,2021,126936.938240616,180623.278008393,81923.8079808367,P_include,Global,205839220.385999,211972020.164289,200406728.542811,2.26526,2.27
2,DALYs (Disability-Adjusted Life Years),1,Global,3,Both,20,75-79 years,670,Glaucoma,1,Number,2021,124086.887068573,179297.647367914,82951.6321072208,P_include,Global,131884404.580217,135613447.4,128518633.372437,1.59758,1.6
2,DALYs (Disability-Adjusted Life Years),1,Global,3,Both,30,80-84 years,670,Glaucoma,1,Number,2021,116542.427578257,165820.544427285,76148.1228449756,P_include,Global,87583056.918491,89948887.7796038,85481848.25,1.09729,1.1
2,DALYs (Disability-Adjusted Life Years),1,Global,3,Both,31,85-89 years,670,Glaucoma,1,Number,2021,83249.182131233,116071.561075496,55261.7100805575,P_include,Global,45721791.0517717,46852862.726504,44709230.7009568,0.604519,0.6
2,DALYs (Disability-Adjusted Life Years),1,Global,3,Both,32,90-94 years,670,Glaucoma,1,Number,2021,41015.0503524951,58723.9088547449,27913.0107116306,P_include,Global,17889373.591415,18289317.0157285,17518670.986049,0.246663,0.25
2,DALYs (Disability-Adjusted Life Years),1,Global,3,Both,235,95+ years,670,Glaucoma,1,Number,2021,17040.3538806882,25075.6819641325,11327.4544985939,P_include,Global,5450308.67493343,5569992.58267677,5337366.13587716,0.0785092,0.08
2,DALYs (Disability-Adjusted Life Years),1,Global,3,Both,10,25-29 years,671,Cataract,1,Number,2021,23325.0554496158,35534.2258122394,13289.099644008,P_include,Global,588343218.626762,607422118.669863,570487097.318648,7.59144,7.59
2,DALYs (Disability-Adjusted Life Years),1,Global,3,Both,11,30-34 years,671,Cataract,1,Number,2021,50049.0010310222,73780.9289940775,29322.2800763433,P_include,Global,604480174.775885,623603836.164416,586195014.793618,7.32171,7.32
2,DALYs (Disability-Adjusted Life Years),1,Global,3,Both,12,35-39 years,671,Cataract,1,Number,2021,85744.159856481,121734.367034167,53540.861224786,P_include,Global,560866105.914554,578297964.608428,544251815.345755,6.82805,6.83
2,DALYs (Disability-Adjusted Life Years),1,Global,3,Both,13,40-44 years,671,Cataract,1,Number,2021,133804.099923734,194563.852096856,88622.2689474071,P_include,Global,500250795.605694,515432478.206861,485928430.82182,6.14735,6.15
2,DALYs (Disability-Adjusted Life Years),1,Global,3,Both,14,45-49 years,671,Cataract,1,Number,2021,221468.089930957,314637.559560624,148196.538660462,P_include,Global,473504625.903218,487919674.240222,460213135.719539,5.51133,5.51
2,DALYs (Disability-Adjusted Life Years),1,Global,3,Both,15,50-54 years,671,Cataract,1,Number,2021,335539.282684168,480009.868933785,232285.043325849,P_include,Global,444922982.841121,458714304.258768,432300957.286386,4.91312,4.91
2,DALYs (Disability-Adjusted Life Years),1,Global,3,Both,16,55-59 years,671,Cataract,1,Number,2021,495360.315179377,691171.482225058,334594.7625,P_include,Global,395728004,407669300.348216,384764582.368839,4.34586,4.35
2,DALYs (Disability-Adjusted Life Years),1,Global,3,Both,17,60-64 years,671,Cataract,1,Number,2021,689969.304796287,957576.130473846,462937.980912587,P_include,Global,320047853.312832,329387624.27068,311524379.587396,3.68223,3.68
2,DALYs (Disability-Adjusted Life Years),1,Global,3,Both,18,65-69 years,671,Cataract,1,Number,2021,949185.263178096,1310425.73081953,653382.875467622,P_include,Global,275842158.522357,284217678.194795,268116931.088218,2.98509,2.99
2,DALYs (Disability-Adjusted Life Years),1,Global,3,Both,19,70-74 years,671,Cataract,1,Number,2021,1049746.12708076,1427336.76915284,735741.468014528,P_include,Global,205839220.385999,211972020.164289,200406728.542811,2.26526,2.27
2,DALYs (Disability-Adjusted Life Years),1,Global,3,Both,20,75-79 years,671,Cataract,1,Number,2021,964205.554783792,1292073.01805785,692350.420674376,P_include,Global,131884404.580217,135613447.4,128518633.372437,1.59758,1.6
2,DALYs (Disability-Adjusted Life Years),1,Global,3,Both,30,80-84 years,671,Cataract,1,Number,2021,793330.570891093,1071316.78225331,568940.629804615,P_include,Global,87583056.918491,89948887.7796038,85481848.25,1.09729,1.1
2,DALYs (Disability-Adjusted Life Years),1,Global,3,Both,31,85-89 years,671,Cataract,1,Number,2021,489365.898136578,663152.401331602,347935.216207792,P_include,Global,45721791.0517717,46852862.726504,44709230.7009568,0.604519,0.6
2,DALYs (Disability-Adjusted Life Years),1,Global,3,Both,32,90-94 years,671,Cataract,1,Number,2021,201412.632475982,274090.139524787,146717.792598954,P_include,Global,17889373.591415,18289317.0157285,17518670.986049,0.246663,0.25
2,DALYs (Disability-Adjusted Life Years),1,Global,3,Both,235,95+ years,671,Cataract,1,Number,2021,65638.1700069706,88778.7722580309,47250.2589481161,P_include,Global,5450308.67493343,5569992.58267677,5337366.13587716,0.0785092,0.08
2,DALYs (Disability-Adjusted Life Years),1,Global,3,Both,10,25-29 years,672,Age-related macular degeneration,1,Number,2021,0,0,0,P_include,Global,588343218.626762,607422118.669863,570487097.318648,7.59144,7.59
2,DALYs (Disability-Adjusted Life Years),1,Global,3,Both,11,30-34 years,672,Age-related macular degeneration,1,Number,2021,0,0,0,P_include,Global,604480174.775885,623603836.164416,586195014.793618,7.32171,7.32
2,DALYs (Disability-Adjusted Life Years),1,Global,3,Both,12,35-39 years,672,Age-related macular degeneration,1,Number,2021,0,0,0,P_include,Global,560866105.914554,578297964.608428,544251815.345755,6.82805,6.83
2,DALYs (Disability-Adjusted Life Years),1,Global,3,Both,13,40-44 years,672,Age-related macular degeneration,1,Number,2021,0,0,0,P_include,Global,500250795.605694,515432478.206861,485928430.82182,6.14735,6.15
2,DALYs (Disability-Adjusted Life Years),1,Global,3,Both,14,45-49 years,672,Age-related macular degeneration,1,Number,2021,2079.62961126528,3836.96705332766,1027.33918205631,P_include,Global,473504625.903218,487919674.240222,460213135.719539,5.51133,5.51
2,DALYs (Disability-Adjusted Life Years),1,Global,3,Both,15,50-54 years,672,Age-related macular degeneration,1,Number,2021,16673.6879951679,26800.7729510263,9381.69508068386,P_include,Global,444922982.841121,458714304.258768,432300957.286386,4.91312,4.91
2,DALYs (Disability-Adjusted Life Years),1,Global,3,Both,16,55-59 years,672,Age-related macular degeneration,1,Number,2021,46521.4465966534,69917.7023082311,29032.6981612543,P_include,Global,395728004,407669300.348216,384764582.368839,4.34586,4.35
2,DALYs (Disability-Adjusted Life Years),1,Global,3,Both,17,60-64 years,672,Age-related macular degeneration,1,Number,2021,76600.1466083169,113578.226691505,50171.4476858928,P_include,Global,320047853.312832,329387624.27068,311524379.587396,3.68223,3.68
2,DALYs (Disability-Adjusted Life Years),1,Global,3,Both,18,65-69 years,672,Age-related macular degeneration,1,Number,2021,102045.590249345,147824.261555969,67067.161598768,P_include,Global,275842158.522357,284217678.194795,268116931.088218,2.98509,2.99
2,DALYs (Disability-Adjusted Life Years),1,Global,3,Both,19,70-74 years,672,Age-related macular degeneration,1,Number,2021,100487.677936931,142406.116862186,68191.1658518495,P_include,Global,205839220.385999,211972020.164289,200406728.542811,2.26526,2.27
2,DALYs (Disability-Adjusted Life Years),1,Global,3,Both,20,75-79 years,672,Age-related macular degeneration,1,Number,2021,83927.187701251,117635.071545082,57879.4825849739,P_include,Global,131884404.580217,135613447.4,128518633.372437,1.59758,1.6
2,DALYs (Disability-Adjusted Life Years),1,Global,3,Both,30,80-84 years,672,Age-related macular degeneration,1,Number,2021,69959.6712675334,98844.413861535,46757.837954199,P_include,Global,87583056.918491,89948887.7796038,85481848.25,1.09729,1.1
2,DALYs (Disability-Adjusted Life Years),1,Global,3,Both,31,85-89 years,672,Age-related macular degeneration,1,Number,2021,47426.7250196437,66496.1047582047,31173.3042751199,P_include,Global,45721791.0517717,46852862.726504,44709230.7009568,0.604519,0.6
2,DALYs (Disability-Adjusted Life Years),1,Global,3,Both,32,90-94 years,672,Age-related macular degeneration,1,Number,2021,23088.2224562749,32979.1295018656,15433.806454097,P_include,Global,17889373.591415,18289317.0157285,17518670.986049,0.246663,0.25
2,DALYs (Disability-Adjusted Life Years),1,Global,3,Both,235,95+ years,672,Age-related macular degeneration,1,Number,2021,9210.39299605053,13718.8265312462,5996.34264606124,P_include,Global,5450308.67493343,5569992.58267677,5337366.13587716,0.0785092,0.08
2,DALYs (Disability-Adjusted Life Years),1,Global,3,Both,10,25-29 years,674,Age-related and other hearing loss,1,Number,2021,1442442.1520551,2086057.37622239,926794.670134869,P_include,Global,588343218.626762,607422118.669863,570487097.318648,7.59144,7.59
2,DALYs (Disability-Adjusted Life Years),1,Global,3,Both,11,30-34 years,674,Age-related and other hearing loss,1,Number,2021,1768398.28341366,2533389.75827381,1126086.59117431,P_include,Global,604480174.775885,623603836.164416,586195014.793618,7.32171,7.32
2,DALYs (Disability-Adjusted Life Years),1,Global,3,Both,12,35-39 years,674,Age-related and other hearing loss,1,Number,2021,1820422.80267166,2703915.36547916,1143298.21428471,P_include,Global,560866105.914554,578297964.608428,544251815.345755,6.82805,6.83
2,DALYs (Disability-Adjusted Life Years),1,Global,3,Both,13,40-44 years,674,Age-related and other hearing loss,1,Number,2021,1908933.31190754,2933197.27552281,1202097.80227218,P_include,Global,500250795.605694,515432478.206861,485928430.82182,6.14735,6.15
2,DALYs (Disability-Adjusted Life Years),1,Global,3,Both,14,45-49 years,674,Age-related and other hearing loss,1,Number,2021,2521556.87365329,3850056.4949248,1534414.15622254,P_include,Global,473504625.903218,487919674.240222,460213135.719539,5.51133,5.51
2,DALYs (Disability-Adjusted Life Years),1,Global,3,Both,15,50-54 years,674,Age-related and other hearing loss,1,Number,2021,3294446.83871329,4947834.25746287,1992880.77200401,P_include,Global,444922982.841121,458714304.258768,432300957.286386,4.91312,4.91
2,DALYs (Disability-Adjusted Life Years),1,Global,3,Both,16,55-59 years,674,Age-related and other hearing loss,1,Number,2021,4131669.16838457,6342688.0525993,2569704.36836559,P_include,Global,395728004,407669300.348216,384764582.368839,4.34586,4.35
2,DALYs (Disability-Adjusted Life Years),1,Global,3,Both,17,60-64 years,674,Age-related and other hearing loss,1,Number,2021,4433690.24729939,6601225.90612874,2766220.74954904,P_include,Global,320047853.312832,329387624.27068,311524379.587396,3.68223,3.68
2,DALYs (Disability-Adjusted Life Years),1,Global,3,Both,18,65-69 years,674,Age-related and other hearing loss,1,Number,2021,5121261.61032515,7511638.69796665,3292997.93482888,P_include,Global,275842158.522357,284217678.194795,268116931.088218,2.98509,2.99
2,DALYs (Disability-Adjusted Life Years),1,Global,3,Both,19,70-74 years,674,Age-related and other hearing loss,1,Number,2021,4790538.71230166,6801491.79116337,3189135.66240819,P_include,Global,205839220.385999,211972020.164289,200406728.542811,2.26526,2.27
2,DALYs (Disability-Adjusted Life Years),1,Global,3,Both,20,75-79 years,674,Age-related and other hearing loss,1,Number,2021,3827092.13741379,5280839.24646456,2654204.34362475,P_include,Global,131884404.580217,135613447.4,128518633.372437,1.59758,1.6
2,DALYs (Disability-Adjusted Life Years),1,Global,3,Both,30,80-84 years,674,Age-related and other hearing loss,1,Number,2021,3022735.36976057,4042258.19081447,2198069.2357442,P_include,Global,87583056.918491,89948887.7796038,85481848.25,1.09729,1.1
2,DALYs (Disability-Adjusted Life Years),1,Global,3,Both,31,85-89 years,674,Age-related and other hearing loss,1,Number,2021,1797816.64844456,2382712.61792626,1311403.82516187,P_include,Global,45721791.0517717,46852862.726504,44709230.7009568,0.604519,0.6
2,DALYs (Disability-Adjusted Life Years),1,Global,3,Both,32,90-94 years,674,Age-related and other hearing loss,1,Number,2021,757248.297355226,996905.559295863,567830.742939539,P_include,Global,17889373.591415,18289317.0157285,17518670.986049,0.246663,0.25
2,DALYs (Disability-Adjusted Life Years),1,Global,3,Both,235,95+ years,674,Age-related and other hearing loss,1,Number,2021,227617.482017658,301200.557894004,166061.017969262,P_include,Global,5450308.67493343,5569992.58267677,5337366.13587716,0.0785092,0.08
2,DALYs (Disability-Adjusted Life Years),1,Global,3,Both,10,25-29 years,675,Other vision loss,1,Number,2021,51697.602508028,77607.3182322655,31803.3980270629,P_include,Global,588343218.626762,607422118.669863,570487097.318648,7.59144,7.59
2,DALYs (Disability-Adjusted Life Years),1,Global,3,Both,11,30-34 years,675,Other vision loss,1,Number,2021,62456.6300088174,93237.9537808297,40112.2363840674,P_include,Global,604480174.775885,623603836.164416,586195014.793618,7.32171,7.32
2,DALYs (Disability-Adjusted Life Years),1,Global,3,Both,12,35-39 years,675,Other vision loss,1,Number,2021,74333.9758929451,105439.50487032,47850.4189208437,P_include,Global,560866105.914554,578297964.608428,544251815.345755,6.82805,6.83
2,DALYs (Disability-Adjusted Life Years),1,Global,3,Both,13,40-44 years,675,Other vision loss,1,Number,2021,100816.126349611,145515.94690742,66296.2789397206,P_include,Global,500250795.605694,515432478.206861,485928430.82182,6.14735,6.15
2,DALYs (Disability-Adjusted Life Years),1,Global,3,Both,14,45-49 years,675,Other vision loss,1,Number,2021,152793.75183822,226427.210785206,98610.3446820195,P_include,Global,473504625.903218,487919674.240222,460213135.719539,5.51133,5.51
2,DALYs (Disability-Adjusted Life Years),1,Global,3,Both,15,50-54 years,675,Other vision loss,1,Number,2021,222642.251978442,313455.076935664,150753.773817221,P_include,Global,444922982.841121,458714304.258768,432300957.286386,4.91312,4.91
2,DALYs (Disability-Adjusted Life Years),1,Global,3,Both,16,55-59 years,675,Other vision loss,1,Number,2021,296729.674915353,425199.848143639,200447.623083786,P_include,Global,395728004,407669300.348216,384764582.368839,4.34586,4.35
2,DALYs (Disability-Adjusted Life Years),1,Global,3,Both,17,60-64 years,675,Other vision loss,1,Number,2021,355594.159201637,508604.72686846,246152.755870969,P_include,Global,320047853.312832,329387624.27068,311524379.587396,3.68223,3.68
2,DALYs (Disability-Adjusted Life Years),1,Global,3,Both,18,65-69 years,675,Other vision loss,1,Number,2021,419510.803175836,588576.520013557,290608.778759475,P_include,Global,275842158.522357,284217678.194795,268116931.088218,2.98509,2.99
2,DALYs (Disability-Adjusted Life Years),1,Global,3,Both,19,70-74 years,675,Other vision loss,1,Number,2021,373981.113770546,510651.981157552,259891.128292607,P_include,Global,205839220.385999,211972020.164289,200406728.542811,2.26526,2.27
2,DALYs (Disability-Adjusted Life Years),1,Global,3,Both,20,75-79 years,675,Other vision loss,1,Number,2021,266653.947942372,361853.344358658,184831.049176335,P_include,Global,131884404.580217,135613447.4,128518633.372437,1.59758,1.6
2,DALYs (Disability-Adjusted Life Years),1,Global,3,Both,30,80-84 years,675,Other vision loss,1,Number,2021,204900.620601569,283154.415892377,140276.244400947,P_include,Global,87583056.918491,89948887.7796038,85481848.25,1.09729,1.1
2,DALYs (Disability-Adjusted Life Years),1,Global,3,Both,31,85-89 years,675,Other vision loss,1,Number,2021,117814.978423619,163937.966558591,82817.1763166809,P_include,Global,45721791.0517717,46852862.726504,44709230.7009568,0.604519,0.6
2,DALYs (Disability-Adjusted Life Years),1,Global,3,Both,32,90-94 years,675,Other vision loss,1,Number,2021,80498.0844717355,111868.843420602,57840.9011173225,P_include,Global,17889373.591415,18289317.0157285,17518670.986049,0.246663,0.25
2,DALYs (Disability-Adjusted Life Years),1,Global,3,Both,235,95+ years,675,Other vision loss,1,Number,2021,36909.4109521889,51421.4335807278,25380.3894586436,P_include,Global,5450308.67493343,5569992.58267677,5337366.13587716,0.0785092,0.08
2,DALYs (Disability-Adjusted Life Years),1,Global,3,Both,10,25-29 years,684,Edentulism,1,Number,2021,86717.513809191,138288.350474385,45898.7088856208,I_include,Global,588343218.626762,607422118.669863,570487097.318648,7.59144,7.59
2,DALYs (Disability-Adjusted Life Years),1,Global,3,Both,11,30-34 years,684,Edentulism,1,Number,2021,157644.757574091,247039.980170742,90391.4147996027,I_include,Global,604480174.775885,623603836.164416,586195014.793618,7.32171,7.32
2,DALYs (Disability-Adjusted Life Years),1,Global,3,Both,12,35-39 years,684,Edentulism,1,Number,2021,239915.004203694,368408.492718767,139136.651115277,I_include,Global,560866105.914554,578297964.608428,544251815.345755,6.82805,6.83
2,DALYs (Disability-Adjusted Life Years),1,Global,3,Both,13,40-44 years,684,Edentulism,1,Number,2021,332304.988506716,494060.797732949,193494.943388759,I_include,Global,500250795.605694,515432478.206861,485928430.82182,6.14735,6.15
2,DALYs (Disability-Adjusted Life Years),1,Global,3,Both,14,45-49 years,684,Edentulism,1,Number,2021,474486.30759981,698869.573876243,281969.535170793,I_include,Global,473504625.903218,487919674.240222,460213135.719539,5.51133,5.51
2,DALYs (Disability-Adjusted Life Years),1,Global,3,Both,15,50-54 years,684,Edentulism,1,Number,2021,690197.081623205,1042367.99514742,409945.201900526,I_include,Global,444922982.841121,458714304.258768,432300957.286386,4.91312,4.91
2,DALYs (Disability-Adjusted Life Years),1,Global,3,Both,16,55-59 years,684,Edentulism,1,Number,2021,960651.136279489,1396623.81766994,580947.195811433,I_include,Global,395728004,407669300.348216,384764582.368839,4.34586,4.35
2,DALYs (Disability-Adjusted Life Years),1,Global,3,Both,17,60-64 years,684,Edentulism,1,Number,2021,1186374.07406763,1683752.17678566,751671.46742376,I_include,Global,320047853.312832,329387624.27068,311524379.587396,3.68223,3.68
2,DALYs (Disability-Adjusted Life Years),1,Global,3,Both,18,65-69 years,684,Edentulism,1,Number,2021,1417149.47994566,2037691.67190102,892461.352879861,I_include,Global,275842158.522357,284217678.194795,268116931.088218,2.98509,2.99
2,DALYs (Disability-Adjusted Life Years),1,Global,3,Both,19,70-74 years,684,Edentulism,1,Number,2021,1392946.23882526,2003029.72852845,905104.241488049,I_include,Global,205839220.385999,211972020.164289,200406728.542811,2.26526,2.27
2,DALYs (Disability-Adjusted Life Years),1,Global,3,Both,20,75-79 years,684,Edentulism,1,Number,2021,1078294.46221544,1551600.82078696,697010.446036677,I_include,Global,131884404.580217,135613447.4,128518633.372437,1.59758,1.6
2,DALYs (Disability-Adjusted Life Years),1,Global,3,Both,30,80-84 years,684,Edentulism,1,Number,2021,833882.577089401,1186290.57190834,541221.728973313,I_include,Global,87583056.918491,89948887.7796038,85481848.25,1.09729,1.1
2,DALYs (Disability-Adjusted Life Years),1,Global,3,Both,31,85-89 years,684,Edentulism,1,Number,2021,465905.258867519,643767.626250819,306001.221140883,I_include,Global,45721791.0517717,46852862.726504,44709230.7009568,0.604519,0.6
2,DALYs (Disability-Adjusted Life Years),1,Global,3,Both,32,90-94 years,684,Edentulism,1,Number,2021,185554.254862412,255677.929450288,122345.242308829,I_include,Global,17889373.591415,18289317.0157285,17518670.986049,0.246663,0.25
2,DALYs (Disability-Adjusted Life Years),1,Global,3,Both,235,95+ years,684,Edentulism,1,Number,2021,55811.2262288394,77754.0034768606,36475.0886946034,I_include,Global,5450308.67493343,5569992.58267677,5337366.13587716,0.0785092,0.08
2,DALYs (Disability-Adjusted Life Years),1,Global,3,Both,10,25-29 years,968,Non-rheumatic calcific aortic valve disease,1,Number,2021,23423.3897319963,26826.9226850982,19431.9495438984,I_include,Global,588343218.626762,607422118.669863,570487097.318648,7.59144,7.59
2,DALYs (Disability-Adjusted Life Years),1,Global,3,Both,11,30-34 years,968,Non-rheumatic calcific aortic valve disease,1,Number,2021,29568.7365813409,33951.0972278249,24520.2694328246,I_include,Global,604480174.775885,623603836.164416,586195014.793618,7.32171,7.32
2,DALYs (Disability-Adjusted Life Years),1,Global,3,Both,12,35-39 years,968,Non-rheumatic calcific aortic valve disease,1,Number,2021,37512.6763880135,42033.9771615399,31428.5380866404,I_include,Global,560866105.914554,578297964.608428,544251815.345755,6.82805,6.83
2,DALYs (Disability-Adjusted Life Years),1,Global,3,Both,13,40-44 years,968,Non-rheumatic calcific aortic valve disease,1,Number,2021,46067.9374457892,51929.3743845891,39174.4820927208,I_include,Global,500250795.605694,515432478.206861,485928430.82182,6.14735,6.15
2,DALYs (Disability-Adjusted Life Years),1,Global,3,Both,14,45-49 years,968,Non-rheumatic calcific aortic valve disease,1,Number,2021,55187.7049158586,61459.1629622408,48267.7409414507,I_include,Global,473504625.903218,487919674.240222,460213135.719539,5.51133,5.51
2,DALYs (Disability-Adjusted Life Years),1,Global,3,Both,15,50-54 years,968,Non-rheumatic calcific aortic valve disease,1,Number,2021,73137.5847174396,81950.4222491789,65516.1506306875,I_include,Global,444922982.841121,458714304.258768,432300957.286386,4.91312,4.91
2,DALYs (Disability-Adjusted Life Years),1,Global,3,Both,16,55-59 years,968,Non-rheumatic calcific aortic valve disease,1,Number,2021,108078.786637308,119873.027893475,96911.398059172,I_include,Global,395728004,407669300.348216,384764582.368839,4.34586,4.35
2,DALYs (Disability-Adjusted Life Years),1,Global,3,Both,17,60-64 years,968,Non-rheumatic calcific aortic valve disease,1,Number,2021,131376.891162957,143701.844096297,119817.252489319,I_include,Global,320047853.312832,329387624.27068,311524379.587396,3.68223,3.68
2,DALYs (Disability-Adjusted Life Years),1,Global,3,Both,18,65-69 years,968,Non-rheumatic calcific aortic valve disease,1,Number,2021,171924.748205717,189703.814190726,156395.773467734,I_include,Global,275842158.522357,284217678.194795,268116931.088218,2.98509,2.99
2,DALYs (Disability-Adjusted Life Years),1,Global,3,Both,19,70-74 years,968,Non-rheumatic calcific aortic valve disease,1,Number,2021,226688.815070965,256267.798253774,207492.181546397,I_include,Global,205839220.385999,211972020.164289,200406728.542811,2.26526,2.27
2,DALYs (Disability-Adjusted Life Years),1,Global,3,Both,20,75-79 years,968,Non-rheumatic calcific aortic valve disease,1,Number,2021,244283.970806392,272459.154848739,221920.078685196,I_include,Global,131884404.580217,135613447.4,128518633.372437,1.59758,1.6
2,DALYs (Disability-Adjusted Life Years),1,Global,3,Both,30,80-84 years,968,Non-rheumatic calcific aortic valve disease,1,Number,2021,312598.226777026,351074.466489941,271130.44965176,I_include,Global,87583056.918491,89948887.7796038,85481848.25,1.09729,1.1
2,DALYs (Disability-Adjusted Life Years),1,Global,3,Both,31,85-89 years,968,Non-rheumatic calcific aortic valve disease,1,Number,2021,325978.620940161,365688.97750477,267311.012850182,I_include,Global,45721791.0517717,46852862.726504,44709230.7009568,0.604519,0.6
2,DALYs (Disability-Adjusted Life Years),1,Global,3,Both,32,90-94 years,968,Non-rheumatic calcific aortic valve disease,1,Number,2021,269134.003421001,303244.133387734,209273.269774303,I_include,Global,17889373.591415,18289317.0157285,17518670.986049,0.246663,0.25
2,DALYs (Disability-Adjusted Life Years),1,Global,3,Both,235,95+ years,968,Non-rheumatic calcific aortic valve disease,1,Number,2021,145214.223811241,167655.714878535,104102.114572397,I_include,Global,5450308.67493343,5569992.58267677,5337366.13587716,0.0785092,0.08
2,DALYs (Disability-Adjusted Life Years),1,Global,3,Both,10,25-29 years,969,Non-rheumatic degenerative mitral valve disease,1,Number,2021,23573.6538480504,28332.7010606752,18095.6701190431,I_include,Global,588343218.626762,607422118.669863,570487097.318648,7.59144,7.59
2,DALYs (Disability-Adjusted Life Years),1,Global,3,Both,11,30-34 years,969,Non-rheumatic degenerative mitral valve disease,1,Number,2021,25867.4699209042,31356.2778349069,20742.2143402546,I_include,Global,604480174.775885,623603836.164416,586195014.793618,7.32171,7.32
2,DALYs (Disability-Adjusted Life Years),1,Global,3,Both,12,35-39 years,969,Non-rheumatic degenerative mitral valve disease,1,Number,2021,29593.990586492,35824.2811584819,23770.2868983708,I_include,Global,560866105.914554,578297964.608428,544251815.345755,6.82805,6.83
2,DALYs (Disability-Adjusted Life Years),1,Global,3,Both,13,40-44 years,969,Non-rheumatic degenerative mitral valve disease,1,Number,2021,35527.9452100365,42282.7378684676,29356.4194338839,I_include,Global,500250795.605694,515432478.206861,485928430.82182,6.14735,6.15
2,DALYs (Disability-Adjusted Life Years),1,Global,3,Both,14,45-49 years,969,Non-rheumatic degenerative mitral valve disease,1,Number,2021,37714.263274261,45887.2303897106,31809.273441681,I_include,Global,473504625.903218,487919674.240222,460213135.719539,5.51133,5.51
2,DALYs (Disability-Adjusted Life Years),1,Global,3,Both,15,50-54 years,969,Non-rheumatic degenerative mitral valve disease,1,Number,2021,44863.004331225,53085.5574100586,37354.8765264162,I_include,Global,444922982.841121,458714304.258768,432300957.286386,4.91312,4.91
2,DALYs (Disability-Adjusted Life Years),1,Global,3,Both,16,55-59 years,969,Non-rheumatic degenerative mitral valve disease,1,Number,2021,60003.1935092489,70754.5933508331,50319.9081287063,I_include,Global,395728004,407669300.348216,384764582.368839,4.34586,4.35
2,DALYs (Disability-Adjusted Life Years),1,Global,3,Both,17,60-64 years,969,Non-rheumatic degenerative mitral valve disease,1,Number,2021,71181.3728294139,82772.9566083165,62086.5726338171,I_include,Global,320047853.312832,329387624.27068,311524379.587396,3.68223,3.68
2,DALYs (Disability-Adjusted Life Years),1,Global,3,Both,18,65-69 years,969,Non-rheumatic degenerative mitral valve disease,1,Number,2021,90964.3578598119,111071.118713797,78014.115530943,I_include,Global,275842158.522357,284217678.194795,268116931.088218,2.98509,2.99
2,DALYs (Disability-Adjusted Life Years),1,Global,3,Both,19,70-74 years,969,Non-rheumatic degenerative mitral valve disease,1,Number,2021,110288.219473865,140688.397672239,90963.9450689014,I_include,Global,205839220.385999,211972020.164289,200406728.542811,2.26526,2.27
2,DALYs (Disability-Adjusted Life Years),1,Global,3,Both,20,75-79 years,969,Non-rheumatic degenerative mitral valve disease,1,Number,2021,108272.739067687,138302.074972588,86781.1380338282,I_include,Global,131884404.580217,135613447.4,128518633.372437,1.59758,1.6
2,DALYs (Disability-Adjusted Life Years),1,Global,3,Both,30,80-84 years,969,Non-rheumatic degenerative mitral valve disease,1,Number,2021,102143.989609548,130415.142032214,84020.1433810047,I_include,Global,87583056.918491,89948887.7796038,85481848.25,1.09729,1.1
2,DALYs (Disability-Adjusted Life Years),1,Global,3,Both,31,85-89 years,969,Non-rheumatic degenerative mitral valve disease,1,Number,2021,81959.3267866804,101412.16082103,67488.3124683682,I_include,Global,45721791.0517717,46852862.726504,44709230.7009568,0.604519,0.6
2,DALYs (Disability-Adjusted Life Years),1,Global,3,Both,32,90-94 years,969,Non-rheumatic degenerative mitral valve disease,1,Number,2021,52997.7801993985,62015.4680848388,42376.0582259819,I_include,Global,17889373.591415,18289317.0157285,17518670.986049,0.246663,0.25
2,DALYs (Disability-Adjusted Life Years),1,Global,3,Both,235,95+ years,969,Non-rheumatic degenerative mitral valve disease,1,Number,2021,25927.6654815763,30411.4272231915,19890.2220285062,I_include,Global,5450308.67493343,5569992.58267677,5337366.13587716,0.0785092,0.08
2,DALYs (Disability-Adjusted Life Years),1,Global,3,Both,10,25-29 years,970,Other non-rheumatic valve diseases,1,Number,2021,3330.94343695525,5222.47498794366,2125.89863745311,P_include,Global,588343218.626762,607422118.669863,570487097.318648,7.59144,7.59
2,DALYs (Disability-Adjusted Life Years),1,Global,3,Both,11,30-34 years,970,Other non-rheumatic valve diseases,1,Number,2021,2122.81164651702,2924.39537767336,1451.70085654426,P_include,Global,604480174.775885,623603836.164416,586195014.793618,7.32171,7.32
2,DALYs (Disability-Adjusted Life Years),1,Global,3,Both,12,35-39 years,970,Other non-rheumatic valve diseases,1,Number,2021,2787.94517879908,4049.19390976694,1745.67869997836,P_include,Global,560866105.914554,578297964.608428,544251815.345755,6.82805,6.83
2,DALYs (Disability-Adjusted Life Years),1,Global,3,Both,13,40-44 years,970,Other non-rheumatic valve diseases,1,Number,2021,3269.62105594654,4589.85324500766,1899.32831525221,P_include,Global,500250795.605694,515432478.206861,485928430.82182,6.14735,6.15
2,DALYs (Disability-Adjusted Life Years),1,Global,3,Both,14,45-49 years,970,Other non-rheumatic valve diseases,1,Number,2021,2705.60059935572,3818.23461391043,1624.49313496284,P_include,Global,473504625.903218,487919674.240222,460213135.719539,5.51133,5.51
2,DALYs (Disability-Adjusted Life Years),1,Global,3,Both,15,50-54 years,970,Other non-rheumatic valve diseases,1,Number,2021,3534.83169939689,4925.30957400273,2189.184965,P_include,Global,444922982.841121,458714304.258768,432300957.286386,4.91312,4.91
2,DALYs (Disability-Adjusted Life Years),1,Global,3,Both,16,55-59 years,970,Other non-rheumatic valve diseases,1,Number,2021,3705.13989841744,5101.95553166233,2467.84639740637,P_include,Global,395728004,407669300.348216,384764582.368839,4.34586,4.35
2,DALYs (Disability-Adjusted Life Years),1,Global,3,Both,17,60-64 years,970,Other non-rheumatic valve diseases,1,Number,2021,4618.86354268225,6386.20045563515,2900.3933486447,P_include,Global,320047853.312832,329387624.27068,311524379.587396,3.68223,3.68
2,DALYs (Disability-Adjusted Life Years),1,Global,3,Both,18,65-69 years,970,Other non-rheumatic valve diseases,1,Number,2021,4567.10197350492,6253.24781809538,3015.78938737689,P_include,Global,275842158.522357,284217678.194795,268116931.088218,2.98509,2.99
2,DALYs (Disability-Adjusted Life Years),1,Global,3,Both,19,70-74 years,970,Other non-rheumatic valve diseases,1,Number,2021,4110.11148196023,5736.33398396259,2811.83709774127,P_include,Global,205839220.385999,211972020.164289,200406728.542811,2.26526,2.27
2,DALYs (Disability-Adjusted Life Years),1,Global,3,Both,20,75-79 years,970,Other non-rheumatic valve diseases,1,Number,2021,3587.36085886026,4690.85894871188,2497.63784817434,P_include,Global,131884404.580217,135613447.4,128518633.372437,1.59758,1.6
2,DALYs (Disability-Adjusted Life Years),1,Global,3,Both,30,80-84 years,970,Other non-rheumatic valve diseases,1,Number,2021,3433.38330201194,4544.49044605257,2564.14284244755,P_include,Global,87583056.918491,89948887.7796038,85481848.25,1.09729,1.1
2,DALYs (Disability-Adjusted Life Years),1,Global,3,Both,31,85-89 years,970,Other non-rheumatic valve diseases,1,Number,2021,2457.90079571405,3046.17639333178,1870.65531580513,P_include,Global,45721791.0517717,46852862.726504,44709230.7009568,0.604519,0.6
2,DALYs (Disability-Adjusted Life Years),1,Global,3,Both,32,90-94 years,970,Other non-rheumatic valve diseases,1,Number,2021,1311.64526581024,1627.9880147253,994.343927719821,P_include,Global,17889373.591415,18289317.0157285,17518670.986049,0.246663,0.25
2,DALYs (Disability-Adjusted Life Years),1,Global,3,Both,235,95+ years,970,Other non-rheumatic valve diseases,1,Number,2021,446.548937505217,551.404556518786,320.861805325276,P_include,Global,5450308.67493343,5569992.58267677,5337366.13587716,0.0785092,0.08
2,DALYs (Disability-Adjusted Life Years),1,Global,3,Both,10,25-29 years,977,Atopic dermatitis,1,Number,2021,240038.072498224,417064.057414012,122603.95966876,I_include,Global,588343218.626762,607422118.669863,570487097.318648,7.59144,7.59
2,DALYs (Disability-Adjusted Life Years),1,Global,3,Both,11,30-34 years,977,Atopic dermatitis,1,Number,2021,212079.887825147,355286.763798331,108189.018234014,I_include,Global,604480174.775885,623603836.164416,586195014.793618,7.32171,7.32
2,DALYs (Disability-Adjusted Life Years),1,Global,3,Both,12,35-39 years,977,Atopic dermatitis,1,Number,2021,177397.568227104,299251.020506584,89270.5927584547,I_include,Global,560866105.914554,578297964.608428,544251815.345755,6.82805,6.83
2,DALYs (Disability-Adjusted Life Years),1,Global,3,Both,13,40-44 years,977,Atopic dermatitis,1,Number,2021,152843.208762358,261976.921686355,77894.0854719282,I_include,Global,500250795.605694,515432478.206861,485928430.82182,6.14735,6.15
2,DALYs (Disability-Adjusted Life Years),1,Global,3,Both,14,45-49 years,977,Atopic dermatitis,1,Number,2021,145555.503829681,244802.345702337,73749.8498993474,I_include,Global,473504625.903218,487919674.240222,460213135.719539,5.51133,5.51
2,DALYs (Disability-Adjusted Life Years),1,Global,3,Both,15,50-54 years,977,Atopic dermatitis,1,Number,2021,140673.415501103,244107.299111215,71455.1971651768,I_include,Global,444922982.841121,458714304.258768,432300957.286386,4.91312,4.91
2,DALYs (Disability-Adjusted Life Years),1,Global,3,Both,16,55-59 years,977,Atopic dermatitis,1,Number,2021,131646.063893074,230622.157213279,69817.2978269431,I_include,Global,395728004,407669300.348216,384764582.368839,4.34586,4.35
2,DALYs (Disability-Adjusted Life Years),1,Global,3,Both,17,60-64 years,977,Atopic dermatitis,1,Number,2021,114012.746364933,191041.29832392,62979.0429678232,I_include,Global,320047853.312832,329387624.27068,311524379.587396,3.68223,3.68
2,DALYs (Disability-Adjusted Life Years),1,Global,3,Both,18,65-69 years,977,Atopic dermatitis,1,Number,2021,102572.631266729,171328.288950658,53764.195532067,I_include,Global,275842158.522357,284217678.194795,268116931.088218,2.98509,2.99
2,DALYs (Disability-Adjusted Life Years),1,Global,3,Both,19,70-74 years,977,Atopic dermatitis,1,Number,2021,87213.6770078334,147731.222923946,46585.6372835947,I_include,Global,205839220.385999,211972020.164289,200406728.542811,2.26526,2.27
2,DALYs (Disability-Adjusted Life Years),1,Global,3,Both,20,75-79 years,977,Atopic dermatitis,1,Number,2021,61366.106619561,102026.192065493,31731.9172904548,I_include,Global,131884404.580217,135613447.4,128518633.372437,1.59758,1.6
2,DALYs (Disability-Adjusted Life Years),1,Global,3,Both,30,80-84 years,977,Atopic dermatitis,1,Number,2021,43959.3452755526,74767.470792039,23102.1072736966,I_include,Global,87583056.918491,89948887.7796038,85481848.25,1.09729,1.1
2,DALYs (Disability-Adjusted Life Years),1,Global,3,Both,31,85-89 years,977,Atopic dermatitis,1,Number,2021,22999.7302663966,39429.5198407255,12253.7074451446,I_include,Global,45721791.0517717,46852862.726504,44709230.7009568,0.604519,0.6
2,DALYs (Disability-Adjusted Life Years),1,Global,3,Both,32,90-94 years,977,Atopic dermatitis,1,Number,2021,8350.33460557695,13952.3506671486,4478.8550947135,I_include,Global,17889373.591415,18289317.0157285,17518670.986049,0.246663,0.25
2,DALYs (Disability-Adjusted Life Years),1,Global,3,Both,235,95+ years,977,Atopic dermatitis,1,Number,2021,2239.19339015935,3703.85220385251,1177.25437688861,I_include,Global,5450308.67493343,5569992.58267677,5337366.13587716,0.0785092,0.08
